datetime,temperature_c,pressure_hpa,humidity_pct,fault,affected_sensors,anomaly_confidence,root_cause_confidence,severity,severity_score,priority,qc_action,top_feature,top_feature_pct,explanation
2026-09-01T07:44:40,24.5,971.4,88.6,NO_FAULT,,0.134,0.0,INFO,0.0,5,ACCEPT,humidity_pct,75.0,"At 01 Sep 2026, 07:44:40 the station is operating normally. All detectors agree that this sample is consistent with healthy operation."
2026-09-01T07:44:45,24.5,971.4,88.5,NO_FAULT,,0.138,0.0,INFO,0.0,5,ACCEPT,humidity_pct,75.8,"At 01 Sep 2026, 07:44:45 the station is operating normally. All detectors agree that this sample is consistent with healthy operation."
2026-09-01T07:44:50,24.5,971.4,88.6,NO_FAULT,,0.137,0.0,INFO,0.0,5,ACCEPT,humidity_pct,75.0,"At 01 Sep 2026, 07:44:50 the station is operating normally. All detectors agree that this sample is consistent with healthy operation."
2026-09-01T07:44:55,24.5,971.4,88.6,NO_FAULT,,0.134,0.0,INFO,0.0,5,ACCEPT,humidity_pct,75.0,"At 01 Sep 2026, 07:44:55 the station is operating normally. All detectors agree that this sample is consistent with healthy operation."
2026-09-01T07:45:00,24.5,971.4,88.5,NO_FAULT,,0.138,0.0,INFO,0.0,5,ACCEPT,humidity_pct,75.8,"At 01 Sep 2026, 07:45:00 the station is operating normally. All detectors agree that this sample is consistent with healthy operation."
2026-09-01T07:45:05,24.5,971.4,88.5,NO_FAULT,,0.135,0.0,INFO,0.0,5,ACCEPT,humidity_pct,75.8,"At 01 Sep 2026, 07:45:05 the station is operating normally. All detectors agree that this sample is consistent with healthy operation."
2026-09-01T07:45:10,24.5,971.4,88.5,NO_FAULT,,0.135,0.0,INFO,0.0,5,ACCEPT,humidity_pct,75.8,"At 01 Sep 2026, 07:45:10 the station is operating normally. All detectors agree that this sample is consistent with healthy operation."
2026-09-01T07:45:15,24.5,971.4,88.4,NO_FAULT,,0.139,0.0,INFO,0.0,5,ACCEPT,humidity_pct,76.6,"At 01 Sep 2026, 07:45:15 the station is operating normally. All detectors agree that this sample is consistent with healthy operation."
2026-09-01T07:45:20,24.5,971.4,88.4,NO_FAULT,,0.136,0.0,INFO,0.0,5,ACCEPT,humidity_pct,76.6,"At 01 Sep 2026, 07:45:20 the station is operating normally. All detectors agree that this sample is consistent with healthy operation."
2026-09-01T07:45:25,24.5,971.4,88.4,NO_FAULT,,0.136,0.0,INFO,0.0,5,ACCEPT,humidity_pct,76.6,"At 01 Sep 2026, 07:45:25 the station is operating normally. All detectors agree that this sample is consistent with healthy operation."
2026-09-01T07:45:30,24.40806667766998,971.4,88.5,NO_FAULT,,0.139,0.0,INFO,0.0,5,ACCEPT,humidity_pct,74.9,"At 01 Sep 2026, 07:45:30 the station is operating normally. All detectors agree that this sample is consistent with healthy operation."
2026-09-01T07:45:35,23.985365095508524,971.4,88.5,NO_FAULT,,0.174,0.0,INFO,0.0,5,ACCEPT,humidity_pct,75.6,"At 01 Sep 2026, 07:45:35 the station is operating normally. All detectors agree that this sample is consistent with healthy operation."
2026-09-01T07:45:40,24.3671156961064,971.4,88.6,NO_FAULT,,0.162,0.0,INFO,0.0,5,ACCEPT,humidity_pct,74.0,"At 01 Sep 2026, 07:45:40 the station is operating normally. All detectors agree that this sample is consistent with healthy operation."
2026-09-01T07:45:45,25.013403575691243,971.5,88.7,NO_FAULT,,0.236,0.0,INFO,0.0,5,ACCEPT,temperature_c,72.5,"At 01 Sep 2026, 07:45:45 the station is operating normally. All detectors agree that this sample is consistent with healthy operation."
2026-09-01T07:45:50,24.113482650154168,971.4,88.8,SPIKE,temperature_c,0.387,0.67,INFO,18.2,5,REJECT_SAMPLE,humidity_pct,75.7,"At 01 Sep 2026, 07:45:50 the system diagnosed a sensor spike / noise burst affecting Temperature. A single sample jumped far beyond anything this channel does naturally and then returned. That is the signature of an electrical impulse or a loose connection, not a real change in the weather. The clearest indicator: Temperature jumped 0.90 degC in one sampling interval - 4.5x the largest movement ever seen on this channel in healthy data. Temperature carries 1% of the statistical attribution, reading 24.11 degC (1.5 sigma above its normal level). Note that the joint-distance attribution is led by Relative humidity instead, because SHAP scores the level of each channel while this fault is defined by rate of change. 0 of 3 independent detectors flagged this sample. Inspect cabling, connectors and grounding at the sensor head."
2026-09-01T07:45:55,23.758327731299108,971.4,88.8,NO_FAULT,,0.166,0.0,INFO,0.0,5,ACCEPT,humidity_pct,66.8,"At 01 Sep 2026, 07:45:55 the station is operating normally. All detectors agree that this sample is consistent with healthy operation."
2026-09-01T07:46:00,24.08240714348728,971.4,88.9,NO_FAULT,,0.158,0.0,INFO,0.0,5,ACCEPT,humidity_pct,75.9,"At 01 Sep 2026, 07:46:00 the station is operating normally. All detectors agree that this sample is consistent with healthy operation."
2026-09-01T07:46:05,24.10014493131709,971.5,89.0,NO_FAULT,,0.148,0.0,INFO,0.0,5,ACCEPT,humidity_pct,75.3,"At 01 Sep 2026, 07:46:05 the station is operating normally. All detectors agree that this sample is consistent with healthy operation."
2026-09-01T07:46:10,24.735222961859115,971.5,89.0,NO_FAULT,,0.207,0.0,INFO,0.0,5,ACCEPT,temperature_c,54.2,"At 01 Sep 2026, 07:46:10 the station is operating normally. All detectors agree that this sample is consistent with healthy operation."
2026-09-01T07:46:15,24.482853017294396,971.5,89.1,NO_FAULT,,0.158,0.0,INFO,0.0,5,ACCEPT,humidity_pct,78.4,"At 01 Sep 2026, 07:46:15 the station is operating normally. All detectors agree that this sample is consistent with healthy operation."
2026-09-01T07:46:20,24.81243092296759,971.5,89.0,NO_FAULT,,0.189,0.0,INFO,0.0,5,ACCEPT,temperature_c,62.5,"At 01 Sep 2026, 07:46:20 the station is operating normally. All detectors agree that this sample is consistent with healthy operation."
2026-09-01T07:46:25,24.63870522222243,971.5,89.1,NO_FAULT,,0.161,0.0,INFO,0.0,5,ACCEPT,humidity_pct,48.9,"At 01 Sep 2026, 07:46:25 the station is operating normally. All detectors agree that this sample is consistent with healthy operation."
2026-09-01T07:46:30,24.5,971.5,89.0,NO_FAULT,,0.151,0.0,INFO,0.0,5,ACCEPT,humidity_pct,77.6,"At 01 Sep 2026, 07:46:30 the station is operating normally. All detectors agree that this sample is consistent with healthy operation."
2026-09-01T07:46:35,24.4,971.5,89.0,NO_FAULT,,0.145,0.0,INFO,0.0,5,ACCEPT,humidity_pct,78.9,"At 01 Sep 2026, 07:46:35 the station is operating normally. All detectors agree that this sample is consistent with healthy operation."
2026-09-01T07:46:40,24.5,971.4,89.0,NO_FAULT,,0.137,0.0,INFO,0.0,5,ACCEPT,humidity_pct,71.4,"At 01 Sep 2026, 07:46:40 the station is operating normally. All detectors agree that this sample is consistent with healthy operation."
2026-09-01T07:46:45,4.814407867585544,971.4,88.8,SPIKE,temperature_c,1.0,0.811,LOW,31.2,4,REJECT_SAMPLE,temperature_c,95.0,"At 01 Sep 2026, 07:46:45 the system diagnosed a sensor spike / noise burst affecting Temperature. A single sample jumped far beyond anything this channel does naturally and then returned. That is the signature of an electrical impulse or a loose connection, not a real change in the weather. The clearest indicator: Temperature jumped 19.69 degC in one sampling interval - 98.4x the largest movement ever seen on this channel in healthy data. Temperature carries 95% of the statistical attribution, reading 4.81 degC (54.9 sigma below its normal level). 3 of 3 independent detectors flagged this sample. Inspect cabling, connectors and grounding at the sensor head."
2026-09-01T07:46:50,4.814407867585544,971.4,88.8,MULTIVARIATE_ANOMALY,temperature_c,0.907,0.933,HIGH,60.7,2,HOLD_FOR_REVIEW,temperature_c,95.0,"At 01 Sep 2026, 07:46:50 the system diagnosed a single-channel outlier affecting Temperature. The joint sensor reading is far outside the station's normal operating cloud, and the displacement is dominated by one channel rather than by the relationship between them. Treat this as a single-channel failure. The clearest indicator: The joint (temperature, pressure, humidity) reading sits 113.3 sigma from the station's healthy operating cloud. Temperature carries 95% of the statistical attribution, reading 4.81 degC (54.9 sigma below its normal level). 3 of 3 independent detectors flagged this sample. Verify channel wiring and the datalogger channel map."
2026-09-01T07:46:55,4.814407867585544,971.4,88.7,DRIFT,temperature_c,0.891,0.854,MODERATE,50.5,3,FLAG_SUSPECT,temperature_c,94.9,"At 01 Sep 2026, 07:46:55 the system diagnosed a calibration drift affecting Temperature. The channel is slowly and consistently moving away from its calibrated baseline. Readings still look plausible, which is what makes drift dangerous - it quietly biases every observation until the sensor is recalibrated. The clearest indicator: Temperature has averaged 21.46 degC over the last 20 samples, 6.4 sigma away from its calibrated baseline of 23.60 degC. Temperature carries 95% of the statistical attribution, reading 4.81 degC (54.9 sigma below its normal level). 3 of 3 independent detectors flagged this sample. Schedule a calibration check against a reference instrument."
2026-09-01T07:47:00,4.814407867585544,971.4,88.7,DRIFT,temperature_c,0.908,0.877,MODERATE,55.7,3,FLAG_SUSPECT,temperature_c,94.9,"At 01 Sep 2026, 07:47:00 the system diagnosed a calibration drift affecting Temperature. The channel is slowly and consistently moving away from its calibrated baseline. Readings still look plausible, which is what makes drift dangerous - it quietly biases every observation until the sensor is recalibrated. The clearest indicator: Temperature has averaged 20.47 degC over the last 20 samples, 9.3 sigma away from its calibrated baseline of 23.60 degC. Temperature carries 95% of the statistical attribution, reading 4.81 degC (54.9 sigma below its normal level). 3 of 3 independent detectors flagged this sample. Schedule a calibration check against a reference instrument."
2026-09-01T07:47:05,4.814407867585544,971.4,88.7,DRIFT,temperature_c,0.908,0.877,HIGH,60.9,2,FLAG_SUSPECT,temperature_c,94.9,"At 01 Sep 2026, 07:47:05 the system diagnosed a calibration drift affecting Temperature. The channel is slowly and consistently moving away from its calibrated baseline. Readings still look plausible, which is what makes drift dangerous - it quietly biases every observation until the sensor is recalibrated. The clearest indicator: Temperature has averaged 19.48 degC over the last 20 samples, 12.2 sigma away from its calibrated baseline of 23.60 degC. Temperature carries 95% of the statistical attribution, reading 4.81 degC (54.9 sigma below its normal level). 3 of 3 independent detectors flagged this sample. Schedule a calibration check against a reference instrument."
2026-09-01T07:47:10,4.814407867585544,971.4,88.7,DRIFT,temperature_c,0.908,0.877,HIGH,69.5,2,FLAG_SUSPECT,temperature_c,94.9,"At 01 Sep 2026, 07:47:10 the system diagnosed a calibration drift affecting Temperature. The channel is slowly and consistently moving away from its calibrated baseline. Readings still look plausible, which is what makes drift dangerous - it quietly biases every observation until the sensor is recalibrated. The clearest indicator: Temperature has averaged 18.50 degC over the last 20 samples, 15.1 sigma away from its calibrated baseline of 23.60 degC. Temperature carries 95% of the statistical attribution, reading 4.81 degC (54.9 sigma below its normal level). 3 of 3 independent detectors flagged this sample. Schedule a calibration check against a reference instrument."
2026-09-01T07:47:15,4.814407867585544,971.4,88.7,DRIFT,temperature_c,0.908,0.877,HIGH,71.5,2,FLAG_SUSPECT,temperature_c,94.9,"At 01 Sep 2026, 07:47:15 the system diagnosed a calibration drift affecting Temperature. The channel is slowly and consistently moving away from its calibrated baseline. Readings still look plausible, which is what makes drift dangerous - it quietly biases every observation until the sensor is recalibrated. The clearest indicator: Temperature has averaged 17.55 degC over the last 20 samples, 18.0 sigma away from its calibrated baseline of 23.60 degC. Temperature carries 95% of the statistical attribution, reading 4.81 degC (54.9 sigma below its normal level). 3 of 3 independent detectors flagged this sample. Schedule a calibration check against a reference instrument."
2026-09-01T07:47:20,4.814407867585544,971.4,88.8,DRIFT,temperature_c,0.911,0.877,HIGH,73.5,2,FLAG_SUSPECT,temperature_c,95.0,"At 01 Sep 2026, 07:47:20 the system diagnosed a calibration drift affecting Temperature. The channel is slowly and consistently moving away from its calibrated baseline. Readings still look plausible, which is what makes drift dangerous - it quietly biases every observation until the sensor is recalibrated. The clearest indicator: Temperature has averaged 16.57 degC over the last 20 samples, 20.9 sigma away from its calibrated baseline of 23.60 degC. Temperature carries 95% of the statistical attribution, reading 4.81 degC (54.9 sigma below its normal level). 3 of 3 independent detectors flagged this sample. Schedule a calibration check against a reference instrument."
2026-09-01T07:47:25,4.814407867585544,971.5,88.8,DRIFT,temperature_c,0.92,0.877,HIGH,73.5,2,FLAG_SUSPECT,temperature_c,95.0,"At 01 Sep 2026, 07:47:25 the system diagnosed a calibration drift affecting Temperature. The channel is slowly and consistently moving away from its calibrated baseline. Readings still look plausible, which is what makes drift dangerous - it quietly biases every observation until the sensor is recalibrated. The clearest indicator: Temperature has averaged 15.57 degC over the last 20 samples, 23.9 sigma away from its calibrated baseline of 23.60 degC. Temperature carries 95% of the statistical attribution, reading 4.81 degC (54.9 sigma below its normal level). 3 of 3 independent detectors flagged this sample. Schedule a calibration check against a reference instrument."
2026-09-01T07:47:30,24.4,971.4,88.8,SPIKE,temperature_c,0.793,0.933,LOW,31.2,4,REJECT_SAMPLE,humidity_pct,73.2,"At 01 Sep 2026, 07:47:30 the system diagnosed a sensor spike / noise burst affecting Temperature. A single sample jumped far beyond anything this channel does naturally and then returned. That is the signature of an electrical impulse or a loose connection, not a real change in the weather. The clearest indicator: Temperature jumped 19.59 degC in one sampling interval - 97.9x the largest movement ever seen on this channel in healthy data. Temperature carries 3% of the statistical attribution, reading 24.40 degC (2.3 sigma above its normal level). Note that the joint-distance attribution is led by Relative humidity instead, because SHAP scores the level of each channel while this fault is defined by rate of change. 1 of 3 independent detectors flagged this sample. Inspect cabling, connectors and grounding at the sensor head."
2026-09-01T07:47:35,24.4,971.4,88.9,NO_FAULT,,0.13,0.0,INFO,0.0,5,ACCEPT,humidity_pct,72.6,"At 01 Sep 2026, 07:47:35 the station is operating normally. All detectors agree that this sample is consistent with healthy operation."
2026-09-01T07:47:40,24.4,971.4,88.8,NO_FAULT,,0.131,0.0,INFO,0.0,5,ACCEPT,humidity_pct,73.2,"At 01 Sep 2026, 07:47:40 the station is operating normally. All detectors agree that this sample is consistent with healthy operation."
2026-09-01T07:47:45,5.3060152104782645,971.5,88.9,SPIKE,temperature_c,1.0,0.811,LOW,37.2,4,REJECT_SAMPLE,temperature_c,95.0,"At 01 Sep 2026, 07:47:45 the system diagnosed a sensor spike / noise burst affecting Temperature. A single sample jumped far beyond anything this channel does naturally and then returned. That is the signature of an electrical impulse or a loose connection, not a real change in the weather. The clearest indicator: Temperature jumped 19.09 degC in one sampling interval - 95.5x the largest movement ever seen on this channel in healthy data. Temperature carries 95% of the statistical attribution, reading 5.31 degC (53.5 sigma below its normal level). 3 of 3 independent detectors flagged this sample. Inspect cabling, connectors and grounding at the sensor head."
2026-09-01T07:47:50,24.4,971.4,88.8,NO_FAULT,,0.293,0.0,INFO,0.0,5,ACCEPT,humidity_pct,73.2,"At 01 Sep 2026, 07:47:50 the station is operating normally. All detectors agree that this sample is consistent with healthy operation."
2026-09-01T07:47:55,24.4,971.4,88.9,NO_FAULT,,0.13,0.0,INFO,0.0,5,ACCEPT,humidity_pct,72.6,"At 01 Sep 2026, 07:47:55 the station is operating normally. All detectors agree that this sample is consistent with healthy operation."
2026-09-01T07:48:00,24.4,971.4,89.0,NO_FAULT,,0.128,0.0,INFO,0.0,5,ACCEPT,humidity_pct,72.0,"At 01 Sep 2026, 07:48:00 the station is operating normally. All detectors agree that this sample is consistent with healthy operation."
2026-09-01T07:48:05,24.4,971.5,88.9,NO_FAULT,,0.146,0.0,INFO,0.0,5,ACCEPT,humidity_pct,78.7,"At 01 Sep 2026, 07:48:05 the station is operating normally. All detectors agree that this sample is consistent with healthy operation."
2026-09-01T07:48:10,24.4,971.4,88.9,NO_FAULT,,0.135,0.0,INFO,0.0,5,ACCEPT,humidity_pct,72.6,"At 01 Sep 2026, 07:48:10 the station is operating normally. All detectors agree that this sample is consistent with healthy operation."
2026-09-01T07:48:15,24.4,971.4,88.9,NO_FAULT,,0.126,0.0,INFO,0.0,5,ACCEPT,humidity_pct,72.6,"At 01 Sep 2026, 07:48:15 the station is operating normally. All detectors agree that this sample is consistent with healthy operation."
2026-09-01T07:48:20,24.4,971.4,88.9,NO_FAULT,,0.126,0.0,INFO,0.0,5,ACCEPT,humidity_pct,72.6,"At 01 Sep 2026, 07:48:20 the station is operating normally. All detectors agree that this sample is consistent with healthy operation."
2026-09-01T07:48:25,24.4,971.4,88.9,NO_FAULT,,0.126,0.0,INFO,0.0,5,ACCEPT,humidity_pct,72.6,"At 01 Sep 2026, 07:48:25 the station is operating normally. All detectors agree that this sample is consistent with healthy operation."
2026-09-01T07:48:30,24.4,971.4,88.9,NO_FAULT,,0.126,0.0,INFO,0.0,5,ACCEPT,humidity_pct,72.6,"At 01 Sep 2026, 07:48:30 the station is operating normally. All detectors agree that this sample is consistent with healthy operation."
2026-09-01T07:48:35,24.4,971.4,106.26911726373028,SPIKE,humidity_pct,0.849,0.812,LOW,35.7,4,REJECT_SAMPLE,humidity_pct,79.2,"At 01 Sep 2026, 07:48:35 the system diagnosed a sensor spike / noise burst affecting Relative humidity. A single sample jumped far beyond anything this channel does naturally and then returned. That is the signature of an electrical impulse or a loose connection, not a real change in the weather. The clearest indicator: Relative humidity jumped 17.37 %RH in one sampling interval - 86.8x the largest movement ever seen on this channel in healthy data. Relative humidity carries 79% of the statistical attribution, reading 106.27 %RH (5.4 sigma above its normal level). 2 of 3 independent detectors flagged this sample. Inspect cabling, connectors and grounding at the sensor head."
2026-09-01T07:48:40,24.4,971.4,88.8,NO_FAULT,,0.293,0.0,INFO,0.0,5,ACCEPT,humidity_pct,73.2,"At 01 Sep 2026, 07:48:40 the station is operating normally. All detectors agree that this sample is consistent with healthy operation."
2026-09-01T07:48:45,24.4,971.4,88.8,NO_FAULT,,0.128,0.0,INFO,0.0,5,ACCEPT,humidity_pct,73.2,"At 01 Sep 2026, 07:48:45 the station is operating normally. All detectors agree that this sample is consistent with healthy operation."
2026-09-01T07:48:50,24.4,971.4,88.8,NO_FAULT,,0.128,0.0,INFO,0.0,5,ACCEPT,humidity_pct,73.2,"At 01 Sep 2026, 07:48:50 the station is operating normally. All detectors agree that this sample is consistent with healthy operation."
2026-09-01T07:48:55,9.32353876304573,971.4,88.9,SPIKE,temperature_c,0.992,0.783,LOW,39.2,4,REJECT_SAMPLE,temperature_c,93.6,"At 01 Sep 2026, 07:48:55 the system diagnosed a sensor spike / noise burst affecting Temperature. A single sample jumped far beyond anything this channel does naturally and then returned. That is the signature of an electrical impulse or a loose connection, not a real change in the weather. The clearest indicator: Temperature jumped 15.08 degC in one sampling interval - 75.4x the largest movement ever seen on this channel in healthy data. Temperature carries 94% of the statistical attribution, reading 9.32 degC (41.7 sigma below its normal level). 3 of 3 independent detectors flagged this sample. Inspect cabling, connectors and grounding at the sensor head."
2026-09-01T07:49:00,24.4,971.4,88.9,NO_FAULT,,0.291,0.0,INFO,0.0,5,ACCEPT,humidity_pct,72.6,"At 01 Sep 2026, 07:49:00 the station is operating normally. All detectors agree that this sample is consistent with healthy operation."
2026-09-01T07:49:05,24.4,971.4,89.0,NO_FAULT,,0.128,0.0,INFO,0.0,5,ACCEPT,humidity_pct,72.0,"At 01 Sep 2026, 07:49:05 the station is operating normally. All detectors agree that this sample is consistent with healthy operation."
2026-09-01T07:49:10,24.4,971.4,89.0,NO_FAULT,,0.125,0.0,INFO,0.0,5,ACCEPT,humidity_pct,72.0,"At 01 Sep 2026, 07:49:10 the station is operating normally. All detectors agree that this sample is consistent with healthy operation."
2026-09-01T07:49:15,24.4,971.4,89.0,NO_FAULT,,0.125,0.0,INFO,0.0,5,ACCEPT,humidity_pct,72.0,"At 01 Sep 2026, 07:49:15 the station is operating normally. All detectors agree that this sample is consistent with healthy operation."
2026-09-01T07:49:20,13.431094994090502,971.4,89.0,SPIKE,temperature_c,1.0,0.847,LOW,39.2,4,REJECT_SAMPLE,temperature_c,91.4,"At 01 Sep 2026, 07:49:20 the system diagnosed a sensor spike / noise burst affecting Temperature. A single sample jumped far beyond anything this channel does naturally and then returned. That is the signature of an electrical impulse or a loose connection, not a real change in the weather. The clearest indicator: Temperature jumped 10.97 degC in one sampling interval - 54.8x the largest movement ever seen on this channel in healthy data. Temperature carries 91% of the statistical attribution, reading 13.43 degC (29.7 sigma below its normal level). 3 of 3 independent detectors flagged this sample. Inspect cabling, connectors and grounding at the sensor head."
2026-09-01T07:49:25,24.4,971.4,89.1,NO_FAULT,,0.289,0.0,INFO,0.0,5,ACCEPT,humidity_pct,71.4,"At 01 Sep 2026, 07:49:25 the station is operating normally. All detectors agree that this sample is consistent with healthy operation."
2026-09-01T07:49:30,24.4,971.4,89.2,NO_FAULT,,0.127,0.0,INFO,0.0,5,ACCEPT,humidity_pct,70.8,"At 01 Sep 2026, 07:49:30 the station is operating normally. All detectors agree that this sample is consistent with healthy operation."
2026-09-01T07:49:35,24.4,971.4,89.3,NO_FAULT,,0.126,0.0,INFO,0.0,5,ACCEPT,humidity_pct,70.3,"At 01 Sep 2026, 07:49:35 the station is operating normally. All detectors agree that this sample is consistent with healthy operation."
2026-09-01T07:49:40,24.5,971.4,89.5,NO_FAULT,,0.134,0.0,INFO,0.0,5,ACCEPT,humidity_pct,65.3,"At 01 Sep 2026, 07:49:40 the station is operating normally. All detectors agree that this sample is consistent with healthy operation."
2026-09-01T07:49:45,24.5,971.4,89.9,NO_FAULT,,0.133,0.0,INFO,0.0,5,ACCEPT,humidity_pct,58.6,"At 01 Sep 2026, 07:49:45 the station is operating normally. All detectors agree that this sample is consistent with healthy operation."
2026-09-01T07:49:50,24.5,971.4,90.1,NO_FAULT,,0.125,0.0,INFO,0.0,5,ACCEPT,humidity_pct,54.1,"At 01 Sep 2026, 07:49:50 the station is operating normally. All detectors agree that this sample is consistent with healthy operation."
2026-09-01T07:49:55,24.5,971.4,90.2,NO_FAULT,,0.12,0.0,INFO,0.0,5,ACCEPT,humidity_pct,51.5,"At 01 Sep 2026, 07:49:55 the station is operating normally. All detectors agree that this sample is consistent with healthy operation."
2026-09-01T07:50:00,24.5,971.4,90.2,NO_FAULT,,0.117,0.0,INFO,0.0,5,ACCEPT,humidity_pct,51.5,"At 01 Sep 2026, 07:50:00 the station is operating normally. All detectors agree that this sample is consistent with healthy operation."
2026-09-01T07:50:05,24.5,971.276928347242,90.2,NO_FAULT,,0.121,0.0,INFO,0.0,5,ACCEPT,humidity_pct,52.2,"At 01 Sep 2026, 07:50:05 the station is operating normally. All detectors agree that this sample is consistent with healthy operation."
2026-09-01T07:50:10,24.6,971.153856694484,89.8,NO_FAULT,,0.129,0.0,INFO,0.0,5,ACCEPT,humidity_pct,56.1,"At 01 Sep 2026, 07:50:10 the station is operating normally. All detectors agree that this sample is consistent with healthy operation."
2026-09-01T07:50:15,24.6,971.030785041726,89.5,NO_FAULT,,0.13,0.0,INFO,0.0,5,ACCEPT,humidity_pct,68.9,"At 01 Sep 2026, 07:50:15 the station is operating normally. All detectors agree that this sample is consistent with healthy operation."
2026-09-01T07:50:20,24.6,970.907713388968,89.5,NO_FAULT,,0.142,0.0,INFO,0.0,5,ACCEPT,humidity_pct,81.6,"At 01 Sep 2026, 07:50:20 the station is operating normally. All detectors agree that this sample is consistent with healthy operation."
2026-09-01T07:50:25,24.6,970.78464173621,89.4,NO_FAULT,,0.154,0.0,INFO,0.0,5,ACCEPT,humidity_pct,95.4,"At 01 Sep 2026, 07:50:25 the station is operating normally. All detectors agree that this sample is consistent with healthy operation."
2026-09-01T07:50:30,24.6,970.661570083452,89.2,NO_FAULT,,0.173,0.0,INFO,0.0,5,ACCEPT,humidity_pct,81.8,"At 01 Sep 2026, 07:50:30 the station is operating normally. All detectors agree that this sample is consistent with healthy operation."
2026-09-01T07:50:35,24.6,970.538498430694,89.1,NO_FAULT,,0.197,0.0,INFO,0.0,5,ACCEPT,humidity_pct,70.8,"At 01 Sep 2026, 07:50:35 the station is operating normally. All detectors agree that this sample is consistent with healthy operation."
2026-09-01T07:50:40,24.6,970.415426777936,89.2,NO_FAULT,,0.219,0.0,INFO,0.0,5,ACCEPT,humidity_pct,61.6,"At 01 Sep 2026, 07:50:40 the station is operating normally. All detectors agree that this sample is consistent with healthy operation."
2026-09-01T07:50:45,24.6,970.292355125178,89.2,NO_FAULT,,0.228,0.0,INFO,0.0,5,ACCEPT,humidity_pct,54.9,"At 01 Sep 2026, 07:50:45 the station is operating normally. All detectors agree that this sample is consistent with healthy operation."
2026-09-01T07:50:50,24.7,970.16928347242,89.2,NO_FAULT,,0.24,0.0,INFO,0.0,5,ACCEPT,humidity_pct,48.6,"At 01 Sep 2026, 07:50:50 the station is operating normally. All detectors agree that this sample is consistent with healthy operation."
2026-09-01T07:50:55,24.7,970.0462118196622,89.3,NO_FAULT,,0.246,0.0,INFO,0.0,5,ACCEPT,pressure_hpa,50.5,"At 01 Sep 2026, 07:50:55 the station is operating normally. All detectors agree that this sample is consistent with healthy operation."
2026-09-01T07:51:00,24.7,969.9231401669042,89.2,NO_FAULT,,0.252,0.0,INFO,0.0,5,ACCEPT,pressure_hpa,53.8,"At 01 Sep 2026, 07:51:00 the station is operating normally. All detectors agree that this sample is consistent with healthy operation."
2026-09-01T07:51:05,24.7,969.8000685141462,89.0,NO_FAULT,,0.258,0.0,INFO,0.0,5,ACCEPT,pressure_hpa,55.9,"At 01 Sep 2026, 07:51:05 the station is operating normally. All detectors agree that this sample is consistent with healthy operation."
2026-09-01T07:51:10,24.7,969.6769968613884,88.7,NO_FAULT,,0.325,0.0,INFO,0.0,5,ACCEPT,pressure_hpa,57.2,"At 01 Sep 2026, 07:51:10 the station is operating normally. All detectors agree that this sample is consistent with healthy operation."
2026-09-01T07:51:15,24.7,969.5539252086304,88.6,NO_FAULT,,0.331,0.0,INFO,0.0,5,ACCEPT,pressure_hpa,59.4,"At 01 Sep 2026, 07:51:15 the station is operating normally. All detectors agree that this sample is consistent with healthy operation."
2026-09-01T07:51:20,24.7,969.4308535558724,88.5,NO_FAULT,,0.337,0.0,INFO,0.0,5,ACCEPT,pressure_hpa,61.3,"At 01 Sep 2026, 07:51:20 the station is operating normally. All detectors agree that this sample is consistent with healthy operation."
2026-09-01T07:51:25,24.7,969.3077819031143,88.4,NO_FAULT,,0.343,0.0,INFO,0.0,5,ACCEPT,pressure_hpa,63.0,"At 01 Sep 2026, 07:51:25 the station is operating normally. All detectors agree that this sample is consistent with healthy operation."
2026-09-01T07:51:30,24.7,969.1847102503564,88.4,MULTIVARIATE_ANOMALY,pressure_hpa,0.676,0.777,MODERATE,44.6,3,HOLD_FOR_REVIEW,pressure_hpa,64.9,"At 01 Sep 2026, 07:51:30 the system diagnosed a single-channel outlier affecting Barometric pressure. The joint sensor reading is far outside the station's normal operating cloud, and the displacement is dominated by one channel rather than by the relationship between them. Treat this as a single-channel failure. The clearest indicator: The joint (temperature, pressure, humidity) reading sits 15.0 sigma from the station's healthy operating cloud. Barometric pressure carries 65% of the statistical attribution, reading 969.18 hPa (6.5 sigma below its normal level). 2 of 3 independent detectors flagged this sample. Verify channel wiring and the datalogger channel map."
2026-09-01T07:51:35,24.7,969.0616385975984,88.3,MULTIVARIATE_ANOMALY,pressure_hpa,0.698,0.792,MODERATE,44.9,3,HOLD_FOR_REVIEW,pressure_hpa,66.3,"At 01 Sep 2026, 07:51:35 the system diagnosed a single-channel outlier affecting Barometric pressure. The joint sensor reading is far outside the station's normal operating cloud, and the displacement is dominated by one channel rather than by the relationship between them. Treat this as a single-channel failure. The clearest indicator: The joint (temperature, pressure, humidity) reading sits 15.9 sigma from the station's healthy operating cloud. Barometric pressure carries 66% of the statistical attribution, reading 969.06 hPa (6.9 sigma below its normal level). 2 of 3 independent detectors flagged this sample. Verify channel wiring and the datalogger channel map."
2026-09-01T07:51:40,24.7,968.9385669448404,88.3,MULTIVARIATE_ANOMALY,pressure_hpa,0.708,0.801,MODERATE,45.1,3,HOLD_FOR_REVIEW,pressure_hpa,67.9,"At 01 Sep 2026, 07:51:40 the system diagnosed a single-channel outlier affecting Barometric pressure. The joint sensor reading is far outside the station's normal operating cloud, and the displacement is dominated by one channel rather than by the relationship between them. Treat this as a single-channel failure. The clearest indicator: The joint (temperature, pressure, humidity) reading sits 16.7 sigma from the station's healthy operating cloud. Barometric pressure carries 68% of the statistical attribution, reading 968.94 hPa (7.3 sigma below its normal level). 2 of 3 independent detectors flagged this sample. Verify channel wiring and the datalogger channel map."
2026-09-01T07:51:45,24.7,968.8154952920823,88.3,DRIFT,pressure_hpa,0.734,0.707,MODERATE,49.9,3,FLAG_SUSPECT,pressure_hpa,69.4,"At 01 Sep 2026, 07:51:45 the system diagnosed a calibration drift affecting Barometric pressure. The channel is slowly and consistently moving away from its calibrated baseline. Readings still look plausible, which is what makes drift dangerous - it quietly biases every observation until the sensor is recalibrated. The clearest indicator: The movement is consistently downward (95% of the travel is net displacement, about -87.35 hPa/hour), which separates calibration drift from random fluctuation. Barometric pressure carries 69% of the statistical attribution, reading 968.82 hPa (7.7 sigma below its normal level). 2 of 3 independent detectors flagged this sample. Schedule a calibration check against a reference instrument."
2026-09-01T07:51:50,24.7,968.6924236393244,88.4,DRIFT,pressure_hpa,0.75,0.723,MODERATE,50.7,3,FLAG_SUSPECT,pressure_hpa,71.2,"At 01 Sep 2026, 07:51:50 the system diagnosed a calibration drift affecting Barometric pressure. The channel is slowly and consistently moving away from its calibrated baseline. Readings still look plausible, which is what makes drift dangerous - it quietly biases every observation until the sensor is recalibrated. The clearest indicator: The movement is consistently downward (95% of the travel is net displacement, about -87.35 hPa/hour), which separates calibration drift from random fluctuation. Barometric pressure carries 71% of the statistical attribution, reading 968.69 hPa (8.1 sigma below its normal level). 2 of 3 independent detectors flagged this sample. Schedule a calibration check against a reference instrument."
2026-09-01T07:51:55,24.7,968.6693519865664,88.5,DRIFT,pressure_hpa,0.759,0.741,MODERATE,51.5,3,FLAG_SUSPECT,pressure_hpa,71.8,"At 01 Sep 2026, 07:51:55 the system diagnosed a calibration drift affecting Barometric pressure. The channel is slowly and consistently moving away from its calibrated baseline. Readings still look plausible, which is what makes drift dangerous - it quietly biases every observation until the sensor is recalibrated. The clearest indicator: The movement is consistently downward (97% of the travel is net displacement, about -86.83 hPa/hour), which separates calibration drift from random fluctuation. Barometric pressure carries 72% of the statistical attribution, reading 968.67 hPa (8.2 sigma below its normal level). 2 of 3 independent detectors flagged this sample. Schedule a calibration check against a reference instrument."
2026-09-01T07:52:00,24.7,968.5462803338085,88.6,DRIFT,pressure_hpa,0.781,0.755,MODERATE,58.2,3,FLAG_SUSPECT,pressure_hpa,73.4,"At 01 Sep 2026, 07:52:00 the system diagnosed a calibration drift affecting Barometric pressure. The channel is slowly and consistently moving away from its calibrated baseline. Readings still look plausible, which is what makes drift dangerous - it quietly biases every observation until the sensor is recalibrated. The clearest indicator: The movement is consistently downward (95% of the travel is net displacement, about -85.40 hPa/hour), which separates calibration drift from random fluctuation. Barometric pressure carries 73% of the statistical attribution, reading 968.55 hPa (8.6 sigma below its normal level). 2 of 3 independent detectors flagged this sample. Schedule a calibration check against a reference instrument."
2026-09-01T07:52:05,24.7,968.4232086810504,88.6,DRIFT,pressure_hpa,0.796,0.77,HIGH,61.0,2,FLAG_SUSPECT,pressure_hpa,74.5,"At 01 Sep 2026, 07:52:05 the system diagnosed a calibration drift affecting Barometric pressure. The channel is slowly and consistently moving away from its calibrated baseline. Readings still look plausible, which is what makes drift dangerous - it quietly biases every observation until the sensor is recalibrated. The clearest indicator: The movement is consistently downward (95% of the travel is net displacement, about -84.58 hPa/hour), which separates calibration drift from random fluctuation. Barometric pressure carries 75% of the statistical attribution, reading 968.42 hPa (9.0 sigma below its normal level). 2 of 3 independent detectors flagged this sample. Schedule a calibration check against a reference instrument."
2026-09-01T07:52:10,24.7,968.3001370282924,88.6,DRIFT,pressure_hpa,0.811,0.785,HIGH,63.8,2,FLAG_SUSPECT,pressure_hpa,75.5,"At 01 Sep 2026, 07:52:10 the system diagnosed a calibration drift affecting Barometric pressure. The channel is slowly and consistently moving away from its calibrated baseline. Readings still look plausible, which is what makes drift dangerous - it quietly biases every observation until the sensor is recalibrated. The clearest indicator: The movement is consistently downward (95% of the travel is net displacement, about -83.88 hPa/hour), which separates calibration drift from random fluctuation. Barometric pressure carries 76% of the statistical attribution, reading 968.30 hPa (9.4 sigma below its normal level). 2 of 3 independent detectors flagged this sample. Schedule a calibration check against a reference instrument."
2026-09-01T07:52:15,24.7,968.0770653755344,88.7,DRIFT,pressure_hpa,0.834,0.798,HIGH,64.6,2,FLAG_SUSPECT,pressure_hpa,77.6,"At 01 Sep 2026, 07:52:15 the system diagnosed a calibration drift affecting Barometric pressure. The channel is slowly and consistently moving away from its calibrated baseline. Readings still look plausible, which is what makes drift dangerous - it quietly biases every observation until the sensor is recalibrated. The clearest indicator: The movement is consistently downward (93% of the travel is net displacement, about -83.80 hPa/hour), which separates calibration drift from random fluctuation. Barometric pressure carries 78% of the statistical attribution, reading 968.08 hPa (10.2 sigma below its normal level). 2 of 3 independent detectors flagged this sample. Schedule a calibration check against a reference instrument."
2026-09-01T07:52:20,24.7,967.9539937227764,88.7,DRIFT,pressure_hpa,0.842,0.814,HIGH,65.4,2,FLAG_SUSPECT,pressure_hpa,78.4,"At 01 Sep 2026, 07:52:20 the system diagnosed a calibration drift affecting Barometric pressure. The channel is slowly and consistently moving away from its calibrated baseline. Readings still look plausible, which is what makes drift dangerous - it quietly biases every observation until the sensor is recalibrated. The clearest indicator: Barometric pressure has averaged 969.14 hPa over the last 20 samples, 6.6 sigma away from its calibrated baseline of 971.10 hPa. Barometric pressure carries 78% of the statistical attribution, reading 967.95 hPa (10.6 sigma below its normal level). 2 of 3 independent detectors flagged this sample. Schedule a calibration check against a reference instrument."
2026-09-01T07:52:25,24.8,967.9309220700186,88.7,DRIFT,pressure_hpa,0.861,0.831,HIGH,66.2,2,FLAG_SUSPECT,pressure_hpa,78.7,"At 01 Sep 2026, 07:52:25 the system diagnosed a calibration drift affecting Barometric pressure. The channel is slowly and consistently moving away from its calibrated baseline. Readings still look plausible, which is what makes drift dangerous - it quietly biases every observation until the sensor is recalibrated. The clearest indicator: Barometric pressure has averaged 969.02 hPa over the last 20 samples, 7.0 sigma away from its calibrated baseline of 971.10 hPa. Barometric pressure carries 79% of the statistical attribution, reading 967.93 hPa (10.7 sigma below its normal level). 2 of 3 independent detectors flagged this sample. Schedule a calibration check against a reference instrument."
2026-09-01T07:52:30,24.7,971.5,88.5,SPIKE,pressure_hpa,0.821,0.933,LOW,26.7,4,REJECT_SAMPLE,humidity_pct,62.1,"At 01 Sep 2026, 07:52:30 the system diagnosed a sensor spike / noise burst affecting Barometric pressure. A single sample jumped far beyond anything this channel does naturally and then returned. That is the signature of an electrical impulse or a loose connection, not a real change in the weather. The clearest indicator: Barometric pressure jumped 3.57 hPa in one sampling interval - 17.8x the largest movement ever seen on this channel in healthy data. Barometric pressure carries 0% of the statistical attribution, reading 971.50 hPa (1.3 sigma above its normal level). Note that the joint-distance attribution is led by Relative humidity instead, because SHAP scores the level of each channel while this fault is defined by rate of change. 1 of 3 independent detectors flagged this sample. Inspect cabling, connectors and grounding at the sensor head."
2026-09-01T07:52:35,24.8,971.5,88.4,NO_FAULT,,0.175,0.0,INFO,0.0,5,ACCEPT,temperature_c,49.9,"At 01 Sep 2026, 07:52:35 the station is operating normally. All detectors agree that this sample is consistent with healthy operation."
2026-09-01T07:52:40,24.8,971.5,88.2,NO_FAULT,,0.176,0.0,INFO,0.0,5,ACCEPT,humidity_pct,50.6,"At 01 Sep 2026, 07:52:40 the station is operating normally. All detectors agree that this sample is consistent with healthy operation."
2026-09-01T07:52:45,24.630240998196147,971.5,88.2,NO_FAULT,,0.17,0.0,INFO,0.0,5,ACCEPT,humidity_pct,73.5,"At 01 Sep 2026, 07:52:45 the station is operating normally. All detectors agree that this sample is consistent with healthy operation."
2026-09-01T07:52:50,23.657479440270453,971.4,88.2,SPIKE,temperature_c,0.535,0.69,INFO,18.4,5,REJECT_SAMPLE,humidity_pct,65.8,"At 01 Sep 2026, 07:52:50 the system diagnosed a sensor spike / noise burst affecting Temperature. A single sample jumped far beyond anything this channel does naturally and then returned. That is the signature of an electrical impulse or a loose connection, not a real change in the weather. The clearest indicator: Temperature jumped 0.97 degC in one sampling interval - 4.9x the largest movement ever seen on this channel in healthy data. Temperature carries 16% of the statistical attribution, reading 23.66 degC (0.2 sigma at its normal level). Note that the joint-distance attribution is led by Relative humidity instead, because SHAP scores the level of each channel while this fault is defined by rate of change. 1 of 3 independent detectors flagged this sample. Inspect cabling, connectors and grounding at the sensor head."
2026-09-01T07:52:55,23.95513690129348,971.5,88.2,NO_FAULT,,0.179,0.0,INFO,0.0,5,ACCEPT,humidity_pct,76.5,"At 01 Sep 2026, 07:52:55 the station is operating normally. All detectors agree that this sample is consistent with healthy operation."
2026-09-01T07:53:00,25.004095583484737,971.5,88.2,SPIKE,temperature_c,0.599,0.712,INFO,18.6,5,REJECT_SAMPLE,temperature_c,66.1,"At 01 Sep 2026, 07:53:00 the system diagnosed a sensor spike / noise burst affecting Temperature. A single sample jumped far beyond anything this channel does naturally and then returned. That is the signature of an electrical impulse or a loose connection, not a real change in the weather. The clearest indicator: Temperature jumped 1.05 degC in one sampling interval - 5.2x the largest movement ever seen on this channel in healthy data. Temperature carries 66% of the statistical attribution, reading 25.00 degC (4.1 sigma above its normal level). 1 of 3 independent detectors flagged this sample. Inspect cabling, connectors and grounding at the sensor head."
2026-09-01T07:53:05,23.45924635184098,971.5,88.2,NO_FAULT,,0.36,0.0,INFO,0.0,5,ACCEPT,humidity_pct,58.8,"At 01 Sep 2026, 07:53:05 the station is operating normally. All detectors agree that this sample is consistent with healthy operation."
2026-09-01T07:53:10,26.16891465389823,971.5,88.2,SPIKE,temperature_c,1.0,0.701,LOW,28.4,4,REJECT_SAMPLE,temperature_c,78.3,"At 01 Sep 2026, 07:53:10 the system diagnosed a sensor spike / noise burst affecting Temperature. A single sample jumped far beyond anything this channel does naturally and then returned. That is the signature of an electrical impulse or a loose connection, not a real change in the weather. The clearest indicator: Temperature jumped 2.71 degC in one sampling interval - 13.5x the largest movement ever seen on this channel in healthy data. Temperature carries 78% of the statistical attribution, reading 26.17 degC (7.5 sigma above its normal level). 3 of 3 independent detectors flagged this sample. The next most likely explanation was calibration drift (score 0.66 against 1.00), so this diagnosis is not clear-cut. Inspect cabling, connectors and grounding at the sensor head."
2026-09-01T07:53:15,25.792363986795973,971.4,88.1,DRIFT,pressure_hpa,0.696,0.868,HIGH,60.0,2,FLAG_SUSPECT,temperature_c,82.1,"At 01 Sep 2026, 07:53:15 the system diagnosed a calibration drift affecting Barometric pressure. The channel is slowly and consistently moving away from its calibrated baseline. Readings still look plausible, which is what makes drift dangerous - it quietly biases every observation until the sensor is recalibrated. The clearest indicator: The movement is consistently upward (53% of the travel is net displacement, about +155.54 hPa/hour), which separates calibration drift from random fluctuation. Barometric pressure carries 13% of the statistical attribution, reading 971.40 hPa (1.0 sigma above its normal level). Note that the joint-distance attribution is led by Temperature instead, because SHAP scores the level of each channel while this fault is defined by rate of change. 2 of 3 independent detectors flagged this sample. Schedule a calibration check against a reference instrument."
2026-09-01T07:53:20,25.542439772578597,971.5,88.1,NO_FAULT,,0.318,0.0,INFO,0.0,5,ACCEPT,temperature_c,74.7,"At 01 Sep 2026, 07:53:20 the station is operating normally. All detectors agree that this sample is consistent with healthy operation."
2026-09-01T07:53:25,24.53932947416805,971.5,87.9,SPIKE,temperature_c,0.552,0.699,LOW,26.5,4,REJECT_SAMPLE,humidity_pct,81.2,"At 01 Sep 2026, 07:53:25 the system diagnosed a sensor spike / noise burst affecting Temperature. A single sample jumped far beyond anything this channel does naturally and then returned. That is the signature of an electrical impulse or a loose connection, not a real change in the weather. The clearest indicator: Temperature jumped 1.00 degC in one sampling interval - 5.0x the largest movement ever seen on this channel in healthy data. Temperature carries 3% of the statistical attribution, reading 24.54 degC (2.7 sigma above its normal level). Note that the joint-distance attribution is led by Relative humidity instead, because SHAP scores the level of each channel while this fault is defined by rate of change. 1 of 3 independent detectors flagged this sample. Inspect cabling, connectors and grounding at the sensor head."
2026-09-01T07:53:30,25.28869309330085,971.5,88.0,NO_FAULT,,0.275,0.0,INFO,0.0,5,ACCEPT,temperature_c,77.9,"At 01 Sep 2026, 07:53:30 the station is operating normally. All detectors agree that this sample is consistent with healthy operation."
2026-09-01T07:53:35,25.122822015670863,971.5,88.1,NO_FAULT,,0.211,0.0,INFO,0.0,5,ACCEPT,temperature_c,72.0,"At 01 Sep 2026, 07:53:35 the station is operating normally. All detectors agree that this sample is consistent with healthy operation."
2026-09-01T07:53:40,25.375207494078136,971.5,88.1,NO_FAULT,,0.241,0.0,INFO,0.0,5,ACCEPT,temperature_c,75.6,"At 01 Sep 2026, 07:53:40 the station is operating normally. All detectors agree that this sample is consistent with healthy operation."
2026-09-01T07:53:45,23.204830418528942,971.5,88.2,SPIKE,temperature_c,0.913,0.933,LOW,31.2,4,REJECT_SAMPLE,humidity_pct,51.4,"At 01 Sep 2026, 07:53:45 the system diagnosed a sensor spike / noise burst affecting Temperature. A single sample jumped far beyond anything this channel does naturally and then returned. That is the signature of an electrical impulse or a loose connection, not a real change in the weather. The clearest indicator: Temperature jumped 2.17 degC in one sampling interval - 10.9x the largest movement ever seen on this channel in healthy data. Temperature carries 33% of the statistical attribution, reading 23.20 degC (1.2 sigma below its normal level). Note that the joint-distance attribution is led by Relative humidity instead, because SHAP scores the level of each channel while this fault is defined by rate of change. 2 of 3 independent detectors flagged this sample. Inspect cabling, connectors and grounding at the sensor head."
2026-09-01T07:53:50,24.47681473777265,971.5,88.2,SPIKE,temperature_c,0.491,0.786,LOW,29.1,4,REJECT_SAMPLE,humidity_pct,82.2,"At 01 Sep 2026, 07:53:50 the system diagnosed a sensor spike / noise burst affecting Temperature. A single sample jumped far beyond anything this channel does naturally and then returned. That is the signature of an electrical impulse or a loose connection, not a real change in the weather. The clearest indicator: Temperature jumped 1.27 degC in one sampling interval - 6.4x the largest movement ever seen on this channel in healthy data. Temperature carries 0% of the statistical attribution, reading 24.48 degC (2.6 sigma above its normal level). Note that the joint-distance attribution is led by Relative humidity instead, because SHAP scores the level of each channel while this fault is defined by rate of change. 0 of 3 independent detectors flagged this sample. Inspect cabling, connectors and grounding at the sensor head."
2026-09-01T07:53:55,24.8,971.5,88.3,NO_FAULT,,0.194,0.0,INFO,0.0,5,ACCEPT,temperature_c,47.7,"At 01 Sep 2026, 07:53:55 the station is operating normally. All detectors agree that this sample is consistent with healthy operation."
2026-09-01T07:54:00,24.8,971.4,88.3,NO_FAULT,,0.166,0.0,INFO,0.0,5,ACCEPT,humidity_pct,54.2,"At 01 Sep 2026, 07:54:00 the station is operating normally. All detectors agree that this sample is consistent with healthy operation."
2026-09-01T07:54:05,24.8,971.4,88.4,NO_FAULT,,0.16,0.0,INFO,0.0,5,ACCEPT,humidity_pct,52.2,"At 01 Sep 2026, 07:54:05 the station is operating normally. All detectors agree that this sample is consistent with healthy operation."
2026-09-01T07:54:10,24.8,971.5,88.3,NO_FAULT,,0.176,0.0,INFO,0.0,5,ACCEPT,temperature_c,47.7,"At 01 Sep 2026, 07:54:10 the station is operating normally. All detectors agree that this sample is consistent with healthy operation."
2026-09-01T07:54:15,24.8,971.5,88.2,NO_FAULT,,0.172,0.0,INFO,0.0,5,ACCEPT,humidity_pct,50.6,"At 01 Sep 2026, 07:54:15 the station is operating normally. All detectors agree that this sample is consistent with healthy operation."
2026-09-01T07:54:20,24.8,971.5,88.1,NO_FAULT,,0.173,0.0,INFO,0.0,5,ACCEPT,humidity_pct,54.7,"At 01 Sep 2026, 07:54:20 the station is operating normally. All detectors agree that this sample is consistent with healthy operation."
2026-09-01T07:54:25,24.8,971.4,88.0,NO_FAULT,,0.17,0.0,INFO,0.0,5,ACCEPT,humidity_pct,59.8,"At 01 Sep 2026, 07:54:25 the station is operating normally. All detectors agree that this sample is consistent with healthy operation."
2026-09-01T07:54:30,24.8,978.8672331984892,88.0,SPIKE,pressure_hpa,1.0,0.811,MODERATE,44.2,3,REJECT_SAMPLE,pressure_hpa,95.5,"At 01 Sep 2026, 07:54:30 the system diagnosed a sensor spike / noise burst affecting Barometric pressure. A single sample jumped far beyond anything this channel does naturally and then returned. That is the signature of an electrical impulse or a loose connection, not a real change in the weather. The clearest indicator: Barometric pressure jumped 7.47 hPa in one sampling interval - 37.3x the largest movement ever seen on this channel in healthy data. Barometric pressure carries 96% of the statistical attribution, reading 978.87 hPa (26.2 sigma above its normal level). 3 of 3 independent detectors flagged this sample. Inspect cabling, connectors and grounding at the sensor head."
2026-09-01T07:54:35,24.8,971.4,88.1,NO_FAULT,,0.325,0.0,INFO,0.0,5,ACCEPT,humidity_pct,58.0,"At 01 Sep 2026, 07:54:35 the station is operating normally. All detectors agree that this sample is consistent with healthy operation."
2026-09-01T07:54:40,24.8,971.5,88.3,NO_FAULT,,0.176,0.0,INFO,0.0,5,ACCEPT,temperature_c,47.7,"At 01 Sep 2026, 07:54:40 the station is operating normally. All detectors agree that this sample is consistent with healthy operation."
2026-09-01T07:54:45,24.8,965.5020327923868,88.5,SPIKE,pressure_hpa,0.997,0.783,MODERATE,42.9,3,REJECT_SAMPLE,pressure_hpa,87.1,"At 01 Sep 2026, 07:54:45 the system diagnosed a sensor spike / noise burst affecting Barometric pressure. A single sample jumped far beyond anything this channel does naturally and then returned. That is the signature of an electrical impulse or a loose connection, not a real change in the weather. The clearest indicator: Barometric pressure jumped 6.00 hPa in one sampling interval - 30.0x the largest movement ever seen on this channel in healthy data. Barometric pressure carries 87% of the statistical attribution, reading 965.50 hPa (18.9 sigma below its normal level). 3 of 3 independent detectors flagged this sample. Inspect cabling, connectors and grounding at the sensor head."
2026-09-01T07:54:50,24.8,971.5,88.6,NO_FAULT,,0.33,0.0,INFO,0.0,5,ACCEPT,temperature_c,54.1,"At 01 Sep 2026, 07:54:50 the station is operating normally. All detectors agree that this sample is consistent with healthy operation."
2026-09-01T07:54:55,24.8,971.5,88.6,NO_FAULT,,0.165,0.0,INFO,0.0,5,ACCEPT,temperature_c,54.1,"At 01 Sep 2026, 07:54:55 the station is operating normally. All detectors agree that this sample is consistent with healthy operation."
2026-09-01T07:55:00,24.8,971.5,88.5,NO_FAULT,,0.169,0.0,INFO,0.0,5,ACCEPT,temperature_c,52.0,"At 01 Sep 2026, 07:55:00 the station is operating normally. All detectors agree that this sample is consistent with healthy operation."
2026-09-01T07:55:05,24.8,971.5,88.5,NO_FAULT,,0.166,0.0,INFO,0.0,5,ACCEPT,temperature_c,52.0,"At 01 Sep 2026, 07:55:05 the station is operating normally. All detectors agree that this sample is consistent with healthy operation."
2026-09-01T07:55:10,24.8,971.5,88.5,NO_FAULT,,0.166,0.0,INFO,0.0,5,ACCEPT,temperature_c,52.0,"At 01 Sep 2026, 07:55:10 the station is operating normally. All detectors agree that this sample is consistent with healthy operation."
2026-09-01T07:55:15,24.8,971.5,88.4,NO_FAULT,,0.17,0.0,INFO,0.0,5,ACCEPT,temperature_c,49.9,"At 01 Sep 2026, 07:55:15 the station is operating normally. All detectors agree that this sample is consistent with healthy operation."
2026-09-01T07:55:20,24.8,971.5,88.3,NO_FAULT,,0.171,0.0,INFO,0.0,5,ACCEPT,temperature_c,47.7,"At 01 Sep 2026, 07:55:20 the station is operating normally. All detectors agree that this sample is consistent with healthy operation."
2026-09-01T07:55:25,24.8,971.5,88.3,NO_FAULT,,0.168,0.0,INFO,0.0,5,ACCEPT,temperature_c,47.7,"At 01 Sep 2026, 07:55:25 the station is operating normally. All detectors agree that this sample is consistent with healthy operation."
2026-09-01T07:55:30,24.8,971.5,88.1,NO_FAULT,,0.176,0.0,INFO,0.0,5,ACCEPT,humidity_pct,54.7,"At 01 Sep 2026, 07:55:30 the station is operating normally. All detectors agree that this sample is consistent with healthy operation."
2026-09-01T07:55:35,24.8,971.5,87.8,NO_FAULT,,0.183,0.0,INFO,0.0,5,ACCEPT,humidity_pct,62.5,"At 01 Sep 2026, 07:55:35 the station is operating normally. All detectors agree that this sample is consistent with healthy operation."
2026-09-01T07:55:40,24.8,971.5,87.8,NO_FAULT,,0.174,0.0,INFO,0.0,5,ACCEPT,humidity_pct,62.5,"At 01 Sep 2026, 07:55:40 the station is operating normally. All detectors agree that this sample is consistent with healthy operation."
2026-09-01T07:55:45,24.8,971.5,87.8,NO_FAULT,,0.174,0.0,INFO,0.0,5,ACCEPT,humidity_pct,62.5,"At 01 Sep 2026, 07:55:45 the station is operating normally. All detectors agree that this sample is consistent with healthy operation."
2026-09-01T07:55:50,24.8,971.5,87.8,NO_FAULT,,0.174,0.0,INFO,0.0,5,ACCEPT,humidity_pct,62.5,"At 01 Sep 2026, 07:55:50 the station is operating normally. All detectors agree that this sample is consistent with healthy operation."
2026-09-01T07:55:55,24.8,971.5,87.9,NO_FAULT,,0.176,0.0,INFO,0.0,5,ACCEPT,humidity_pct,60.8,"At 01 Sep 2026, 07:55:55 the station is operating normally. All detectors agree that this sample is consistent with healthy operation."
2026-09-01T07:56:00,24.8,971.5,88.0,NO_FAULT,,0.174,0.0,INFO,0.0,5,ACCEPT,humidity_pct,58.8,"At 01 Sep 2026, 07:56:00 the station is operating normally. All detectors agree that this sample is consistent with healthy operation."
2026-09-01T07:56:05,24.8,971.5,87.9,NO_FAULT,,0.176,0.0,INFO,0.0,5,ACCEPT,humidity_pct,60.8,"At 01 Sep 2026, 07:56:05 the station is operating normally. All detectors agree that this sample is consistent with healthy operation."
2026-09-01T07:56:10,24.8,971.5,87.9,NO_FAULT,,0.173,0.0,INFO,0.0,5,ACCEPT,humidity_pct,60.8,"At 01 Sep 2026, 07:56:10 the station is operating normally. All detectors agree that this sample is consistent with healthy operation."
2026-09-01T07:56:15,24.8,971.5,87.7,NO_FAULT,,0.181,0.0,INFO,0.0,5,ACCEPT,humidity_pct,64.1,"At 01 Sep 2026, 07:56:15 the station is operating normally. All detectors agree that this sample is consistent with healthy operation."
2026-09-01T07:56:20,24.8,971.5,87.7,NO_FAULT,,0.175,0.0,INFO,0.0,5,ACCEPT,humidity_pct,64.1,"At 01 Sep 2026, 07:56:20 the station is operating normally. All detectors agree that this sample is consistent with healthy operation."
2026-09-01T07:56:25,24.8,971.5,87.6,NO_FAULT,,0.179,0.0,INFO,0.0,5,ACCEPT,humidity_pct,65.6,"At 01 Sep 2026, 07:56:25 the station is operating normally. All detectors agree that this sample is consistent with healthy operation."
2026-09-01T07:56:30,24.8,971.5,87.5,NO_FAULT,,0.18,0.0,INFO,0.0,5,ACCEPT,humidity_pct,67.1,"At 01 Sep 2026, 07:56:30 the station is operating normally. All detectors agree that this sample is consistent with healthy operation."
2026-09-01T07:56:35,24.8,971.5,87.5,NO_FAULT,,0.177,0.0,INFO,0.0,5,ACCEPT,humidity_pct,67.1,"At 01 Sep 2026, 07:56:35 the station is operating normally. All detectors agree that this sample is consistent with healthy operation."
2026-09-01T07:56:40,24.8,971.5,87.5,NO_FAULT,,0.177,0.0,INFO,0.0,5,ACCEPT,humidity_pct,67.1,"At 01 Sep 2026, 07:56:40 the station is operating normally. All detectors agree that this sample is consistent with healthy operation."
2026-09-01T07:56:45,24.8,971.5,87.5,NO_FAULT,,0.177,0.0,INFO,0.0,5,ACCEPT,humidity_pct,67.1,"At 01 Sep 2026, 07:56:45 the station is operating normally. All detectors agree that this sample is consistent with healthy operation."
2026-09-01T07:56:50,24.8,971.5,87.7,NO_FAULT,,0.181,0.0,INFO,0.0,5,ACCEPT,humidity_pct,64.1,"At 01 Sep 2026, 07:56:50 the station is operating normally. All detectors agree that this sample is consistent with healthy operation."
2026-09-01T07:56:55,24.8,971.5,87.8,NO_FAULT,,0.177,0.0,INFO,0.0,5,ACCEPT,humidity_pct,62.5,"At 01 Sep 2026, 07:56:55 the station is operating normally. All detectors agree that this sample is consistent with healthy operation."
2026-09-01T07:57:00,24.8,971.5,87.8,NO_FAULT,,0.174,0.0,INFO,0.0,5,ACCEPT,humidity_pct,62.5,"At 01 Sep 2026, 07:57:00 the station is operating normally. All detectors agree that this sample is consistent with healthy operation."
2026-09-01T07:57:05,24.8,971.5,87.8,NO_FAULT,,0.174,0.0,INFO,0.0,5,ACCEPT,humidity_pct,62.5,"At 01 Sep 2026, 07:57:05 the station is operating normally. All detectors agree that this sample is consistent with healthy operation."
2026-09-01T07:57:10,24.8,971.5,87.8,NO_FAULT,,0.174,0.0,INFO,0.0,5,ACCEPT,humidity_pct,62.5,"At 01 Sep 2026, 07:57:10 the station is operating normally. All detectors agree that this sample is consistent with healthy operation."
2026-09-01T07:57:15,24.8,971.5,87.7,NO_FAULT,,0.178,0.0,INFO,0.0,5,ACCEPT,humidity_pct,64.1,"At 01 Sep 2026, 07:57:15 the station is operating normally. All detectors agree that this sample is consistent with healthy operation."
2026-09-01T07:57:20,24.8,971.5,87.7,NO_FAULT,,0.175,0.0,INFO,0.0,5,ACCEPT,humidity_pct,64.1,"At 01 Sep 2026, 07:57:20 the station is operating normally. All detectors agree that this sample is consistent with healthy operation."
2026-09-01T07:57:25,24.8,971.5,87.6,NO_FAULT,,0.179,0.0,INFO,0.0,5,ACCEPT,humidity_pct,65.6,"At 01 Sep 2026, 07:57:25 the station is operating normally. All detectors agree that this sample is consistent with healthy operation."
2026-09-01T07:57:30,24.8,971.5,87.6,NO_FAULT,,0.176,0.0,INFO,0.0,5,ACCEPT,humidity_pct,65.6,"At 01 Sep 2026, 07:57:30 the station is operating normally. All detectors agree that this sample is consistent with healthy operation."
2026-09-01T07:57:35,24.8,971.5,87.5,NO_FAULT,,0.18,0.0,INFO,0.0,5,ACCEPT,humidity_pct,67.1,"At 01 Sep 2026, 07:57:35 the station is operating normally. All detectors agree that this sample is consistent with healthy operation."
2026-09-01T07:57:40,24.8,971.5,87.5,NO_FAULT,,0.177,0.0,INFO,0.0,5,ACCEPT,humidity_pct,67.1,"At 01 Sep 2026, 07:57:40 the station is operating normally. All detectors agree that this sample is consistent with healthy operation."
2026-09-01T07:57:45,24.8,971.5,105.08297584102915,SPIKE,humidity_pct,0.956,0.833,LOW,29.7,4,REJECT_SAMPLE,humidity_pct,65.6,"At 01 Sep 2026, 07:57:45 the system diagnosed a sensor spike / noise burst affecting Relative humidity. A single sample jumped far beyond anything this channel does naturally and then returned. That is the signature of an electrical impulse or a loose connection, not a real change in the weather. The clearest indicator: Relative humidity jumped 17.58 %RH in one sampling interval - 87.9x the largest movement ever seen on this channel in healthy data. Relative humidity carries 66% of the statistical attribution, reading 105.08 %RH (4.8 sigma above its normal level). 2 of 3 independent detectors flagged this sample. Inspect cabling, connectors and grounding at the sensor head."
2026-09-01T07:57:50,24.8,971.5,87.7,NO_FAULT,,0.34,0.0,INFO,0.0,5,ACCEPT,humidity_pct,64.1,"At 01 Sep 2026, 07:57:50 the station is operating normally. All detectors agree that this sample is consistent with healthy operation."
2026-09-01T07:57:55,24.8,971.5,87.8,NO_FAULT,,0.177,0.0,INFO,0.0,5,ACCEPT,humidity_pct,62.5,"At 01 Sep 2026, 07:57:55 the station is operating normally. All detectors agree that this sample is consistent with healthy operation."
2026-09-01T07:58:00,24.8,971.5,88.0,NO_FAULT,,0.178,0.0,INFO,0.0,5,ACCEPT,humidity_pct,58.8,"At 01 Sep 2026, 07:58:00 the station is operating normally. All detectors agree that this sample is consistent with healthy operation."
2026-09-01T07:58:05,24.8,971.5,88.3,NO_FAULT,,0.178,0.0,INFO,0.0,5,ACCEPT,temperature_c,47.7,"At 01 Sep 2026, 07:58:05 the station is operating normally. All detectors agree that this sample is consistent with healthy operation."
2026-09-01T07:58:10,24.8,971.5,88.4,NO_FAULT,,0.17,0.0,INFO,0.0,5,ACCEPT,temperature_c,49.9,"At 01 Sep 2026, 07:58:10 the station is operating normally. All detectors agree that this sample is consistent with healthy operation."
2026-09-01T07:58:15,24.8,971.5,88.4,NO_FAULT,,0.167,0.0,INFO,0.0,5,ACCEPT,temperature_c,49.9,"At 01 Sep 2026, 07:58:15 the station is operating normally. All detectors agree that this sample is consistent with healthy operation."
2026-09-01T07:58:20,24.8,971.5,88.3,NO_FAULT,,0.171,0.0,INFO,0.0,5,ACCEPT,temperature_c,47.7,"At 01 Sep 2026, 07:58:20 the station is operating normally. All detectors agree that this sample is consistent with healthy operation."
2026-09-01T07:58:25,24.8,971.5,88.3,NO_FAULT,,0.168,0.0,INFO,0.0,5,ACCEPT,temperature_c,47.7,"At 01 Sep 2026, 07:58:25 the station is operating normally. All detectors agree that this sample is consistent with healthy operation."
2026-09-01T07:58:30,39.34652143370601,971.5,88.0,SPIKE,temperature_c,1.0,0.642,LOW,31.2,4,REJECT_SAMPLE,temperature_c,96.9,"At 01 Sep 2026, 07:58:30 the system diagnosed a sensor spike / noise burst affecting Temperature. A single sample jumped far beyond anything this channel does naturally and then returned. That is the signature of an electrical impulse or a loose connection, not a real change in the weather. The clearest indicator: Temperature jumped 14.55 degC in one sampling interval - 72.7x the largest movement ever seen on this channel in healthy data. Temperature carries 97% of the statistical attribution, reading 39.35 degC (46.0 sigma above its normal level). 3 of 3 independent detectors flagged this sample. The next most likely explanation was calibration drift (score 0.69 against 0.84), so this diagnosis is not clear-cut. Inspect cabling, connectors and grounding at the sensor head."
2026-09-01T07:58:35,24.8,971.5,87.9,NO_FAULT,,0.338,0.0,INFO,0.0,5,ACCEPT,humidity_pct,60.8,"At 01 Sep 2026, 07:58:35 the station is operating normally. All detectors agree that this sample is consistent with healthy operation."
2026-09-01T07:58:40,24.8,971.5,87.9,NO_FAULT,,0.173,0.0,INFO,0.0,5,ACCEPT,humidity_pct,60.8,"At 01 Sep 2026, 07:58:40 the station is operating normally. All detectors agree that this sample is consistent with healthy operation."
2026-09-01T07:58:45,24.8,971.5,87.8,NO_FAULT,,0.177,0.0,INFO,0.0,5,ACCEPT,humidity_pct,62.5,"At 01 Sep 2026, 07:58:45 the station is operating normally. All detectors agree that this sample is consistent with healthy operation."
2026-09-01T07:58:50,24.8,971.5,87.8,NO_FAULT,,0.174,0.0,INFO,0.0,5,ACCEPT,humidity_pct,62.5,"At 01 Sep 2026, 07:58:50 the station is operating normally. All detectors agree that this sample is consistent with healthy operation."
2026-09-01T07:58:55,24.8,971.5,104.68154255952317,SPIKE,humidity_pct,0.874,0.81,LOW,29.7,4,REJECT_SAMPLE,humidity_pct,64.6,"At 01 Sep 2026, 07:58:55 the system diagnosed a sensor spike / noise burst affecting Relative humidity. A single sample jumped far beyond anything this channel does naturally and then returned. That is the signature of an electrical impulse or a loose connection, not a real change in the weather. The clearest indicator: Relative humidity jumped 16.88 %RH in one sampling interval - 84.4x the largest movement ever seen on this channel in healthy data. Relative humidity carries 65% of the statistical attribution, reading 104.68 %RH (4.6 sigma above its normal level). 2 of 3 independent detectors flagged this sample. Inspect cabling, connectors and grounding at the sensor head."
2026-09-01T07:59:00,24.8,971.5,87.8,NO_FAULT,,0.339,0.0,INFO,0.0,5,ACCEPT,humidity_pct,62.5,"At 01 Sep 2026, 07:59:00 the station is operating normally. All detectors agree that this sample is consistent with healthy operation."
2026-09-01T07:59:05,24.8,971.5,87.8,NO_FAULT,,0.174,0.0,INFO,0.0,5,ACCEPT,humidity_pct,62.5,"At 01 Sep 2026, 07:59:05 the station is operating normally. All detectors agree that this sample is consistent with healthy operation."
2026-09-01T07:59:10,24.8,971.5,87.8,NO_FAULT,,0.174,0.0,INFO,0.0,5,ACCEPT,humidity_pct,62.5,"At 01 Sep 2026, 07:59:10 the station is operating normally. All detectors agree that this sample is consistent with healthy operation."
2026-09-01T07:59:15,24.8,971.5,87.8,NO_FAULT,,0.174,0.0,INFO,0.0,5,ACCEPT,humidity_pct,62.5,"At 01 Sep 2026, 07:59:15 the station is operating normally. All detectors agree that this sample is consistent with healthy operation."
2026-09-01T07:59:20,24.8,975.2194875127562,87.7,SPIKE,pressure_hpa,1.0,0.86,LOW,33.1,4,REJECT_SAMPLE,pressure_hpa,91.4,"At 01 Sep 2026, 07:59:20 the system diagnosed a sensor spike / noise burst affecting Barometric pressure. A single sample jumped far beyond anything this channel does naturally and then returned. That is the signature of an electrical impulse or a loose connection, not a real change in the weather. The clearest indicator: Barometric pressure jumped 3.72 hPa in one sampling interval - 18.6x the largest movement ever seen on this channel in healthy data. Barometric pressure carries 91% of the statistical attribution, reading 975.22 hPa (13.9 sigma above its normal level). 3 of 3 independent detectors flagged this sample. Inspect cabling, connectors and grounding at the sensor head."
2026-09-01T07:59:25,24.8,971.5,87.6,NO_FAULT,,0.341,0.0,INFO,0.0,5,ACCEPT,humidity_pct,65.6,"At 01 Sep 2026, 07:59:25 the station is operating normally. All detectors agree that this sample is consistent with healthy operation."
2026-09-01T07:59:30,24.8,971.5,87.5,NO_FAULT,,0.18,0.0,INFO,0.0,5,ACCEPT,humidity_pct,67.1,"At 01 Sep 2026, 07:59:30 the station is operating normally. All detectors agree that this sample is consistent with healthy operation."
2026-09-01T07:59:35,24.8,971.5,87.5,NO_FAULT,,0.177,0.0,INFO,0.0,5,ACCEPT,humidity_pct,67.1,"At 01 Sep 2026, 07:59:35 the station is operating normally. All detectors agree that this sample is consistent with healthy operation."
2026-09-01T07:59:40,24.8,971.5,87.4,NO_FAULT,,0.182,0.0,INFO,0.0,5,ACCEPT,humidity_pct,68.4,"At 01 Sep 2026, 07:59:40 the station is operating normally. All detectors agree that this sample is consistent with healthy operation."
2026-09-01T07:59:45,24.8,971.5,87.4,NO_FAULT,,0.179,0.0,INFO,0.0,5,ACCEPT,humidity_pct,68.4,"At 01 Sep 2026, 07:59:45 the station is operating normally. All detectors agree that this sample is consistent with healthy operation."
2026-09-01T07:59:50,24.8,971.5,87.4,NO_FAULT,,0.179,0.0,INFO,0.0,5,ACCEPT,humidity_pct,68.4,"At 01 Sep 2026, 07:59:50 the station is operating normally. All detectors agree that this sample is consistent with healthy operation."
2026-09-01T07:59:55,24.8,971.5,87.4,NO_FAULT,,0.179,0.0,INFO,0.0,5,ACCEPT,humidity_pct,68.4,"At 01 Sep 2026, 07:59:55 the station is operating normally. All detectors agree that this sample is consistent with healthy operation."
2026-09-01T08:00:00,24.8,971.5,87.4,NO_FAULT,,0.179,0.0,INFO,0.0,5,ACCEPT,humidity_pct,68.4,"At 01 Sep 2026, 08:00:00 the station is operating normally. All detectors agree that this sample is consistent with healthy operation."
2026-09-01T08:00:05,24.8,971.5,87.4,DRIFT,temperature_c,0.423,0.793,MODERATE,47.5,3,FLAG_SUSPECT,humidity_pct,68.4,"At 01 Sep 2026, 08:00:05 the system diagnosed a calibration drift affecting Temperature. The channel is slowly and consistently moving away from its calibrated baseline. Readings still look plausible, which is what makes drift dangerous - it quietly biases every observation until the sensor is recalibrated. The clearest indicator: Temperature has averaged 25.16 degC over the last 20 samples, 4.6 sigma away from its calibrated baseline of 23.60 degC. Temperature carries 25% of the statistical attribution, reading 24.80 degC (3.5 sigma above its normal level). Note that the joint-distance attribution is led by Relative humidity instead, because SHAP scores the level of each channel while this fault is defined by rate of change. 0 of 3 independent detectors flagged this sample. Schedule a calibration check against a reference instrument."
2026-09-01T08:00:10,24.8,971.5,87.4,NO_FAULT,,0.179,0.0,INFO,0.0,5,ACCEPT,humidity_pct,68.4,"At 01 Sep 2026, 08:00:10 the station is operating normally. All detectors agree that this sample is consistent with healthy operation."
2026-09-01T08:00:15,24.8,971.5,87.4,NO_FAULT,,0.179,0.0,INFO,0.0,5,ACCEPT,humidity_pct,68.4,"At 01 Sep 2026, 08:00:15 the station is operating normally. All detectors agree that this sample is consistent with healthy operation."
2026-09-01T08:00:20,24.8,971.5,87.4,NO_FAULT,,0.179,0.0,INFO,0.0,5,ACCEPT,humidity_pct,68.4,"At 01 Sep 2026, 08:00:20 the station is operating normally. All detectors agree that this sample is consistent with healthy operation."
2026-09-01T08:00:25,24.8,971.5,87.4,NO_FAULT,,0.179,0.0,INFO,0.0,5,ACCEPT,humidity_pct,68.4,"At 01 Sep 2026, 08:00:25 the station is operating normally. All detectors agree that this sample is consistent with healthy operation."
2026-09-01T08:00:30,24.8,971.5,87.4,DRIFT,humidity_pct,0.497,0.769,MODERATE,44.1,3,FLAG_SUSPECT,humidity_pct,68.4,"At 01 Sep 2026, 08:00:30 the system diagnosed a calibration drift affecting Relative humidity. The channel is slowly and consistently moving away from its calibrated baseline. Readings still look plausible, which is what makes drift dangerous - it quietly biases every observation until the sensor is recalibrated. The clearest indicator: The movement is consistently downward (51% of the travel is net displacement, about -105.71 %RH/hour), which separates calibration drift from random fluctuation. Relative humidity carries 68% of the statistical attribution, reading 87.40 %RH (4.1 sigma below its normal level). 1 of 3 independent detectors flagged this sample. Schedule a calibration check against a reference instrument."
2026-09-01T08:00:35,24.8,971.5,87.4,COMMUNICATION_FAILURE,humidity_pct|pressure_hpa|temperature_c,0.429,0.642,HIGH,66.7,2,MARK_MISSING,humidity_pct,68.4,"At 01 Sep 2026, 08:00:35 the system diagnosed a communication / telemetry failure affecting Relative humidity, Barometric pressure, Temperature. The problem is in the telemetry path rather than the sensors. Samples are missing, malformed, or repeated, so the record for this period is incomplete. The clearest indicator: All three channels have been byte-identical for 12 consecutive frames - typical of a link repeating the last good packet. Relative humidity carries 68% of the statistical attribution, reading 87.40 %RH (4.1 sigma below its normal level). 1 of 3 independent detectors flagged this sample. Check the datalogger, modem and power supply at the station."
2026-09-01T08:00:40,24.8,971.5,87.4,FROZEN_SENSOR,humidity_pct,0.674,0.737,LOW,39.5,4,REJECT_CHANNEL,humidity_pct,68.4,"At 01 Sep 2026, 08:00:40 the system diagnosed a frozen (stuck) sensor affecting Relative humidity. The channel has stopped responding and is repeating one value while the other channels continue to vary. This usually means an iced-over, blocked or electrically dead sensing element. The clearest indicator: Relative humidity has reported exactly 87.40 %RH for 13 consecutive samples (1 min). Only 1.4% of healthy runs on this channel last that long. Relative humidity carries 68% of the statistical attribution, reading 87.40 %RH (4.1 sigma below its normal level). 1 of 3 independent detectors flagged this sample. The next most likely explanation was communication / telemetry failure (score 0.54 against 0.99), so this diagnosis is not clear-cut. Physically inspect the sensing element for icing, blockage or failure."
2026-09-01T08:00:45,24.9,971.5,87.4,FROZEN_SENSOR,humidity_pct,0.69,0.863,LOW,39.5,4,REJECT_CHANNEL,humidity_pct,58.7,"At 01 Sep 2026, 08:00:45 the system diagnosed a frozen (stuck) sensor affecting Relative humidity. The channel has stopped responding and is repeating one value while the other channels continue to vary. This usually means an iced-over, blocked or electrically dead sensing element. The clearest indicator: Relative humidity has reported exactly 87.40 %RH for 14 consecutive samples (1 min). Only 0.8% of healthy runs on this channel last that long. Relative humidity carries 59% of the statistical attribution, reading 87.40 %RH (4.1 sigma below its normal level). 1 of 3 independent detectors flagged this sample. Physically inspect the sensing element for icing, blockage or failure."
2026-09-01T08:00:50,24.8,971.5,87.4,FROZEN_SENSOR,humidity_pct,0.583,0.863,LOW,39.6,4,REJECT_CHANNEL,humidity_pct,68.4,"At 01 Sep 2026, 08:00:50 the system diagnosed a frozen (stuck) sensor affecting Relative humidity. The channel has stopped responding and is repeating one value while the other channels continue to vary. This usually means an iced-over, blocked or electrically dead sensing element. The clearest indicator: Relative humidity has reported exactly 87.40 %RH for 15 consecutive samples (1 min). Only 0.7% of healthy runs on this channel last that long. Relative humidity carries 68% of the statistical attribution, reading 87.40 %RH (4.1 sigma below its normal level). 0 of 3 independent detectors flagged this sample. Physically inspect the sensing element for icing, blockage or failure."
2026-09-01T08:00:55,24.9,971.6,87.4,FROZEN_SENSOR,humidity_pct,0.698,0.864,MODERATE,45.6,3,REJECT_CHANNEL,temperature_c,43.4,"At 01 Sep 2026, 08:00:55 the system diagnosed a frozen (stuck) sensor affecting Relative humidity. The channel has stopped responding and is repeating one value while the other channels continue to vary. This usually means an iced-over, blocked or electrically dead sensing element. The clearest indicator: Relative humidity has reported exactly 87.40 %RH for 16 consecutive samples (1 min). Only 0.6% of healthy runs on this channel last that long. Relative humidity carries 42% of the statistical attribution, reading 87.40 %RH (4.1 sigma below its normal level). Note that the joint-distance attribution is led by Temperature instead, because SHAP scores the level of each channel while this fault is defined by rate of change. 1 of 3 independent detectors flagged this sample. Physically inspect the sensing element for icing, blockage or failure."
2026-09-01T08:01:00,24.9,971.5,87.4,FROZEN_SENSOR,humidity_pct,0.691,0.864,MODERATE,47.6,3,REJECT_CHANNEL,humidity_pct,58.7,"At 01 Sep 2026, 08:01:00 the system diagnosed a frozen (stuck) sensor affecting Relative humidity. The channel has stopped responding and is repeating one value while the other channels continue to vary. This usually means an iced-over, blocked or electrically dead sensing element. The clearest indicator: Relative humidity has reported exactly 87.40 %RH for 17 consecutive samples (1 min). Only 0.5% of healthy runs on this channel last that long. Relative humidity carries 59% of the statistical attribution, reading 87.40 %RH (4.1 sigma below its normal level). 1 of 3 independent detectors flagged this sample. Physically inspect the sensing element for icing, blockage or failure."
2026-09-01T08:01:05,24.9,971.5,87.4,FROZEN_SENSOR,humidity_pct,0.683,0.865,MODERATE,49.6,3,REJECT_CHANNEL,humidity_pct,58.7,"At 01 Sep 2026, 08:01:05 the system diagnosed a frozen (stuck) sensor affecting Relative humidity. The channel has stopped responding and is repeating one value while the other channels continue to vary. This usually means an iced-over, blocked or electrically dead sensing element. The clearest indicator: Relative humidity has reported exactly 87.40 %RH for 18 consecutive samples (2 min). Only 0.5% of healthy runs on this channel last that long. Relative humidity carries 59% of the statistical attribution, reading 87.40 %RH (4.1 sigma below its normal level). 1 of 3 independent detectors flagged this sample. Physically inspect the sensing element for icing, blockage or failure."
2026-09-01T08:01:10,24.9,971.5,87.4,FROZEN_SENSOR,humidity_pct,0.685,0.866,MODERATE,49.7,3,REJECT_CHANNEL,humidity_pct,58.7,"At 01 Sep 2026, 08:01:10 the system diagnosed a frozen (stuck) sensor affecting Relative humidity. The channel has stopped responding and is repeating one value while the other channels continue to vary. This usually means an iced-over, blocked or electrically dead sensing element. The clearest indicator: Relative humidity has reported exactly 87.40 %RH for 19 consecutive samples (2 min). Only 0.2% of healthy runs on this channel last that long. Relative humidity carries 59% of the statistical attribution, reading 87.40 %RH (4.1 sigma below its normal level). 1 of 3 independent detectors flagged this sample. Physically inspect the sensing element for icing, blockage or failure."
2026-09-01T08:01:15,24.9,971.5,87.4,FROZEN_SENSOR,humidity_pct,0.745,0.933,MODERATE,49.7,3,REJECT_CHANNEL,humidity_pct,58.7,"At 01 Sep 2026, 08:01:15 the system diagnosed a frozen (stuck) sensor affecting Relative humidity. The channel has stopped responding and is repeating one value while the other channels continue to vary. This usually means an iced-over, blocked or electrically dead sensing element. The clearest indicator: Relative humidity has reported exactly 87.40 %RH for 20 consecutive samples (2 min). Only 0.2% of healthy runs on this channel last that long. Relative humidity carries 59% of the statistical attribution, reading 87.40 %RH (4.1 sigma below its normal level). 2 of 3 independent detectors flagged this sample. Physically inspect the sensing element for icing, blockage or failure."
2026-09-01T08:01:20,24.9,971.5,87.4,FROZEN_SENSOR,humidity_pct,0.745,0.933,MODERATE,49.7,3,REJECT_CHANNEL,humidity_pct,58.7,"At 01 Sep 2026, 08:01:20 the system diagnosed a frozen (stuck) sensor affecting Relative humidity. The channel has stopped responding and is repeating one value while the other channels continue to vary. This usually means an iced-over, blocked or electrically dead sensing element. The clearest indicator: Relative humidity has reported exactly 87.40 %RH for 21 consecutive samples (2 min). Only 0.1% of healthy runs on this channel last that long. Relative humidity carries 59% of the statistical attribution, reading 87.40 %RH (4.1 sigma below its normal level). 2 of 3 independent detectors flagged this sample. Physically inspect the sensing element for icing, blockage or failure."
2026-09-01T08:01:25,24.9,971.5,87.4,FROZEN_SENSOR,humidity_pct,0.746,0.933,MODERATE,49.7,3,REJECT_CHANNEL,humidity_pct,58.7,"At 01 Sep 2026, 08:01:25 the system diagnosed a frozen (stuck) sensor affecting Relative humidity. The channel has stopped responding and is repeating one value while the other channels continue to vary. This usually means an iced-over, blocked or electrically dead sensing element. The clearest indicator: Relative humidity has reported exactly 87.40 %RH for 22 consecutive samples (2 min). Only 0.0% of healthy runs on this channel last that long. Relative humidity carries 59% of the statistical attribution, reading 87.40 %RH (4.1 sigma below its normal level). 2 of 3 independent detectors flagged this sample. Physically inspect the sensing element for icing, blockage or failure."
2026-09-01T08:01:30,24.9,971.5,87.4,FROZEN_SENSOR,humidity_pct,0.746,0.933,MODERATE,49.8,3,REJECT_CHANNEL,humidity_pct,58.7,"At 01 Sep 2026, 08:01:30 the system diagnosed a frozen (stuck) sensor affecting Relative humidity. The channel has stopped responding and is repeating one value while the other channels continue to vary. This usually means an iced-over, blocked or electrically dead sensing element. The clearest indicator: Relative humidity has reported exactly 87.40 %RH for 23 consecutive samples (2 min). Only 0.0% of healthy runs on this channel last that long. Relative humidity carries 59% of the statistical attribution, reading 87.40 %RH (4.1 sigma below its normal level). 2 of 3 independent detectors flagged this sample. Physically inspect the sensing element for icing, blockage or failure."
2026-09-01T08:01:35,24.9,971.5,87.9,NO_FAULT,,0.196,0.0,INFO,0.0,5,ACCEPT,temperature_c,51.3,"At 01 Sep 2026, 08:01:35 the station is operating normally. All detectors agree that this sample is consistent with healthy operation."
2026-09-01T08:01:40,24.9,971.5,87.6,NO_FAULT,,0.193,0.0,INFO,0.0,5,ACCEPT,humidity_pct,53.0,"At 01 Sep 2026, 08:01:40 the station is operating normally. All detectors agree that this sample is consistent with healthy operation."
2026-09-01T08:01:45,24.9,971.5,87.5,NO_FAULT,,0.187,0.0,INFO,0.0,5,ACCEPT,humidity_pct,56.5,"At 01 Sep 2026, 08:01:45 the station is operating normally. All detectors agree that this sample is consistent with healthy operation."
2026-09-01T08:01:50,24.9,971.5,87.6,NO_FAULT,,0.186,0.0,INFO,0.0,5,ACCEPT,humidity_pct,53.0,"At 01 Sep 2026, 08:01:50 the station is operating normally. All detectors agree that this sample is consistent with healthy operation."
2026-09-01T08:01:55,24.9,971.5,87.5,NO_FAULT,,0.187,0.0,INFO,0.0,5,ACCEPT,humidity_pct,56.5,"At 01 Sep 2026, 08:01:55 the station is operating normally. All detectors agree that this sample is consistent with healthy operation."
2026-09-01T08:02:00,24.9,971.5,87.6,NO_FAULT,,0.186,0.0,INFO,0.0,5,ACCEPT,humidity_pct,53.0,"At 01 Sep 2026, 08:02:00 the station is operating normally. All detectors agree that this sample is consistent with healthy operation."
2026-09-01T08:02:05,24.9,971.5,87.7,NO_FAULT,,0.185,0.0,INFO,0.0,5,ACCEPT,humidity_pct,49.4,"At 01 Sep 2026, 08:02:05 the station is operating normally. All detectors agree that this sample is consistent with healthy operation."
2026-09-01T08:02:10,25.0,971.5,87.9,NO_FAULT,,0.196,0.0,INFO,0.0,5,ACCEPT,temperature_c,61.1,"At 01 Sep 2026, 08:02:10 the station is operating normally. All detectors agree that this sample is consistent with healthy operation."
2026-09-01T08:02:15,25.0,971.5,88.0,NO_FAULT,,0.19,0.0,INFO,0.0,5,ACCEPT,temperature_c,62.7,"At 01 Sep 2026, 08:02:15 the station is operating normally. All detectors agree that this sample is consistent with healthy operation."
2026-09-01T08:02:20,25.0,971.5,87.9,NO_FAULT,,0.191,0.0,INFO,0.0,5,ACCEPT,temperature_c,61.1,"At 01 Sep 2026, 08:02:20 the station is operating normally. All detectors agree that this sample is consistent with healthy operation."
2026-09-01T08:02:25,25.0,971.5,87.7,NO_FAULT,,0.196,0.0,INFO,0.0,5,ACCEPT,temperature_c,57.6,"At 01 Sep 2026, 08:02:25 the station is operating normally. All detectors agree that this sample is consistent with healthy operation."
2026-09-01T08:02:30,25.0,971.5,87.4,NO_FAULT,,0.203,0.0,INFO,0.0,5,ACCEPT,temperature_c,52.1,"At 01 Sep 2026, 08:02:30 the station is operating normally. All detectors agree that this sample is consistent with healthy operation."
2026-09-01T08:02:35,25.0,971.5,87.3,NO_FAULT,,0.257,0.0,INFO,0.0,5,ACCEPT,temperature_c,50.2,"At 01 Sep 2026, 08:02:35 the station is operating normally. All detectors agree that this sample is consistent with healthy operation."
2026-09-01T08:02:40,25.0,971.5,87.4,NO_FAULT,,0.256,0.0,INFO,0.0,5,ACCEPT,temperature_c,52.1,"At 01 Sep 2026, 08:02:40 the station is operating normally. All detectors agree that this sample is consistent with healthy operation."
2026-09-01T08:02:45,25.0,971.5,87.5,NO_FAULT,,0.254,0.0,INFO,0.0,5,ACCEPT,temperature_c,54.0,"At 01 Sep 2026, 08:02:45 the station is operating normally. All detectors agree that this sample is consistent with healthy operation."
2026-09-01T08:02:50,25.0,971.5,87.8,NO_FAULT,,0.259,0.0,INFO,0.0,5,ACCEPT,temperature_c,59.4,"At 01 Sep 2026, 08:02:50 the station is operating normally. All detectors agree that this sample is consistent with healthy operation."
2026-09-01T08:02:55,25.0,971.5,87.8,NO_FAULT,,0.249,0.0,INFO,0.0,5,ACCEPT,temperature_c,59.4,"At 01 Sep 2026, 08:02:55 the station is operating normally. All detectors agree that this sample is consistent with healthy operation."
2026-09-01T08:03:00,25.0,971.5,87.9,NO_FAULT,,0.251,0.0,INFO,0.0,5,ACCEPT,temperature_c,61.1,"At 01 Sep 2026, 08:03:00 the station is operating normally. All detectors agree that this sample is consistent with healthy operation."
2026-09-01T08:03:05,25.1,971.5,87.8,NO_FAULT,,0.266,0.0,INFO,0.0,5,ACCEPT,temperature_c,67.0,"At 01 Sep 2026, 08:03:05 the station is operating normally. All detectors agree that this sample is consistent with healthy operation."
2026-09-01T08:03:10,25.1,971.5,87.8,NO_FAULT,,0.258,0.0,INFO,0.0,5,ACCEPT,temperature_c,67.0,"At 01 Sep 2026, 08:03:10 the station is operating normally. All detectors agree that this sample is consistent with healthy operation."
2026-09-01T08:03:15,25.1,971.5,87.6,NO_FAULT,,0.266,0.0,INFO,0.0,5,ACCEPT,temperature_c,64.1,"At 01 Sep 2026, 08:03:15 the station is operating normally. All detectors agree that this sample is consistent with healthy operation."
2026-09-01T08:03:20,25.1,971.5,87.5,NO_FAULT,,0.263,0.0,INFO,0.0,5,ACCEPT,temperature_c,62.6,"At 01 Sep 2026, 08:03:20 the station is operating normally. All detectors agree that this sample is consistent with healthy operation."
2026-09-01T08:03:25,25.1,971.5,87.2,NO_FAULT,,0.272,0.0,INFO,0.0,5,ACCEPT,temperature_c,57.7,"At 01 Sep 2026, 08:03:25 the station is operating normally. All detectors agree that this sample is consistent with healthy operation."
2026-09-01T08:03:30,24.89878891814017,971.5,87.0,NO_FAULT,,0.267,0.0,INFO,0.0,5,ACCEPT,humidity_pct,65.1,"At 01 Sep 2026, 08:03:30 the station is operating normally. All detectors agree that this sample is consistent with healthy operation."
2026-09-01T08:03:35,26.165084860808964,971.5,86.9,SPIKE,temperature_c,0.9,0.773,INFO,19.1,5,REJECT_SAMPLE,temperature_c,80.8,"At 01 Sep 2026, 08:03:35 the system diagnosed a sensor spike / noise burst affecting Temperature. A single sample jumped far beyond anything this channel does naturally and then returned. That is the signature of an electrical impulse or a loose connection, not a real change in the weather. The clearest indicator: Temperature jumped 1.27 degC in one sampling interval - 6.3x the largest movement ever seen on this channel in healthy data. Temperature carries 81% of the statistical attribution, reading 26.17 degC (7.5 sigma above its normal level). 3 of 3 independent detectors flagged this sample. Inspect cabling, connectors and grounding at the sensor head."
2026-09-01T08:03:40,25.74115812463368,971.5,86.8,NO_FAULT,,0.361,0.0,INFO,0.0,5,ACCEPT,temperature_c,81.8,"At 01 Sep 2026, 08:03:40 the station is operating normally. All detectors agree that this sample is consistent with healthy operation."
2026-09-01T08:03:45,24.399282994753335,971.5,86.6,SPIKE,temperature_c,0.699,0.794,INFO,19.3,5,REJECT_SAMPLE,humidity_pct,83.8,"At 01 Sep 2026, 08:03:45 the system diagnosed a sensor spike / noise burst affecting Temperature. A single sample jumped far beyond anything this channel does naturally and then returned. That is the signature of an electrical impulse or a loose connection, not a real change in the weather. The clearest indicator: Temperature jumped 1.34 degC in one sampling interval - 6.7x the largest movement ever seen on this channel in healthy data. Temperature carries 2% of the statistical attribution, reading 24.40 degC (2.3 sigma above its normal level). Note that the joint-distance attribution is led by Relative humidity instead, because SHAP scores the level of each channel while this fault is defined by rate of change. 1 of 3 independent detectors flagged this sample. Inspect cabling, connectors and grounding at the sensor head."
2026-09-01T08:03:50,26.063745350656816,971.5,86.6,NO_FAULT,,0.536,0.0,INFO,0.0,5,ACCEPT,temperature_c,81.9,"At 01 Sep 2026, 08:03:50 the station is operating normally. All detectors agree that this sample is consistent with healthy operation."
2026-09-01T08:03:55,25.975717396362164,971.5,86.6,NO_FAULT,,0.403,0.0,INFO,0.0,5,ACCEPT,temperature_c,82.2,"At 01 Sep 2026, 08:03:55 the station is operating normally. All detectors agree that this sample is consistent with healthy operation."
2026-09-01T08:04:00,24.6397567486274,971.5,86.6,SPIKE,temperature_c,0.705,0.792,INFO,19.3,5,REJECT_SAMPLE,humidity_pct,83.8,"At 01 Sep 2026, 08:04:00 the system diagnosed a sensor spike / noise burst affecting Temperature. A single sample jumped far beyond anything this channel does naturally and then returned. That is the signature of an electrical impulse or a loose connection, not a real change in the weather. The clearest indicator: Temperature jumped 1.34 degC in one sampling interval - 6.7x the largest movement ever seen on this channel in healthy data. Temperature carries 3% of the statistical attribution, reading 24.64 degC (3.0 sigma above its normal level). Note that the joint-distance attribution is led by Relative humidity instead, because SHAP scores the level of each channel while this fault is defined by rate of change. 1 of 3 independent detectors flagged this sample. Inspect cabling, connectors and grounding at the sensor head."
2026-09-01T08:04:05,24.322322488716903,971.5,86.6,NO_FAULT,,0.195,0.0,INFO,0.0,5,ACCEPT,humidity_pct,83.8,"At 01 Sep 2026, 08:04:05 the station is operating normally. All detectors agree that this sample is consistent with healthy operation."
2026-09-01T08:04:10,25.584267922432932,971.5,86.7,SPIKE,temperature_c,0.81,0.772,LOW,25.1,4,REJECT_SAMPLE,temperature_c,77.1,"At 01 Sep 2026, 08:04:10 the system diagnosed a sensor spike / noise burst affecting Temperature. A single sample jumped far beyond anything this channel does naturally and then returned. That is the signature of an electrical impulse or a loose connection, not a real change in the weather. The clearest indicator: Temperature jumped 1.26 degC in one sampling interval - 6.3x the largest movement ever seen on this channel in healthy data. Temperature carries 77% of the statistical attribution, reading 25.58 degC (5.8 sigma above its normal level). 2 of 3 independent detectors flagged this sample. Inspect cabling, connectors and grounding at the sensor head."
2026-09-01T08:04:15,23.84665066602367,971.5,86.7,NO_FAULT,,0.375,0.0,INFO,0.0,5,ACCEPT,humidity_pct,77.3,"At 01 Sep 2026, 08:04:15 the station is operating normally. All detectors agree that this sample is consistent with healthy operation."
2026-09-01T08:04:20,24.039242023720895,971.5,86.9,NO_FAULT,,0.245,0.0,INFO,0.0,5,ACCEPT,humidity_pct,82.5,"At 01 Sep 2026, 08:04:20 the station is operating normally. All detectors agree that this sample is consistent with healthy operation."
2026-09-01T08:04:25,25.0,971.5,87.0,SPIKE,temperature_c,0.636,0.687,LOW,26.4,4,REJECT_SAMPLE,humidity_pct,54.9,"At 01 Sep 2026, 08:04:25 the system diagnosed a sensor spike / noise burst affecting Temperature. A single sample jumped far beyond anything this channel does naturally and then returned. That is the signature of an electrical impulse or a loose connection, not a real change in the weather. The clearest indicator: Temperature jumped 0.96 degC in one sampling interval - 4.8x the largest movement ever seen on this channel in healthy data. Temperature carries 44% of the statistical attribution, reading 25.00 degC (4.1 sigma above its normal level). Note that the joint-distance attribution is led by Relative humidity instead, because SHAP scores the level of each channel while this fault is defined by rate of change. 2 of 3 independent detectors flagged this sample. Inspect cabling, connectors and grounding at the sensor head."
2026-09-01T08:04:30,25.0,971.5,87.2,NO_FAULT,,0.261,0.0,INFO,0.0,5,ACCEPT,humidity_pct,48.7,"At 01 Sep 2026, 08:04:30 the station is operating normally. All detectors agree that this sample is consistent with healthy operation."
2026-09-01T08:04:35,25.0,971.5,87.1,NO_FAULT,,0.259,0.0,INFO,0.0,5,ACCEPT,humidity_pct,51.9,"At 01 Sep 2026, 08:04:35 the station is operating normally. All detectors agree that this sample is consistent with healthy operation."
2026-09-01T08:04:40,25.0,971.5,87.1,NO_FAULT,,0.255,0.0,INFO,0.0,5,ACCEPT,humidity_pct,51.9,"At 01 Sep 2026, 08:04:40 the station is operating normally. All detectors agree that this sample is consistent with healthy operation."
2026-09-01T08:04:45,25.0,971.5,87.1,NO_FAULT,,0.255,0.0,INFO,0.0,5,ACCEPT,humidity_pct,51.9,"At 01 Sep 2026, 08:04:45 the station is operating normally. All detectors agree that this sample is consistent with healthy operation."
2026-09-01T08:04:50,25.0,971.5,115.0,SPIKE,humidity_pct,1.0,0.811,LOW,39.7,4,REJECT_SAMPLE,humidity_pct,76.4,"At 01 Sep 2026, 08:04:50 the system diagnosed a sensor spike / noise burst affecting Relative humidity. A single sample jumped far beyond anything this channel does naturally and then returned. That is the signature of an electrical impulse or a loose connection, not a real change in the weather. The clearest indicator: Relative humidity jumped 27.90 %RH in one sampling interval - 139.5x the largest movement ever seen on this channel in healthy data. Relative humidity carries 76% of the statistical attribution, reading 115.00 %RH (9.8 sigma above its normal level). 3 of 3 independent detectors flagged this sample. Inspect cabling, connectors and grounding at the sensor head."
2026-09-01T08:04:55,25.0,971.5,87.0,NO_FAULT,,0.422,0.0,INFO,0.0,5,ACCEPT,humidity_pct,54.9,"At 01 Sep 2026, 08:04:55 the station is operating normally. All detectors agree that this sample is consistent with healthy operation."
2026-09-01T08:05:00,25.0,971.5,87.0,NO_FAULT,,0.257,0.0,INFO,0.0,5,ACCEPT,humidity_pct,54.9,"At 01 Sep 2026, 08:05:00 the station is operating normally. All detectors agree that this sample is consistent with healthy operation."
2026-09-01T08:05:05,25.0,971.5,87.1,NO_FAULT,,0.259,0.0,INFO,0.0,5,ACCEPT,humidity_pct,51.9,"At 01 Sep 2026, 08:05:05 the station is operating normally. All detectors agree that this sample is consistent with healthy operation."
2026-09-01T08:05:10,25.0,971.5,87.2,NO_FAULT,,0.258,0.0,INFO,0.0,5,ACCEPT,humidity_pct,48.7,"At 01 Sep 2026, 08:05:10 the station is operating normally. All detectors agree that this sample is consistent with healthy operation."
2026-09-01T08:05:15,25.0,971.5,87.3,NO_FAULT,,0.257,0.0,INFO,0.0,5,ACCEPT,temperature_c,50.2,"At 01 Sep 2026, 08:05:15 the station is operating normally. All detectors agree that this sample is consistent with healthy operation."
2026-09-01T08:05:20,25.0,971.5,87.3,NO_FAULT,,0.254,0.0,INFO,0.0,5,ACCEPT,temperature_c,50.2,"At 01 Sep 2026, 08:05:20 the station is operating normally. All detectors agree that this sample is consistent with healthy operation."
2026-09-01T08:05:25,25.0,971.5,87.3,NO_FAULT,,0.254,0.0,INFO,0.0,5,ACCEPT,temperature_c,50.2,"At 01 Sep 2026, 08:05:25 the station is operating normally. All detectors agree that this sample is consistent with healthy operation."
2026-09-01T08:05:30,25.0,971.5,87.4,NO_FAULT,,0.256,0.0,INFO,0.0,5,ACCEPT,temperature_c,52.1,"At 01 Sep 2026, 08:05:30 the station is operating normally. All detectors agree that this sample is consistent with healthy operation."
2026-09-01T08:05:35,46.340978637287186,971.5,87.4,SPIKE,temperature_c,1.0,0.783,MODERATE,41.2,3,REJECT_SAMPLE,temperature_c,97.9,"At 01 Sep 2026, 08:05:35 the system diagnosed a sensor spike / noise burst affecting Temperature. A single sample jumped far beyond anything this channel does naturally and then returned. That is the signature of an electrical impulse or a loose connection, not a real change in the weather. The clearest indicator: Temperature jumped 21.34 degC in one sampling interval - 106.7x the largest movement ever seen on this channel in healthy data. Temperature carries 98% of the statistical attribution, reading 46.34 degC (66.5 sigma above its normal level). 3 of 3 independent detectors flagged this sample. Inspect cabling, connectors and grounding at the sensor head."
2026-09-01T08:05:40,25.0,971.5,87.7,NO_FAULT,,0.415,0.0,INFO,0.0,5,ACCEPT,temperature_c,57.6,"At 01 Sep 2026, 08:05:40 the station is operating normally. All detectors agree that this sample is consistent with healthy operation."
2026-09-01T08:05:45,25.1,971.5,87.9,NO_FAULT,,0.265,0.0,INFO,0.0,5,ACCEPT,temperature_c,68.3,"At 01 Sep 2026, 08:05:45 the station is operating normally. All detectors agree that this sample is consistent with healthy operation."
2026-09-01T08:05:50,25.1,977.4684100223318,88.2,SPIKE,pressure_hpa,0.998,0.783,MODERATE,42.8,3,REJECT_SAMPLE,pressure_hpa,91.3,"At 01 Sep 2026, 08:05:50 the system diagnosed a sensor spike / noise burst affecting Barometric pressure. A single sample jumped far beyond anything this channel does naturally and then returned. That is the signature of an electrical impulse or a loose connection, not a real change in the weather. The clearest indicator: Barometric pressure jumped 5.97 hPa in one sampling interval - 29.8x the largest movement ever seen on this channel in healthy data. Barometric pressure carries 91% of the statistical attribution, reading 977.47 hPa (21.5 sigma above its normal level). 3 of 3 independent detectors flagged this sample. Inspect cabling, connectors and grounding at the sensor head."
2026-09-01T08:05:55,25.1,971.5,88.2,NO_FAULT,,0.419,0.0,INFO,0.0,5,ACCEPT,temperature_c,71.9,"At 01 Sep 2026, 08:05:55 the station is operating normally. All detectors agree that this sample is consistent with healthy operation."
2026-09-01T08:06:00,25.1,971.5,88.2,NO_FAULT,,0.194,0.0,INFO,0.0,5,ACCEPT,temperature_c,71.9,"At 01 Sep 2026, 08:06:00 the station is operating normally. All detectors agree that this sample is consistent with healthy operation."
2026-09-01T08:06:05,25.1,971.5,88.0,NO_FAULT,,0.202,0.0,INFO,0.0,5,ACCEPT,temperature_c,69.6,"At 01 Sep 2026, 08:06:05 the station is operating normally. All detectors agree that this sample is consistent with healthy operation."
2026-09-01T08:06:10,25.1,971.5,87.8,NO_FAULT,,0.204,0.0,INFO,0.0,5,ACCEPT,temperature_c,67.0,"At 01 Sep 2026, 08:06:10 the station is operating normally. All detectors agree that this sample is consistent with healthy operation."
2026-09-01T08:06:15,25.1,971.5,87.6,NO_FAULT,,0.206,0.0,INFO,0.0,5,ACCEPT,temperature_c,64.1,"At 01 Sep 2026, 08:06:15 the station is operating normally. All detectors agree that this sample is consistent with healthy operation."
2026-09-01T08:06:20,25.1,971.5,87.5,NO_FAULT,,0.203,0.0,INFO,0.0,5,ACCEPT,temperature_c,62.6,"At 01 Sep 2026, 08:06:20 the station is operating normally. All detectors agree that this sample is consistent with healthy operation."
2026-09-01T08:06:25,25.1,971.5,87.3,NO_FAULT,,0.208,0.0,INFO,0.0,5,ACCEPT,temperature_c,59.4,"At 01 Sep 2026, 08:06:25 the station is operating normally. All detectors agree that this sample is consistent with healthy operation."
2026-09-01T08:06:30,25.1,971.5,87.2,NO_FAULT,,0.205,0.0,INFO,0.0,5,ACCEPT,temperature_c,57.7,"At 01 Sep 2026, 08:06:30 the station is operating normally. All detectors agree that this sample is consistent with healthy operation."
2026-09-01T08:06:35,4.404576607066559,971.5,87.1,SPIKE,temperature_c,1.0,0.783,MODERATE,41.2,3,REJECT_SAMPLE,temperature_c,93.7,"At 01 Sep 2026, 08:06:35 the system diagnosed a sensor spike / noise burst affecting Temperature. A single sample jumped far beyond anything this channel does naturally and then returned. That is the signature of an electrical impulse or a loose connection, not a real change in the weather. The clearest indicator: Temperature jumped 20.70 degC in one sampling interval - 103.5x the largest movement ever seen on this channel in healthy data. Temperature carries 94% of the statistical attribution, reading 4.40 degC (56.1 sigma below its normal level). 3 of 3 independent detectors flagged this sample. Inspect cabling, connectors and grounding at the sensor head."
2026-09-01T08:06:40,25.1,971.5,87.0,NO_FAULT,,0.429,0.0,INFO,0.0,5,ACCEPT,temperature_c,54.2,"At 01 Sep 2026, 08:06:40 the station is operating normally. All detectors agree that this sample is consistent with healthy operation."
2026-09-01T08:06:45,25.1,971.5,86.9,NO_FAULT,,0.208,0.0,INFO,0.0,5,ACCEPT,temperature_c,52.5,"At 01 Sep 2026, 08:06:45 the station is operating normally. All detectors agree that this sample is consistent with healthy operation."
2026-09-01T08:06:50,25.1,971.5,86.8,NO_FAULT,,0.269,0.0,INFO,0.0,5,ACCEPT,temperature_c,50.7,"At 01 Sep 2026, 08:06:50 the station is operating normally. All detectors agree that this sample is consistent with healthy operation."
2026-09-01T08:06:55,25.1,971.5,86.7,NO_FAULT,,0.21,0.0,INFO,0.0,5,ACCEPT,temperature_c,49.0,"At 01 Sep 2026, 08:06:55 the station is operating normally. All detectors agree that this sample is consistent with healthy operation."
2026-09-01T08:07:00,25.1,971.5,86.7,NO_FAULT,,0.206,0.0,INFO,0.0,5,ACCEPT,temperature_c,49.0,"At 01 Sep 2026, 08:07:00 the station is operating normally. All detectors agree that this sample is consistent with healthy operation."
2026-09-01T08:07:05,40.8162469952971,971.5,86.7,SPIKE,temperature_c,1.0,0.783,LOW,39.2,4,REJECT_SAMPLE,temperature_c,97.2,"At 01 Sep 2026, 08:07:05 the system diagnosed a sensor spike / noise burst affecting Temperature. A single sample jumped far beyond anything this channel does naturally and then returned. That is the signature of an electrical impulse or a loose connection, not a real change in the weather. The clearest indicator: Temperature jumped 15.72 degC in one sampling interval - 78.6x the largest movement ever seen on this channel in healthy data. Temperature carries 97% of the statistical attribution, reading 40.82 degC (50.3 sigma above its normal level). 3 of 3 independent detectors flagged this sample. Inspect cabling, connectors and grounding at the sensor head."
2026-09-01T08:07:10,25.1,971.5,86.8,NO_FAULT,,0.431,0.0,INFO,0.0,5,ACCEPT,temperature_c,50.7,"At 01 Sep 2026, 08:07:10 the station is operating normally. All detectors agree that this sample is consistent with healthy operation."
2026-09-01T08:07:15,25.1,971.5,86.7,NO_FAULT,,0.21,0.0,INFO,0.0,5,ACCEPT,temperature_c,49.0,"At 01 Sep 2026, 08:07:15 the station is operating normally. All detectors agree that this sample is consistent with healthy operation."
2026-09-01T08:07:20,25.1,971.5,86.8,NO_FAULT,,0.209,0.0,INFO,0.0,5,ACCEPT,temperature_c,50.7,"At 01 Sep 2026, 08:07:20 the station is operating normally. All detectors agree that this sample is consistent with healthy operation."
2026-09-01T08:07:25,25.1,971.5,86.8,NO_FAULT,,0.206,0.0,INFO,0.0,5,ACCEPT,temperature_c,50.7,"At 01 Sep 2026, 08:07:25 the station is operating normally. All detectors agree that this sample is consistent with healthy operation."
2026-09-01T08:07:30,10.192930056454792,971.5,86.8,SPIKE,temperature_c,1.0,0.815,LOW,39.2,4,REJECT_SAMPLE,temperature_c,90.9,"At 01 Sep 2026, 08:07:30 the system diagnosed a sensor spike / noise burst affecting Temperature. A single sample jumped far beyond anything this channel does naturally and then returned. That is the signature of an electrical impulse or a loose connection, not a real change in the weather. The clearest indicator: Temperature jumped 14.91 degC in one sampling interval - 74.5x the largest movement ever seen on this channel in healthy data. Temperature carries 91% of the statistical attribution, reading 10.19 degC (39.2 sigma below its normal level). 3 of 3 independent detectors flagged this sample. Inspect cabling, connectors and grounding at the sensor head."
2026-09-01T08:07:35,10.192930056454792,971.5,86.8,MULTIVARIATE_ANOMALY,temperature_c,0.918,0.933,MODERATE,57.3,3,HOLD_FOR_REVIEW,temperature_c,90.9,"At 01 Sep 2026, 08:07:35 the system diagnosed a single-channel outlier affecting Temperature. The joint sensor reading is far outside the station's normal operating cloud, and the displacement is dominated by one channel rather than by the relationship between them. Treat this as a single-channel failure. The clearest indicator: The joint (temperature, pressure, humidity) reading sits 84.1 sigma from the station's healthy operating cloud. Temperature carries 91% of the statistical attribution, reading 10.19 degC (39.2 sigma below its normal level). 3 of 3 independent detectors flagged this sample. Verify channel wiring and the datalogger channel map."
2026-09-01T08:07:40,10.192930056454792,971.5,86.9,MULTIVARIATE_ANOMALY,temperature_c,0.921,0.933,MODERATE,57.3,3,HOLD_FOR_REVIEW,temperature_c,91.0,"At 01 Sep 2026, 08:07:40 the system diagnosed a single-channel outlier affecting Temperature. The joint sensor reading is far outside the station's normal operating cloud, and the displacement is dominated by one channel rather than by the relationship between them. Treat this as a single-channel failure. The clearest indicator: The joint (temperature, pressure, humidity) reading sits 84.0 sigma from the station's healthy operating cloud. Temperature carries 91% of the statistical attribution, reading 10.19 degC (39.2 sigma below its normal level). 3 of 3 independent detectors flagged this sample. Verify channel wiring and the datalogger channel map."
2026-09-01T08:07:45,10.192930056454792,971.5,87.0,MULTIVARIATE_ANOMALY,temperature_c,0.92,0.933,MODERATE,57.2,3,HOLD_FOR_REVIEW,temperature_c,91.1,"At 01 Sep 2026, 08:07:45 the system diagnosed a single-channel outlier affecting Temperature. The joint sensor reading is far outside the station's normal operating cloud, and the displacement is dominated by one channel rather than by the relationship between them. Treat this as a single-channel failure. The clearest indicator: The joint (temperature, pressure, humidity) reading sits 83.9 sigma from the station's healthy operating cloud. Temperature carries 91% of the statistical attribution, reading 10.19 degC (39.2 sigma below its normal level). 3 of 3 independent detectors flagged this sample. Verify channel wiring and the datalogger channel map."
2026-09-01T08:07:50,10.192930056454792,971.5,87.0,MULTIVARIATE_ANOMALY,temperature_c,0.917,0.933,HIGH,63.2,2,HOLD_FOR_REVIEW,temperature_c,91.1,"At 01 Sep 2026, 08:07:50 the system diagnosed a single-channel outlier affecting Temperature. The joint sensor reading is far outside the station's normal operating cloud, and the displacement is dominated by one channel rather than by the relationship between them. Treat this as a single-channel failure. The clearest indicator: The joint (temperature, pressure, humidity) reading sits 83.9 sigma from the station's healthy operating cloud. Temperature carries 91% of the statistical attribution, reading 10.19 degC (39.2 sigma below its normal level). 3 of 3 independent detectors flagged this sample. Verify channel wiring and the datalogger channel map."
2026-09-01T08:07:55,10.192930056454792,971.5,87.1,MULTIVARIATE_ANOMALY,temperature_c,0.92,0.933,HIGH,65.2,2,HOLD_FOR_REVIEW,temperature_c,91.2,"At 01 Sep 2026, 08:07:55 the system diagnosed a single-channel outlier affecting Temperature. The joint sensor reading is far outside the station's normal operating cloud, and the displacement is dominated by one channel rather than by the relationship between them. Treat this as a single-channel failure. The clearest indicator: The joint (temperature, pressure, humidity) reading sits 83.8 sigma from the station's healthy operating cloud. Temperature carries 91% of the statistical attribution, reading 10.19 degC (39.2 sigma below its normal level). 3 of 3 independent detectors flagged this sample. Verify channel wiring and the datalogger channel map."
2026-09-01T08:08:00,10.192930056454792,971.5,87.0,MULTIVARIATE_ANOMALY,temperature_c,0.92,0.933,HIGH,67.2,2,HOLD_FOR_REVIEW,temperature_c,91.1,"At 01 Sep 2026, 08:08:00 the system diagnosed a single-channel outlier affecting Temperature. The joint sensor reading is far outside the station's normal operating cloud, and the displacement is dominated by one channel rather than by the relationship between them. Treat this as a single-channel failure. The clearest indicator: The joint (temperature, pressure, humidity) reading sits 83.9 sigma from the station's healthy operating cloud. Temperature carries 91% of the statistical attribution, reading 10.19 degC (39.2 sigma below its normal level). 3 of 3 independent detectors flagged this sample. Verify channel wiring and the datalogger channel map."
2026-09-01T08:08:05,10.09293005645479,971.5,86.8,MULTIVARIATE_ANOMALY,temperature_c,0.926,0.933,HIGH,67.4,2,HOLD_FOR_REVIEW,temperature_c,90.9,"At 01 Sep 2026, 08:08:05 the system diagnosed a single-channel outlier affecting Temperature. The joint sensor reading is far outside the station's normal operating cloud, and the displacement is dominated by one channel rather than by the relationship between them. Treat this as a single-channel failure. The clearest indicator: The joint (temperature, pressure, humidity) reading sits 84.6 sigma from the station's healthy operating cloud. Temperature carries 91% of the statistical attribution, reading 10.09 degC (39.5 sigma below its normal level). 3 of 3 independent detectors flagged this sample. Verify channel wiring and the datalogger channel map."
2026-09-01T08:08:10,10.09293005645479,971.5,86.7,MULTIVARIATE_ANOMALY,temperature_c,0.922,0.933,HIGH,67.4,2,HOLD_FOR_REVIEW,temperature_c,90.8,"At 01 Sep 2026, 08:08:10 the system diagnosed a single-channel outlier affecting Temperature. The joint sensor reading is far outside the station's normal operating cloud, and the displacement is dominated by one channel rather than by the relationship between them. Treat this as a single-channel failure. The clearest indicator: The joint (temperature, pressure, humidity) reading sits 84.7 sigma from the station's healthy operating cloud. Temperature carries 91% of the statistical attribution, reading 10.09 degC (39.5 sigma below its normal level). 3 of 3 independent detectors flagged this sample. Verify channel wiring and the datalogger channel map."
2026-09-01T08:08:15,25.0,971.5,86.6,SPIKE,temperature_c,0.926,0.933,LOW,39.2,4,REJECT_SAMPLE,humidity_pct,62.0,"At 01 Sep 2026, 08:08:15 the system diagnosed a sensor spike / noise burst affecting Temperature. A single sample jumped far beyond anything this channel does naturally and then returned. That is the signature of an electrical impulse or a loose connection, not a real change in the weather. The clearest indicator: Temperature jumped 14.91 degC in one sampling interval - 74.5x the largest movement ever seen on this channel in healthy data. Temperature carries 35% of the statistical attribution, reading 25.00 degC (4.1 sigma above its normal level). Note that the joint-distance attribution is led by Relative humidity instead, because SHAP scores the level of each channel while this fault is defined by rate of change. 2 of 3 independent detectors flagged this sample. Inspect cabling, connectors and grounding at the sensor head."
2026-09-01T08:08:20,25.0,971.5,86.6,NO_FAULT,,0.261,0.0,INFO,0.0,5,ACCEPT,humidity_pct,62.0,"At 01 Sep 2026, 08:08:20 the station is operating normally. All detectors agree that this sample is consistent with healthy operation."
2026-09-01T08:08:25,25.0,971.5,86.5,NO_FAULT,,0.265,0.0,INFO,0.0,5,ACCEPT,humidity_pct,63.4,"At 01 Sep 2026, 08:08:25 the station is operating normally. All detectors agree that this sample is consistent with healthy operation."
2026-09-01T08:08:30,25.0,971.5,86.6,NO_FAULT,,0.264,0.0,INFO,0.0,5,ACCEPT,humidity_pct,62.0,"At 01 Sep 2026, 08:08:30 the station is operating normally. All detectors agree that this sample is consistent with healthy operation."
2026-09-01T08:08:35,25.0,979.2781162852348,86.6,SPIKE,pressure_hpa,1.0,0.811,MODERATE,42.2,3,REJECT_SAMPLE,pressure_hpa,94.4,"At 01 Sep 2026, 08:08:35 the system diagnosed a sensor spike / noise burst affecting Barometric pressure. A single sample jumped far beyond anything this channel does naturally and then returned. That is the signature of an electrical impulse or a loose connection, not a real change in the weather. The clearest indicator: Barometric pressure jumped 7.78 hPa in one sampling interval - 38.9x the largest movement ever seen on this channel in healthy data. Barometric pressure carries 94% of the statistical attribution, reading 979.28 hPa (27.6 sigma above its normal level). 3 of 3 independent detectors flagged this sample. Inspect cabling, connectors and grounding at the sensor head."
2026-09-01T08:08:40,25.0,971.5,86.6,NO_FAULT,,0.426,0.0,INFO,0.0,5,ACCEPT,humidity_pct,62.0,"At 01 Sep 2026, 08:08:40 the station is operating normally. All detectors agree that this sample is consistent with healthy operation."
2026-09-01T08:08:45,25.0,971.5,86.6,NO_FAULT,,0.261,0.0,INFO,0.0,5,ACCEPT,humidity_pct,62.0,"At 01 Sep 2026, 08:08:45 the station is operating normally. All detectors agree that this sample is consistent with healthy operation."
2026-09-01T08:08:50,25.0,971.5,86.7,NO_FAULT,,0.263,0.0,INFO,0.0,5,ACCEPT,humidity_pct,60.5,"At 01 Sep 2026, 08:08:50 the station is operating normally. All detectors agree that this sample is consistent with healthy operation."
2026-09-01T08:08:55,25.0,971.5,86.7,NO_FAULT,,0.259,0.0,INFO,0.0,5,ACCEPT,humidity_pct,60.5,"At 01 Sep 2026, 08:08:55 the station is operating normally. All detectors agree that this sample is consistent with healthy operation."
2026-09-01T08:09:00,24.9,971.5,86.7,NO_FAULT,,0.262,0.0,INFO,0.0,5,ACCEPT,humidity_pct,68.9,"At 01 Sep 2026, 08:09:00 the station is operating normally. All detectors agree that this sample is consistent with healthy operation."
2026-09-01T08:09:05,25.0,971.5,86.7,DRIFT,temperature_c,0.768,1.0,HIGH,63.5,2,FLAG_SUSPECT,humidity_pct,60.5,"At 01 Sep 2026, 08:09:05 the system diagnosed a calibration drift affecting Temperature. The channel is slowly and consistently moving away from its calibrated baseline. Readings still look plausible, which is what makes drift dangerous - it quietly biases every observation until the sensor is recalibrated. The clearest indicator: Temperature has averaged 18.32 degC over the last 20 samples, 15.7 sigma away from its calibrated baseline of 23.60 degC. Temperature carries 37% of the statistical attribution, reading 25.00 degC (4.1 sigma above its normal level). Note that the joint-distance attribution is led by Relative humidity instead, because SHAP scores the level of each channel while this fault is defined by rate of change. 2 of 3 independent detectors flagged this sample. Schedule a calibration check against a reference instrument."
2026-09-01T08:09:10,25.0,971.5,86.7,DRIFT,temperature_c,0.759,1.0,HIGH,63.0,2,FLAG_SUSPECT,humidity_pct,60.5,"At 01 Sep 2026, 08:09:10 the system diagnosed a calibration drift affecting Temperature. The channel is slowly and consistently moving away from its calibrated baseline. Readings still look plausible, which is what makes drift dangerous - it quietly biases every observation until the sensor is recalibrated. The clearest indicator: Temperature has averaged 19.07 degC over the last 20 samples, 13.5 sigma away from its calibrated baseline of 23.60 degC. Temperature carries 37% of the statistical attribution, reading 25.00 degC (4.1 sigma above its normal level). Note that the joint-distance attribution is led by Relative humidity instead, because SHAP scores the level of each channel while this fault is defined by rate of change. 2 of 3 independent detectors flagged this sample. Schedule a calibration check against a reference instrument."
2026-09-01T08:09:15,24.9,971.5,86.8,DRIFT,temperature_c,0.701,0.933,MODERATE,59.2,3,FLAG_SUSPECT,humidity_pct,67.7,"At 01 Sep 2026, 08:09:15 the system diagnosed a calibration drift affecting Temperature. The channel is slowly and consistently moving away from its calibrated baseline. Readings still look plausible, which is what makes drift dangerous - it quietly biases every observation until the sensor is recalibrated. The clearest indicator: Temperature has averaged 19.81 degC over the last 20 samples, 11.3 sigma away from its calibrated baseline of 23.60 degC. Temperature carries 26% of the statistical attribution, reading 24.90 degC (3.8 sigma above its normal level). Note that the joint-distance attribution is led by Relative humidity instead, because SHAP scores the level of each channel while this fault is defined by rate of change. 1 of 3 independent detectors flagged this sample. Schedule a calibration check against a reference instrument."
2026-09-01T08:09:20,24.9,971.5,86.8,DRIFT,temperature_c,0.693,0.933,HIGH,61.3,2,FLAG_SUSPECT,humidity_pct,67.7,"At 01 Sep 2026, 08:09:20 the system diagnosed a calibration drift affecting Temperature. The channel is slowly and consistently moving away from its calibrated baseline. Readings still look plausible, which is what makes drift dangerous - it quietly biases every observation until the sensor is recalibrated. The clearest indicator: Temperature has averaged 20.54 degC over the last 20 samples, 9.1 sigma away from its calibrated baseline of 23.60 degC. Temperature carries 26% of the statistical attribution, reading 24.90 degC (3.8 sigma above its normal level). Note that the joint-distance attribution is led by Relative humidity instead, because SHAP scores the level of each channel while this fault is defined by rate of change. 1 of 3 independent detectors flagged this sample. Schedule a calibration check against a reference instrument."
2026-09-01T08:09:25,24.9,971.5,86.9,DRIFT,temperature_c,0.692,0.93,MODERATE,59.5,3,FLAG_SUSPECT,humidity_pct,66.4,"At 01 Sep 2026, 08:09:25 the system diagnosed a calibration drift affecting Temperature. The channel is slowly and consistently moving away from its calibrated baseline. Readings still look plausible, which is what makes drift dangerous - it quietly biases every observation until the sensor is recalibrated. The clearest indicator: Temperature has averaged 21.27 degC over the last 20 samples, 6.9 sigma away from its calibrated baseline of 23.60 degC. Temperature carries 28% of the statistical attribution, reading 24.90 degC (3.8 sigma above its normal level). Note that the joint-distance attribution is led by Relative humidity instead, because SHAP scores the level of each channel while this fault is defined by rate of change. 1 of 3 independent detectors flagged this sample. Schedule a calibration check against a reference instrument."
2026-09-01T08:09:30,24.9,971.5,86.9,DRIFT,temperature_c,0.606,0.857,MODERATE,57.6,3,FLAG_SUSPECT,humidity_pct,66.4,"At 01 Sep 2026, 08:09:30 the system diagnosed a calibration drift affecting Temperature. The channel is slowly and consistently moving away from its calibrated baseline. Readings still look plausible, which is what makes drift dangerous - it quietly biases every observation until the sensor is recalibrated. The clearest indicator: The movement is consistently upward (96% of the travel is net displacement, about +511.07 degC/hour), which separates calibration drift from random fluctuation. Temperature carries 28% of the statistical attribution, reading 24.90 degC (3.8 sigma above its normal level). Note that the joint-distance attribution is led by Relative humidity instead, because SHAP scores the level of each channel while this fault is defined by rate of change. 1 of 3 independent detectors flagged this sample. Schedule a calibration check against a reference instrument."
2026-09-01T08:09:35,24.9,971.2127338790216,86.9,NO_FAULT,,0.194,0.0,INFO,0.0,5,ACCEPT,humidity_pct,70.7,"At 01 Sep 2026, 08:09:35 the station is operating normally. All detectors agree that this sample is consistent with healthy operation."
2026-09-01T08:09:40,24.9,970.6428001597134,86.9,NO_FAULT,,0.257,0.0,INFO,0.0,5,ACCEPT,humidity_pct,87.9,"At 01 Sep 2026, 08:09:40 the station is operating normally. All detectors agree that this sample is consistent with healthy operation."
2026-09-01T08:09:45,24.9,970.70590465473,87.1,NO_FAULT,,0.203,0.0,INFO,0.0,5,ACCEPT,humidity_pct,93.7,"At 01 Sep 2026, 08:09:45 the station is operating normally. All detectors agree that this sample is consistent with healthy operation."
2026-09-01T08:09:50,24.9,972.4602001377664,87.1,SPIKE,pressure_hpa,0.976,0.867,LOW,28.1,4,REJECT_SAMPLE,pressure_hpa,71.6,"At 01 Sep 2026, 08:09:50 the system diagnosed a sensor spike / noise burst affecting Barometric pressure. A single sample jumped far beyond anything this channel does naturally and then returned. That is the signature of an electrical impulse or a loose connection, not a real change in the weather. The clearest indicator: Barometric pressure jumped 1.75 hPa in one sampling interval - 8.8x the largest movement ever seen on this channel in healthy data. Barometric pressure carries 72% of the statistical attribution, reading 972.46 hPa (4.6 sigma above its normal level). 2 of 3 independent detectors flagged this sample. Inspect cabling, connectors and grounding at the sensor head."
2026-09-01T08:09:55,24.9,972.349363973054,87.1,NO_FAULT,,0.335,0.0,INFO,0.0,5,ACCEPT,pressure_hpa,70.1,"At 01 Sep 2026, 08:09:55 the station is operating normally. All detectors agree that this sample is consistent with healthy operation."
2026-09-01T08:10:00,24.9,971.9151543342074,87.1,NO_FAULT,,0.28,0.0,INFO,0.0,5,ACCEPT,pressure_hpa,49.3,"At 01 Sep 2026, 08:10:00 the station is operating normally. All detectors agree that this sample is consistent with healthy operation."
2026-09-01T08:10:05,24.9,971.0132867894428,87.1,SPIKE,pressure_hpa,0.423,0.67,LOW,26.0,4,REJECT_SAMPLE,humidity_pct,76.3,"At 01 Sep 2026, 08:10:05 the system diagnosed a sensor spike / noise burst affecting Barometric pressure. A single sample jumped far beyond anything this channel does naturally and then returned. That is the signature of an electrical impulse or a loose connection, not a real change in the weather. The clearest indicator: Barometric pressure jumped 0.90 hPa in one sampling interval - 4.5x the largest movement ever seen on this channel in healthy data. Barometric pressure carries 15% of the statistical attribution, reading 971.01 hPa (0.3 sigma at its normal level). Note that the joint-distance attribution is led by Relative humidity instead, because SHAP scores the level of each channel while this fault is defined by rate of change. 0 of 3 independent detectors flagged this sample. Inspect cabling, connectors and grounding at the sensor head."
2026-09-01T08:10:10,24.9,972.4753312405364,87.0,NO_FAULT,,0.453,0.0,INFO,0.0,5,ACCEPT,pressure_hpa,72.2,"At 01 Sep 2026, 08:10:10 the station is operating normally. All detectors agree that this sample is consistent with healthy operation."
2026-09-01T08:10:15,24.9,972.0794717681708,86.9,NO_FAULT,,0.288,0.0,INFO,0.0,5,ACCEPT,pressure_hpa,59.3,"At 01 Sep 2026, 08:10:15 the station is operating normally. All detectors agree that this sample is consistent with healthy operation."
2026-09-01T08:10:20,24.9,971.950874740217,86.8,NO_FAULT,,0.261,0.0,INFO,0.0,5,ACCEPT,pressure_hpa,48.7,"At 01 Sep 2026, 08:10:20 the station is operating normally. All detectors agree that this sample is consistent with healthy operation."
2026-09-01T08:10:25,24.9,971.39473189334,86.7,NO_FAULT,,0.231,0.0,INFO,0.0,5,ACCEPT,humidity_pct,69.4,"At 01 Sep 2026, 08:10:25 the station is operating normally. All detectors agree that this sample is consistent with healthy operation."
2026-09-01T08:10:30,24.9,971.026532172647,86.6,NO_FAULT,,0.203,0.0,INFO,0.0,5,ACCEPT,humidity_pct,79.0,"At 01 Sep 2026, 08:10:30 the station is operating normally. All detectors agree that this sample is consistent with healthy operation."
2026-09-01T08:10:35,24.9,971.5,86.6,NO_FAULT,,0.234,0.0,INFO,0.0,5,ACCEPT,humidity_pct,70.0,"At 01 Sep 2026, 08:10:35 the station is operating normally. All detectors agree that this sample is consistent with healthy operation."
2026-09-01T08:10:40,24.8,971.5,86.6,NO_FAULT,,0.197,0.0,INFO,0.0,5,ACCEPT,humidity_pct,76.6,"At 01 Sep 2026, 08:10:40 the station is operating normally. All detectors agree that this sample is consistent with healthy operation."
2026-09-01T08:10:45,24.8,971.5,86.6,NO_FAULT,,0.188,0.0,INFO,0.0,5,ACCEPT,humidity_pct,76.6,"At 01 Sep 2026, 08:10:45 the station is operating normally. All detectors agree that this sample is consistent with healthy operation."
2026-09-01T08:10:50,24.9,971.5,86.7,NO_FAULT,,0.202,0.0,INFO,0.0,5,ACCEPT,humidity_pct,68.9,"At 01 Sep 2026, 08:10:50 the station is operating normally. All detectors agree that this sample is consistent with healthy operation."
2026-09-01T08:14:25,25.1,971.4,86.5,COMMUNICATION_FAILURE,,0.719,0.867,HIGH,78.0,2,MARK_MISSING,humidity_pct,57.2,"At 01 Sep 2026, 08:14:25 the system diagnosed a communication / telemetry failure at this station. The problem is in the telemetry path rather than the sensors. Samples are missing, malformed, or repeated, so the record for this period is incomplete. The clearest indicator: Data gap of 215 s against a nominal 5 s interval - approximately 42 sample(s) never reached the server. 1 of 3 independent detectors flagged this sample. Check the datalogger, modem and power supply at the station."
2026-09-01T08:14:30,25.1,971.5,86.6,NO_FAULT,,0.216,0.0,INFO,0.0,5,ACCEPT,humidity_pct,51.1,"At 01 Sep 2026, 08:14:30 the station is operating normally. All detectors agree that this sample is consistent with healthy operation."
2026-09-01T08:14:35,25.1,971.4,86.8,NO_FAULT,,0.208,0.0,INFO,0.0,5,ACCEPT,humidity_pct,52.5,"At 01 Sep 2026, 08:14:35 the station is operating normally. All detectors agree that this sample is consistent with healthy operation."
2026-09-01T08:14:40,25.1,971.4,87.0,NO_FAULT,,0.204,0.0,INFO,0.0,5,ACCEPT,humidity_pct,49.0,"At 01 Sep 2026, 08:14:40 the station is operating normally. All detectors agree that this sample is consistent with healthy operation."
2026-09-01T08:14:45,25.1,971.4,59.63003714315488,SPIKE,humidity_pct,1.0,0.811,LOW,29.7,4,REJECT_SAMPLE,humidity_pct,97.6,"At 01 Sep 2026, 08:14:45 the system diagnosed a sensor spike / noise burst affecting Relative humidity. A single sample jumped far beyond anything this channel does naturally and then returned. That is the signature of an electrical impulse or a loose connection, not a real change in the weather. The clearest indicator: Relative humidity jumped 27.37 %RH in one sampling interval - 136.8x the largest movement ever seen on this channel in healthy data. Relative humidity carries 98% of the statistical attribution, reading 59.63 %RH (18.1 sigma below its normal level). 3 of 3 independent detectors flagged this sample. Inspect cabling, connectors and grounding at the sensor head."
2026-09-01T08:14:50,25.1,971.5,87.0,NO_FAULT,,0.429,0.0,INFO,0.0,5,ACCEPT,temperature_c,54.2,"At 01 Sep 2026, 08:14:50 the station is operating normally. All detectors agree that this sample is consistent with healthy operation."
2026-09-01T08:14:55,25.1,971.5,86.7,NO_FAULT,,0.216,0.0,INFO,0.0,5,ACCEPT,temperature_c,49.0,"At 01 Sep 2026, 08:14:55 the station is operating normally. All detectors agree that this sample is consistent with healthy operation."
2026-09-01T08:15:00,25.1,971.5,86.5,NO_FAULT,,0.216,0.0,INFO,0.0,5,ACCEPT,humidity_pct,53.8,"At 01 Sep 2026, 08:15:00 the station is operating normally. All detectors agree that this sample is consistent with healthy operation."
2026-09-01T08:15:05,25.1,963.6021465970672,86.4,SPIKE,pressure_hpa,1.0,0.783,MODERATE,40.2,3,REJECT_SAMPLE,pressure_hpa,87.0,"At 01 Sep 2026, 08:15:05 the system diagnosed a sensor spike / noise burst affecting Barometric pressure. A single sample jumped far beyond anything this channel does naturally and then returned. That is the signature of an electrical impulse or a loose connection, not a real change in the weather. The clearest indicator: Barometric pressure jumped 7.90 hPa in one sampling interval - 39.5x the largest movement ever seen on this channel in healthy data. Barometric pressure carries 87% of the statistical attribution, reading 963.60 hPa (25.3 sigma below its normal level). 3 of 3 independent detectors flagged this sample. Inspect cabling, connectors and grounding at the sensor head."
2026-09-01T08:15:10,25.1,971.5,86.7,NO_FAULT,,0.431,0.0,INFO,0.0,5,ACCEPT,temperature_c,49.0,"At 01 Sep 2026, 08:15:10 the station is operating normally. All detectors agree that this sample is consistent with healthy operation."
2026-09-01T08:15:15,25.1,971.5,87.1,NO_FAULT,,0.216,0.0,INFO,0.0,5,ACCEPT,temperature_c,56.0,"At 01 Sep 2026, 08:15:15 the station is operating normally. All detectors agree that this sample is consistent with healthy operation."
2026-09-01T08:15:20,25.2,971.5,87.3,NO_FAULT,,0.218,0.0,INFO,0.0,5,ACCEPT,temperature_c,66.5,"At 01 Sep 2026, 08:15:20 the station is operating normally. All detectors agree that this sample is consistent with healthy operation."
2026-09-01T08:15:25,25.2,971.5,87.0,NO_FAULT,,0.222,0.0,INFO,0.0,5,ACCEPT,temperature_c,62.2,"At 01 Sep 2026, 08:15:25 the station is operating normally. All detectors agree that this sample is consistent with healthy operation."
2026-09-01T08:15:30,25.2,971.5,68.11145089206688,SPIKE,humidity_pct,1.0,0.87,LOW,37.7,4,REJECT_SAMPLE,humidity_pct,96.8,"At 01 Sep 2026, 08:15:30 the system diagnosed a sensor spike / noise burst affecting Relative humidity. A single sample jumped far beyond anything this channel does naturally and then returned. That is the signature of an electrical impulse or a loose connection, not a real change in the weather. The clearest indicator: Relative humidity jumped 18.89 %RH in one sampling interval - 94.4x the largest movement ever seen on this channel in healthy data. Relative humidity carries 97% of the statistical attribution, reading 68.11 %RH (13.8 sigma below its normal level). 3 of 3 independent detectors flagged this sample. Inspect cabling, connectors and grounding at the sensor head."
2026-09-01T08:15:35,25.2,971.5,86.3,NO_FAULT,,0.444,0.0,INFO,0.0,5,ACCEPT,temperature_c,51.0,"At 01 Sep 2026, 08:15:35 the station is operating normally. All detectors agree that this sample is consistent with healthy operation."
2026-09-01T08:15:40,25.1,971.5,86.0,NO_FAULT,,0.225,0.0,INFO,0.0,5,ACCEPT,humidity_pct,62.1,"At 01 Sep 2026, 08:15:40 the station is operating normally. All detectors agree that this sample is consistent with healthy operation."
2026-09-01T08:15:45,25.2,971.5,86.0,NO_FAULT,,0.29,0.0,INFO,0.0,5,ACCEPT,humidity_pct,53.0,"At 01 Sep 2026, 08:15:45 the station is operating normally. All detectors agree that this sample is consistent with healthy operation."
2026-09-01T08:15:50,25.2,971.5,86.0,NO_FAULT,,0.222,0.0,INFO,0.0,5,ACCEPT,humidity_pct,53.0,"At 01 Sep 2026, 08:15:50 the station is operating normally. All detectors agree that this sample is consistent with healthy operation."
2026-09-01T08:15:55,25.2,971.5,86.3,NO_FAULT,,0.229,0.0,INFO,0.0,5,ACCEPT,temperature_c,51.0,"At 01 Sep 2026, 08:15:55 the station is operating normally. All detectors agree that this sample is consistent with healthy operation."
2026-09-01T08:16:00,25.2,971.5,86.4,NO_FAULT,,0.221,0.0,INFO,0.0,5,ACCEPT,temperature_c,52.7,"At 01 Sep 2026, 08:16:00 the station is operating normally. All detectors agree that this sample is consistent with healthy operation."
2026-09-01T08:16:05,25.2,971.5,86.4,NO_FAULT,,0.278,0.0,INFO,0.0,5,ACCEPT,temperature_c,52.7,"At 01 Sep 2026, 08:16:05 the station is operating normally. All detectors agree that this sample is consistent with healthy operation."
2026-09-01T08:16:10,25.2,976.079645259154,86.3,SPIKE,pressure_hpa,1.0,0.783,LOW,35.3,4,REJECT_SAMPLE,pressure_hpa,87.9,"At 01 Sep 2026, 08:16:10 the system diagnosed a sensor spike / noise burst affecting Barometric pressure. A single sample jumped far beyond anything this channel does naturally and then returned. That is the signature of an electrical impulse or a loose connection, not a real change in the weather. The clearest indicator: Barometric pressure jumped 4.58 hPa in one sampling interval - 22.9x the largest movement ever seen on this channel in healthy data. Barometric pressure carries 88% of the statistical attribution, reading 976.08 hPa (16.8 sigma above its normal level). 3 of 3 independent detectors flagged this sample. Inspect cabling, connectors and grounding at the sensor head."
2026-09-01T08:16:15,25.2,971.5,86.3,NO_FAULT,,0.444,0.0,INFO,0.0,5,ACCEPT,temperature_c,51.0,"At 01 Sep 2026, 08:16:15 the station is operating normally. All detectors agree that this sample is consistent with healthy operation."
2026-09-01T08:16:20,25.2,971.5,86.3,NO_FAULT,,0.219,0.0,INFO,0.0,5,ACCEPT,temperature_c,51.0,"At 01 Sep 2026, 08:16:20 the station is operating normally. All detectors agree that this sample is consistent with healthy operation."
2026-09-01T08:16:25,25.2,971.4,86.2,NO_FAULT,,0.221,0.0,INFO,0.0,5,ACCEPT,humidity_pct,53.7,"At 01 Sep 2026, 08:16:25 the station is operating normally. All detectors agree that this sample is consistent with healthy operation."
2026-09-01T08:16:30,25.2,971.4,86.3,NO_FAULT,,0.275,0.0,INFO,0.0,5,ACCEPT,humidity_pct,52.2,"At 01 Sep 2026, 08:16:30 the station is operating normally. All detectors agree that this sample is consistent with healthy operation."
2026-09-01T08:16:35,25.2,971.4,86.3,NO_FAULT,,0.212,0.0,INFO,0.0,5,ACCEPT,humidity_pct,52.2,"At 01 Sep 2026, 08:16:35 the station is operating normally. All detectors agree that this sample is consistent with healthy operation."
2026-09-01T08:16:40,25.2,971.4,86.3,NO_FAULT,,0.212,0.0,INFO,0.0,5,ACCEPT,humidity_pct,52.2,"At 01 Sep 2026, 08:16:40 the station is operating normally. All detectors agree that this sample is consistent with healthy operation."
2026-09-01T08:16:45,25.2,971.4,86.4,NO_FAULT,,0.214,0.0,INFO,0.0,5,ACCEPT,humidity_pct,50.6,"At 01 Sep 2026, 08:16:45 the station is operating normally. All detectors agree that this sample is consistent with healthy operation."
2026-09-01T08:16:50,25.2,971.4,86.4,NO_FAULT,,0.21,0.0,INFO,0.0,5,ACCEPT,humidity_pct,50.6,"At 01 Sep 2026, 08:16:50 the station is operating normally. All detectors agree that this sample is consistent with healthy operation."
2026-09-01T08:16:55,25.2,971.4,86.4,NO_FAULT,,0.21,0.0,INFO,0.0,5,ACCEPT,humidity_pct,50.6,"At 01 Sep 2026, 08:16:55 the station is operating normally. All detectors agree that this sample is consistent with healthy operation."
2026-09-01T08:17:00,25.2,971.4,86.5,NO_FAULT,,0.213,0.0,INFO,0.0,5,ACCEPT,humidity_pct,49.0,"At 01 Sep 2026, 08:17:00 the station is operating normally. All detectors agree that this sample is consistent with healthy operation."
2026-09-01T08:17:05,25.2,971.4,86.7,NO_FAULT,,0.214,0.0,INFO,0.0,5,ACCEPT,temperature_c,51.3,"At 01 Sep 2026, 08:17:05 the station is operating normally. All detectors agree that this sample is consistent with healthy operation."
2026-09-01T08:17:10,25.2,971.4,86.9,NO_FAULT,,0.272,0.0,INFO,0.0,5,ACCEPT,temperature_c,56.6,"At 01 Sep 2026, 08:17:10 the station is operating normally. All detectors agree that this sample is consistent with healthy operation."
2026-09-01T08:17:15,25.2,971.5,86.9,NO_FAULT,,0.221,0.0,INFO,0.0,5,ACCEPT,temperature_c,60.7,"At 01 Sep 2026, 08:17:15 the station is operating normally. All detectors agree that this sample is consistent with healthy operation."
2026-09-01T08:17:20,25.2,971.4,86.6,NO_FAULT,,0.278,0.0,INFO,0.0,5,ACCEPT,temperature_c,48.9,"At 01 Sep 2026, 08:17:20 the station is operating normally. All detectors agree that this sample is consistent with healthy operation."
2026-09-01T08:17:25,25.2,971.4,86.3,NO_FAULT,,0.281,0.0,INFO,0.0,5,ACCEPT,humidity_pct,52.2,"At 01 Sep 2026, 08:17:25 the station is operating normally. All detectors agree that this sample is consistent with healthy operation."
2026-09-01T08:17:30,25.2,971.4,86.1,NO_FAULT,,0.281,0.0,INFO,0.0,5,ACCEPT,humidity_pct,55.2,"At 01 Sep 2026, 08:17:30 the station is operating normally. All detectors agree that this sample is consistent with healthy operation."
2026-09-01T08:17:35,25.2,971.5,85.9,NO_FAULT,,0.291,0.0,INFO,0.0,5,ACCEPT,humidity_pct,55.4,"At 01 Sep 2026, 08:17:35 the station is operating normally. All detectors agree that this sample is consistent with healthy operation."
2026-09-01T08:17:40,25.2,971.4,85.9,NO_FAULT,,0.284,0.0,INFO,0.0,5,ACCEPT,humidity_pct,58.0,"At 01 Sep 2026, 08:17:40 the station is operating normally. All detectors agree that this sample is consistent with healthy operation."
2026-09-01T08:17:45,25.3,971.5,85.9,NO_FAULT,,0.239,0.0,INFO,0.0,5,ACCEPT,temperature_c,52.7,"At 01 Sep 2026, 08:17:45 the station is operating normally. All detectors agree that this sample is consistent with healthy operation."
2026-09-01T08:17:50,25.2,971.5,85.9,NO_FAULT,,0.231,0.0,INFO,0.0,5,ACCEPT,humidity_pct,55.4,"At 01 Sep 2026, 08:17:50 the station is operating normally. All detectors agree that this sample is consistent with healthy operation."
2026-09-01T08:17:55,25.2,971.5,86.0,NO_FAULT,,0.225,0.0,INFO,0.0,5,ACCEPT,humidity_pct,53.0,"At 01 Sep 2026, 08:17:55 the station is operating normally. All detectors agree that this sample is consistent with healthy operation."
2026-09-01T08:18:00,25.2,971.4,102.47917119781188,SPIKE,humidity_pct,0.96,0.835,LOW,29.7,4,REJECT_SAMPLE,humidity_pct,52.4,"At 01 Sep 2026, 08:18:00 the system diagnosed a sensor spike / noise burst affecting Relative humidity. A single sample jumped far beyond anything this channel does naturally and then returned. That is the signature of an electrical impulse or a loose connection, not a real change in the weather. The clearest indicator: Relative humidity jumped 16.48 %RH in one sampling interval - 82.4x the largest movement ever seen on this channel in healthy data. Relative humidity carries 52% of the statistical attribution, reading 102.48 %RH (3.5 sigma above its normal level). 2 of 3 independent detectors flagged this sample. Inspect cabling, connectors and grounding at the sensor head."
2026-09-01T08:18:05,25.2,971.5,86.0,NO_FAULT,,0.447,0.0,INFO,0.0,5,ACCEPT,humidity_pct,53.0,"At 01 Sep 2026, 08:18:05 the station is operating normally. All detectors agree that this sample is consistent with healthy operation."
2026-09-01T08:18:10,25.2,971.5,85.9,NO_FAULT,,0.226,0.0,INFO,0.0,5,ACCEPT,humidity_pct,55.4,"At 01 Sep 2026, 08:18:10 the station is operating normally. All detectors agree that this sample is consistent with healthy operation."
2026-09-01T08:18:15,25.2,971.5,85.9,NO_FAULT,,0.223,0.0,INFO,0.0,5,ACCEPT,humidity_pct,55.4,"At 01 Sep 2026, 08:18:15 the station is operating normally. All detectors agree that this sample is consistent with healthy operation."
2026-09-01T08:18:20,25.2,971.5,85.8,NO_FAULT,,0.227,0.0,INFO,0.0,5,ACCEPT,humidity_pct,57.0,"At 01 Sep 2026, 08:18:20 the station is operating normally. All detectors agree that this sample is consistent with healthy operation."
2026-09-01T08:18:25,25.2,971.5,85.8,NO_FAULT,,0.224,0.0,INFO,0.0,5,ACCEPT,humidity_pct,57.0,"At 01 Sep 2026, 08:18:25 the station is operating normally. All detectors agree that this sample is consistent with healthy operation."
2026-09-01T08:18:30,25.2,971.5,85.9,NO_FAULT,,0.226,0.0,INFO,0.0,5,ACCEPT,humidity_pct,55.4,"At 01 Sep 2026, 08:18:30 the station is operating normally. All detectors agree that this sample is consistent with healthy operation."
2026-09-01T08:18:35,25.2,971.5,86.0,NO_FAULT,,0.225,0.0,INFO,0.0,5,ACCEPT,humidity_pct,53.0,"At 01 Sep 2026, 08:18:35 the station is operating normally. All detectors agree that this sample is consistent with healthy operation."
2026-09-01T08:18:40,25.2,971.5,86.0,NO_FAULT,,0.222,0.0,INFO,0.0,5,ACCEPT,humidity_pct,53.0,"At 01 Sep 2026, 08:18:40 the station is operating normally. All detectors agree that this sample is consistent with healthy operation."
2026-09-01T08:18:45,25.2,971.5,86.0,NO_FAULT,,0.222,0.0,INFO,0.0,5,ACCEPT,humidity_pct,53.0,"At 01 Sep 2026, 08:18:45 the station is operating normally. All detectors agree that this sample is consistent with healthy operation."
2026-09-01T08:18:50,25.2,971.5,86.0,NO_FAULT,,0.222,0.0,INFO,0.0,5,ACCEPT,humidity_pct,53.0,"At 01 Sep 2026, 08:18:50 the station is operating normally. All detectors agree that this sample is consistent with healthy operation."
2026-09-01T08:18:55,25.2,971.5,86.0,NO_FAULT,,0.222,0.0,INFO,0.0,5,ACCEPT,humidity_pct,53.0,"At 01 Sep 2026, 08:18:55 the station is operating normally. All detectors agree that this sample is consistent with healthy operation."
2026-09-01T08:19:00,25.2,971.5,86.0,NO_FAULT,,0.282,0.0,INFO,0.0,5,ACCEPT,humidity_pct,53.0,"At 01 Sep 2026, 08:19:00 the station is operating normally. All detectors agree that this sample is consistent with healthy operation."
2026-09-01T08:19:05,25.2,971.5,86.0,NO_FAULT,,0.222,0.0,INFO,0.0,5,ACCEPT,humidity_pct,53.0,"At 01 Sep 2026, 08:19:05 the station is operating normally. All detectors agree that this sample is consistent with healthy operation."
2026-09-01T08:19:10,25.2,971.5,86.0,NO_FAULT,,0.222,0.0,INFO,0.0,5,ACCEPT,humidity_pct,53.0,"At 01 Sep 2026, 08:19:10 the station is operating normally. All detectors agree that this sample is consistent with healthy operation."
2026-09-01T08:19:15,25.2,971.5,86.0,NO_FAULT,,0.222,0.0,INFO,0.0,5,ACCEPT,humidity_pct,53.0,"At 01 Sep 2026, 08:19:15 the station is operating normally. All detectors agree that this sample is consistent with healthy operation."
2026-09-01T08:19:20,25.2,971.5,86.0,NO_FAULT,,0.222,0.0,INFO,0.0,5,ACCEPT,humidity_pct,53.0,"At 01 Sep 2026, 08:19:20 the station is operating normally. All detectors agree that this sample is consistent with healthy operation."
2026-09-01T08:19:25,25.2,971.5,86.0,NO_FAULT,,0.282,0.0,INFO,0.0,5,ACCEPT,humidity_pct,53.0,"At 01 Sep 2026, 08:19:25 the station is operating normally. All detectors agree that this sample is consistent with healthy operation."
2026-09-01T08:19:30,25.2,971.5,86.0,COMMUNICATION_FAILURE,humidity_pct|pressure_hpa|temperature_c,0.532,0.642,HIGH,66.7,2,MARK_MISSING,humidity_pct,53.0,"At 01 Sep 2026, 08:19:30 the system diagnosed a communication / telemetry failure affecting Relative humidity, Barometric pressure, Temperature. The problem is in the telemetry path rather than the sensors. Samples are missing, malformed, or repeated, so the record for this period is incomplete. The clearest indicator: All three channels have been byte-identical for 12 consecutive frames - typical of a link repeating the last good packet. Relative humidity carries 53% of the statistical attribution, reading 86.00 %RH (4.8 sigma below its normal level). 2 of 3 independent detectors flagged this sample. Check the datalogger, modem and power supply at the station."
2026-09-01T08:19:35,25.2,971.5,86.0,FROZEN_SENSOR,humidity_pct,0.777,0.737,LOW,39.5,4,REJECT_CHANNEL,humidity_pct,53.0,"At 01 Sep 2026, 08:19:35 the system diagnosed a frozen (stuck) sensor affecting Relative humidity. The channel has stopped responding and is repeating one value while the other channels continue to vary. This usually means an iced-over, blocked or electrically dead sensing element. The clearest indicator: Relative humidity has reported exactly 86.00 %RH for 13 consecutive samples (1 min). Only 1.4% of healthy runs on this channel last that long. Relative humidity carries 53% of the statistical attribution, reading 86.00 %RH (4.8 sigma below its normal level). 2 of 3 independent detectors flagged this sample. The next most likely explanation was communication / telemetry failure (score 0.54 against 0.99), so this diagnosis is not clear-cut. Physically inspect the sensing element for icing, blockage or failure."
2026-09-01T08:19:40,25.2,971.5,86.0,FROZEN_SENSOR,humidity_pct,0.779,0.725,LOW,39.5,4,REJECT_CHANNEL,humidity_pct,53.0,"At 01 Sep 2026, 08:19:40 the system diagnosed a frozen (stuck) sensor affecting Relative humidity. The channel has stopped responding and is repeating one value while the other channels continue to vary. This usually means an iced-over, blocked or electrically dead sensing element. The clearest indicator: Relative humidity has reported exactly 86.00 %RH for 14 consecutive samples (1 min). Only 0.8% of healthy runs on this channel last that long. Relative humidity carries 53% of the statistical attribution, reading 86.00 %RH (4.8 sigma below its normal level). 2 of 3 independent detectors flagged this sample. The next most likely explanation was communication / telemetry failure (score 0.58 against 0.99), so this diagnosis is not clear-cut. Physically inspect the sensing element for icing, blockage or failure."
2026-09-01T08:19:45,25.2,971.5,86.0,FROZEN_SENSOR,humidity_pct,0.779,0.711,LOW,39.6,4,REJECT_CHANNEL,humidity_pct,53.0,"At 01 Sep 2026, 08:19:45 the system diagnosed a frozen (stuck) sensor affecting Relative humidity. The channel has stopped responding and is repeating one value while the other channels continue to vary. This usually means an iced-over, blocked or electrically dead sensing element. The clearest indicator: Relative humidity has reported exactly 86.00 %RH for 15 consecutive samples (1 min). Only 0.7% of healthy runs on this channel last that long. Relative humidity carries 53% of the statistical attribution, reading 86.00 %RH (4.8 sigma below its normal level). 2 of 3 independent detectors flagged this sample. The next most likely explanation was communication / telemetry failure (score 0.62 against 0.99), so this diagnosis is not clear-cut. Physically inspect the sensing element for icing, blockage or failure."
2026-09-01T08:19:50,25.2,971.5,86.0,FROZEN_SENSOR,humidity_pct,0.78,0.697,MODERATE,45.6,3,REJECT_CHANNEL,humidity_pct,53.0,"At 01 Sep 2026, 08:19:50 the system diagnosed a frozen (stuck) sensor affecting Relative humidity. The channel has stopped responding and is repeating one value while the other channels continue to vary. This usually means an iced-over, blocked or electrically dead sensing element. The clearest indicator: Relative humidity has reported exactly 86.00 %RH for 16 consecutive samples (1 min). Only 0.6% of healthy runs on this channel last that long. Relative humidity carries 53% of the statistical attribution, reading 86.00 %RH (4.8 sigma below its normal level). 2 of 3 independent detectors flagged this sample. The next most likely explanation was communication / telemetry failure (score 0.67 against 1.00), so this diagnosis is not clear-cut. Physically inspect the sensing element for icing, blockage or failure."
2026-09-01T08:19:55,25.2,971.5,85.7,NO_FAULT,,0.295,0.0,INFO,0.0,5,ACCEPT,humidity_pct,58.4,"At 01 Sep 2026, 08:19:55 the station is operating normally. All detectors agree that this sample is consistent with healthy operation."
2026-09-01T08:20:00,25.2,971.5,85.6,NO_FAULT,,0.29,0.0,INFO,0.0,5,ACCEPT,humidity_pct,59.8,"At 01 Sep 2026, 08:20:00 the station is operating normally. All detectors agree that this sample is consistent with healthy operation."
2026-09-01T08:20:05,25.2,971.5,85.5,NO_FAULT,,0.292,0.0,INFO,0.0,5,ACCEPT,humidity_pct,61.1,"At 01 Sep 2026, 08:20:05 the station is operating normally. All detectors agree that this sample is consistent with healthy operation."
2026-09-01T08:20:10,25.2,971.5,85.6,NO_FAULT,,0.29,0.0,INFO,0.0,5,ACCEPT,humidity_pct,59.8,"At 01 Sep 2026, 08:20:10 the station is operating normally. All detectors agree that this sample is consistent with healthy operation."
2026-09-01T08:20:15,25.2,971.5,85.5,NO_FAULT,,0.292,0.0,INFO,0.0,5,ACCEPT,humidity_pct,61.1,"At 01 Sep 2026, 08:20:15 the station is operating normally. All detectors agree that this sample is consistent with healthy operation."
2026-09-01T08:20:20,25.2,971.5,85.6,NO_FAULT,,0.29,0.0,INFO,0.0,5,ACCEPT,humidity_pct,59.8,"At 01 Sep 2026, 08:20:20 the station is operating normally. All detectors agree that this sample is consistent with healthy operation."
2026-09-01T08:20:25,25.2,971.5,85.8,NO_FAULT,,0.29,0.0,INFO,0.0,5,ACCEPT,humidity_pct,57.0,"At 01 Sep 2026, 08:20:25 the station is operating normally. All detectors agree that this sample is consistent with healthy operation."
2026-09-01T08:20:30,25.2,971.4,85.9,NO_FAULT,,0.284,0.0,INFO,0.0,5,ACCEPT,humidity_pct,58.0,"At 01 Sep 2026, 08:20:30 the station is operating normally. All detectors agree that this sample is consistent with healthy operation."
2026-09-01T08:20:35,25.2,971.4,85.9,NO_FAULT,,0.276,0.0,INFO,0.0,5,ACCEPT,humidity_pct,58.0,"At 01 Sep 2026, 08:20:35 the station is operating normally. All detectors agree that this sample is consistent with healthy operation."
2026-09-01T08:20:40,25.2,971.4,86.0,NO_FAULT,,0.278,0.0,INFO,0.0,5,ACCEPT,humidity_pct,56.6,"At 01 Sep 2026, 08:20:40 the station is operating normally. All detectors agree that this sample is consistent with healthy operation."
2026-09-01T08:20:45,25.2,971.4,86.0,NO_FAULT,,0.274,0.0,INFO,0.0,5,ACCEPT,humidity_pct,56.6,"At 01 Sep 2026, 08:20:45 the station is operating normally. All detectors agree that this sample is consistent with healthy operation."
2026-09-01T08:20:50,25.2,971.4,86.1,NO_FAULT,,0.277,0.0,INFO,0.0,5,ACCEPT,humidity_pct,55.2,"At 01 Sep 2026, 08:20:50 the station is operating normally. All detectors agree that this sample is consistent with healthy operation."
2026-09-01T08:20:55,25.2,971.4,86.2,NO_FAULT,,0.276,0.0,INFO,0.0,5,ACCEPT,humidity_pct,53.7,"At 01 Sep 2026, 08:20:55 the station is operating normally. All detectors agree that this sample is consistent with healthy operation."
2026-09-01T08:21:00,25.2,971.4,86.2,NO_FAULT,,0.273,0.0,INFO,0.0,5,ACCEPT,humidity_pct,53.7,"At 01 Sep 2026, 08:21:00 the station is operating normally. All detectors agree that this sample is consistent with healthy operation."
2026-09-01T08:21:05,25.2,971.4,86.3,NO_FAULT,,0.275,0.0,INFO,0.0,5,ACCEPT,humidity_pct,52.2,"At 01 Sep 2026, 08:21:05 the station is operating normally. All detectors agree that this sample is consistent with healthy operation."
2026-09-01T08:21:10,25.3,971.4,86.5,NO_FAULT,,0.227,0.0,INFO,0.0,5,ACCEPT,temperature_c,58.8,"At 01 Sep 2026, 08:21:10 the station is operating normally. All detectors agree that this sample is consistent with healthy operation."
2026-09-01T08:21:15,1.5314366328893705,971.4,86.8,SPIKE,temperature_c,1.0,0.811,LOW,31.2,4,REJECT_SAMPLE,temperature_c,94.2,"At 01 Sep 2026, 08:21:15 the system diagnosed a sensor spike / noise burst affecting Temperature. A single sample jumped far beyond anything this channel does naturally and then returned. That is the signature of an electrical impulse or a loose connection, not a real change in the weather. The clearest indicator: Temperature jumped 23.77 degC in one sampling interval - 118.8x the largest movement ever seen on this channel in healthy data. Temperature carries 94% of the statistical attribution, reading 1.53 degC (64.5 sigma below its normal level). 3 of 3 independent detectors flagged this sample. Inspect cabling, connectors and grounding at the sensor head."
2026-09-01T08:21:20,25.3,971.4,86.9,NO_FAULT,,0.441,0.0,INFO,0.0,5,ACCEPT,temperature_c,66.0,"At 01 Sep 2026, 08:21:20 the station is operating normally. All detectors agree that this sample is consistent with healthy operation."
2026-09-01T08:21:25,25.3,971.5,86.9,NO_FAULT,,0.231,0.0,INFO,0.0,5,ACCEPT,temperature_c,67.1,"At 01 Sep 2026, 08:21:25 the station is operating normally. All detectors agree that this sample is consistent with healthy operation."
2026-09-01T08:21:30,25.3,971.5,87.0,NO_FAULT,,0.225,0.0,INFO,0.0,5,ACCEPT,temperature_c,68.4,"At 01 Sep 2026, 08:21:30 the station is operating normally. All detectors agree that this sample is consistent with healthy operation."
2026-09-01T08:21:35,25.3,971.5,87.0,NO_FAULT,,0.221,0.0,INFO,0.0,5,ACCEPT,temperature_c,68.4,"At 01 Sep 2026, 08:21:35 the station is operating normally. All detectors agree that this sample is consistent with healthy operation."
2026-09-01T08:21:40,25.3,971.5,87.0,NO_FAULT,,0.221,0.0,INFO,0.0,5,ACCEPT,temperature_c,68.4,"At 01 Sep 2026, 08:21:40 the station is operating normally. All detectors agree that this sample is consistent with healthy operation."
2026-09-01T08:21:45,25.4,971.5,87.0,NO_FAULT,,0.24,0.0,INFO,0.0,5,ACCEPT,temperature_c,73.1,"At 01 Sep 2026, 08:21:45 the station is operating normally. All detectors agree that this sample is consistent with healthy operation."
2026-09-01T08:21:50,25.4,971.5,87.0,NO_FAULT,,0.232,0.0,INFO,0.0,5,ACCEPT,temperature_c,73.1,"At 01 Sep 2026, 08:21:50 the station is operating normally. All detectors agree that this sample is consistent with healthy operation."
2026-09-01T08:21:55,25.4,971.4,79.95154274142811,SPIKE,humidity_pct,1.0,0.928,LOW,29.7,4,REJECT_SAMPLE,humidity_pct,85.8,"At 01 Sep 2026, 08:21:55 the system diagnosed a sensor spike / noise burst affecting Relative humidity. A single sample jumped far beyond anything this channel does naturally and then returned. That is the signature of an electrical impulse or a loose connection, not a real change in the weather. The clearest indicator: Relative humidity jumped 7.05 %RH in one sampling interval - 35.2x the largest movement ever seen on this channel in healthy data. Relative humidity carries 86% of the statistical attribution, reading 79.95 %RH (7.8 sigma below its normal level). 3 of 3 independent detectors flagged this sample. Inspect cabling, connectors and grounding at the sensor head."
2026-09-01T08:22:00,25.4,971.4,76.74160634942169,SPIKE,humidity_pct,0.982,0.527,LOW,22.5,4,REJECT_SAMPLE,humidity_pct,91.1,"At 01 Sep 2026, 08:22:00 the system diagnosed a sensor spike / noise burst affecting Relative humidity. A single sample jumped far beyond anything this channel does naturally and then returned. That is the signature of an electrical impulse or a loose connection, not a real change in the weather. The clearest indicator: Relative humidity jumped 3.21 %RH in one sampling interval - 16.0x the largest movement ever seen on this channel in healthy data. Relative humidity carries 91% of the statistical attribution, reading 76.74 %RH (9.5 sigma below its normal level). 3 of 3 independent detectors flagged this sample. The next most likely explanation was calibration drift (score 0.85 against 0.86), so this diagnosis is not clear-cut. Inspect cabling, connectors and grounding at the sensor head."
2026-09-01T08:22:05,25.4,971.4,78.1465366700176,DRIFT,humidity_pct,0.921,0.621,MODERATE,46.3,3,FLAG_SUSPECT,humidity_pct,89.3,"At 01 Sep 2026, 08:22:05 the system diagnosed a calibration drift affecting Relative humidity. The channel is slowly and consistently moving away from its calibrated baseline. Readings still look plausible, which is what makes drift dangerous - it quietly biases every observation until the sensor is recalibrated. The clearest indicator: The movement is consistently downward (66% of the travel is net displacement, about -185.52 %RH/hour), which separates calibration drift from random fluctuation. Relative humidity carries 89% of the statistical attribution, reading 78.15 %RH (8.7 sigma below its normal level). 3 of 3 independent detectors flagged this sample. The next most likely explanation was sensor spike / noise burst (score 0.79 against 0.87), so this diagnosis is not clear-cut. Schedule a calibration check against a reference instrument."
2026-09-01T08:22:10,25.4,971.4,91.33942584859776,SPIKE,humidity_pct,0.838,0.928,LOW,35.7,4,REJECT_SAMPLE,temperature_c,72.6,"At 01 Sep 2026, 08:22:10 the system diagnosed a sensor spike / noise burst affecting Relative humidity. A single sample jumped far beyond anything this channel does naturally and then returned. That is the signature of an electrical impulse or a loose connection, not a real change in the weather. The clearest indicator: Relative humidity jumped 13.19 %RH in one sampling interval - 66.0x the largest movement ever seen on this channel in healthy data. Relative humidity carries 9% of the statistical attribution, reading 91.34 %RH (2.1 sigma below its normal level). Note that the joint-distance attribution is led by Temperature instead, because SHAP scores the level of each channel while this fault is defined by rate of change. 2 of 3 independent detectors flagged this sample. Inspect cabling, connectors and grounding at the sensor head."
2026-09-01T08:22:15,25.4,971.4,85.90458589702916,SPIKE,humidity_pct,0.88,0.928,LOW,35.4,4,REJECT_SAMPLE,temperature_c,56.1,"At 01 Sep 2026, 08:22:15 the system diagnosed a sensor spike / noise burst affecting Relative humidity. A single sample jumped far beyond anything this channel does naturally and then returned. That is the signature of an electrical impulse or a loose connection, not a real change in the weather. The clearest indicator: Relative humidity jumped 5.43 %RH in one sampling interval - 27.2x the largest movement ever seen on this channel in healthy data. Relative humidity carries 43% of the statistical attribution, reading 85.90 %RH (4.8 sigma below its normal level). Note that the joint-distance attribution is led by Temperature instead, because SHAP scores the level of each channel while this fault is defined by rate of change. 2 of 3 independent detectors flagged this sample. Inspect cabling, connectors and grounding at the sensor head."
2026-09-01T08:22:20,25.5,971.4,79.63259105234079,SPIKE,humidity_pct,1.0,0.952,LOW,39.2,4,REJECT_SAMPLE,humidity_pct,84.6,"At 01 Sep 2026, 08:22:20 the system diagnosed a sensor spike / noise burst affecting Relative humidity. A single sample jumped far beyond anything this channel does naturally and then returned. That is the signature of an electrical impulse or a loose connection, not a real change in the weather. The clearest indicator: Relative humidity jumped 6.27 %RH in one sampling interval - 31.4x the largest movement ever seen on this channel in healthy data. Relative humidity carries 85% of the statistical attribution, reading 79.63 %RH (8.0 sigma below its normal level). 3 of 3 independent detectors flagged this sample. Inspect cabling, connectors and grounding at the sensor head."
2026-09-01T08:22:25,25.5,971.4,86.72179875326815,SPIKE,humidity_pct,0.936,0.976,LOW,39.7,4,REJECT_SAMPLE,temperature_c,74.5,"At 01 Sep 2026, 08:22:25 the system diagnosed a sensor spike / noise burst affecting Relative humidity. A single sample jumped far beyond anything this channel does naturally and then returned. That is the signature of an electrical impulse or a loose connection, not a real change in the weather. The clearest indicator: Relative humidity jumped 7.09 %RH in one sampling interval - 35.4x the largest movement ever seen on this channel in healthy data. Relative humidity carries 18% of the statistical attribution, reading 86.72 %RH (4.4 sigma below its normal level). Note that the joint-distance attribution is led by Temperature instead, because SHAP scores the level of each channel while this fault is defined by rate of change. 2 of 3 independent detectors flagged this sample. Inspect cabling, connectors and grounding at the sensor head."
2026-09-01T08:22:30,25.5,971.4,79.44565151593457,NO_FAULT,,0.605,0.0,INFO,0.0,5,ACCEPT,humidity_pct,85.1,"At 01 Sep 2026, 08:22:30 the station is operating normally. All detectors agree that this sample is consistent with healthy operation."
2026-09-01T08:22:35,25.5,971.5,90.5961345691059,SPIKE,humidity_pct,0.938,1.0,LOW,39.7,4,REJECT_SAMPLE,temperature_c,69.0,"At 01 Sep 2026, 08:22:35 the system diagnosed a sensor spike / noise burst affecting Relative humidity. A single sample jumped far beyond anything this channel does naturally and then returned. That is the signature of an electrical impulse or a loose connection, not a real change in the weather. The clearest indicator: Relative humidity jumped 11.15 %RH in one sampling interval - 55.8x the largest movement ever seen on this channel in healthy data. Relative humidity carries 10% of the statistical attribution, reading 90.60 %RH (2.5 sigma below its normal level). Note that the joint-distance attribution is led by Temperature instead, because SHAP scores the level of each channel while this fault is defined by rate of change. 2 of 3 independent detectors flagged this sample. Inspect cabling, connectors and grounding at the sensor head."
2026-09-01T08:22:40,25.5,971.5,85.2765753892672,SPIKE,humidity_pct,0.982,1.0,LOW,37.1,4,REJECT_SAMPLE,temperature_c,57.6,"At 01 Sep 2026, 08:22:40 the system diagnosed a sensor spike / noise burst affecting Relative humidity. A single sample jumped far beyond anything this channel does naturally and then returned. That is the signature of an electrical impulse or a loose connection, not a real change in the weather. The clearest indicator: Relative humidity jumped 5.32 %RH in one sampling interval - 26.6x the largest movement ever seen on this channel in healthy data. Relative humidity carries 36% of the statistical attribution, reading 85.28 %RH (5.2 sigma below its normal level). Note that the joint-distance attribution is led by Temperature instead, because SHAP scores the level of each channel while this fault is defined by rate of change. 2 of 3 independent detectors flagged this sample. Inspect cabling, connectors and grounding at the sensor head."
2026-09-01T08:22:45,25.5,971.5,86.0,NO_FAULT,,0.273,0.0,INFO,0.0,5,ACCEPT,temperature_c,66.7,"At 01 Sep 2026, 08:22:45 the station is operating normally. All detectors agree that this sample is consistent with healthy operation."
2026-09-01T08:22:50,25.5,971.4,85.7,DRIFT,temperature_c,0.562,0.759,MODERATE,45.6,3,FLAG_SUSPECT,temperature_c,61.0,"At 01 Sep 2026, 08:22:50 the system diagnosed a calibration drift affecting Temperature. The channel is slowly and consistently moving away from its calibrated baseline. Readings still look plausible, which is what makes drift dangerous - it quietly biases every observation until the sensor is recalibrated. The clearest indicator: The movement is consistently upward (50% of the travel is net displacement, about +131.71 degC/hour), which separates calibration drift from random fluctuation. Temperature carries 61% of the statistical attribution, reading 25.50 degC (5.6 sigma above its normal level). 1 of 3 independent detectors flagged this sample. Schedule a calibration check against a reference instrument."
2026-09-01T08:22:55,25.5,971.4,85.5,NO_FAULT,,0.255,0.0,INFO,0.0,5,ACCEPT,temperature_c,57.8,"At 01 Sep 2026, 08:22:55 the station is operating normally. All detectors agree that this sample is consistent with healthy operation."
2026-09-01T08:23:00,25.5,971.4,85.4,NO_FAULT,,0.312,0.0,INFO,0.0,5,ACCEPT,temperature_c,55.8,"At 01 Sep 2026, 08:23:00 the station is operating normally. All detectors agree that this sample is consistent with healthy operation."
2026-09-01T08:23:05,44.277576898578445,971.5,85.4,SPIKE,temperature_c,1.0,0.7,MODERATE,41.2,3,REJECT_SAMPLE,temperature_c,97.7,"At 01 Sep 2026, 08:23:05 the system diagnosed a sensor spike / noise burst affecting Temperature. A single sample jumped far beyond anything this channel does naturally and then returned. That is the signature of an electrical impulse or a loose connection, not a real change in the weather. The clearest indicator: Temperature jumped 18.78 degC in one sampling interval - 93.9x the largest movement ever seen on this channel in healthy data. Temperature carries 98% of the statistical attribution, reading 44.28 degC (60.4 sigma above its normal level). 3 of 3 independent detectors flagged this sample. The next most likely explanation was calibration drift (score 0.86 against 1.00), so this diagnosis is not clear-cut. Inspect cabling, connectors and grounding at the sensor head."
2026-09-01T08:23:10,25.5,971.5,85.4,NO_FAULT,,0.481,0.0,INFO,0.0,5,ACCEPT,temperature_c,59.3,"At 01 Sep 2026, 08:23:10 the station is operating normally. All detectors agree that this sample is consistent with healthy operation."
2026-09-01T08:23:15,25.5,971.5,85.4,NO_FAULT,,0.256,0.0,INFO,0.0,5,ACCEPT,temperature_c,59.3,"At 01 Sep 2026, 08:23:15 the station is operating normally. All detectors agree that this sample is consistent with healthy operation."
2026-09-01T08:23:20,25.5,971.5,85.4,NO_FAULT,,0.256,0.0,INFO,0.0,5,ACCEPT,temperature_c,59.3,"At 01 Sep 2026, 08:23:20 the station is operating normally. All detectors agree that this sample is consistent with healthy operation."
2026-09-01T08:23:25,25.5,971.5,85.3,NO_FAULT,,0.26,0.0,INFO,0.0,5,ACCEPT,temperature_c,57.9,"At 01 Sep 2026, 08:23:25 the station is operating normally. All detectors agree that this sample is consistent with healthy operation."
2026-09-01T08:23:30,25.5,971.5,85.3,NO_FAULT,,0.256,0.0,INFO,0.0,5,ACCEPT,temperature_c,57.9,"At 01 Sep 2026, 08:23:30 the station is operating normally. All detectors agree that this sample is consistent with healthy operation."
2026-09-01T08:23:35,10.486283322347434,971.5,85.2,SPIKE,temperature_c,1.0,0.783,MODERATE,41.2,3,REJECT_SAMPLE,temperature_c,88.9,"At 01 Sep 2026, 08:23:35 the system diagnosed a sensor spike / noise burst affecting Temperature. A single sample jumped far beyond anything this channel does naturally and then returned. That is the signature of an electrical impulse or a loose connection, not a real change in the weather. The clearest indicator: Temperature jumped 15.01 degC in one sampling interval - 75.1x the largest movement ever seen on this channel in healthy data. Temperature carries 89% of the statistical attribution, reading 10.49 degC (38.3 sigma below its normal level). 3 of 3 independent detectors flagged this sample. Inspect cabling, connectors and grounding at the sensor head."
2026-09-01T08:23:40,25.5,971.5,85.3,NO_FAULT,,0.481,0.0,INFO,0.0,5,ACCEPT,temperature_c,57.9,"At 01 Sep 2026, 08:23:40 the station is operating normally. All detectors agree that this sample is consistent with healthy operation."
2026-09-01T08:23:45,25.5,971.5,85.2,NO_FAULT,,0.261,0.0,INFO,0.0,5,ACCEPT,temperature_c,56.6,"At 01 Sep 2026, 08:23:45 the station is operating normally. All detectors agree that this sample is consistent with healthy operation."
2026-09-01T08:23:50,25.5,971.4,85.3,NO_FAULT,,0.258,0.0,INFO,0.0,5,ACCEPT,temperature_c,53.8,"At 01 Sep 2026, 08:23:50 the station is operating normally. All detectors agree that this sample is consistent with healthy operation."
2026-09-01T08:23:55,25.5,971.4,85.3,NO_FAULT,,0.25,0.0,INFO,0.0,5,ACCEPT,temperature_c,53.8,"At 01 Sep 2026, 08:23:55 the station is operating normally. All detectors agree that this sample is consistent with healthy operation."
2026-09-01T08:24:00,25.5,971.5,85.4,NO_FAULT,,0.264,0.0,INFO,0.0,5,ACCEPT,temperature_c,59.3,"At 01 Sep 2026, 08:24:00 the station is operating normally. All detectors agree that this sample is consistent with healthy operation."
2026-09-01T08:24:05,25.5,971.5,85.7,NO_FAULT,,0.322,0.0,INFO,0.0,5,ACCEPT,temperature_c,63.1,"At 01 Sep 2026, 08:24:05 the station is operating normally. All detectors agree that this sample is consistent with healthy operation."
2026-09-01T08:24:10,25.5,971.5,85.9,NO_FAULT,,0.257,0.0,INFO,0.0,5,ACCEPT,temperature_c,65.6,"At 01 Sep 2026, 08:24:10 the station is operating normally. All detectors agree that this sample is consistent with healthy operation."
2026-09-01T08:24:15,25.5,971.5,111.43110694423704,SPIKE,humidity_pct,1.0,0.783,LOW,39.7,4,REJECT_SAMPLE,humidity_pct,65.5,"At 01 Sep 2026, 08:24:15 the system diagnosed a sensor spike / noise burst affecting Relative humidity. A single sample jumped far beyond anything this channel does naturally and then returned. That is the signature of an electrical impulse or a loose connection, not a real change in the weather. The clearest indicator: Relative humidity jumped 25.53 %RH in one sampling interval - 127.7x the largest movement ever seen on this channel in healthy data. Relative humidity carries 66% of the statistical attribution, reading 111.43 %RH (8.0 sigma above its normal level). 3 of 3 independent detectors flagged this sample. Inspect cabling, connectors and grounding at the sensor head."
2026-09-01T08:24:20,25.5,971.5,85.4,NO_FAULT,,0.481,0.0,INFO,0.0,5,ACCEPT,temperature_c,59.3,"At 01 Sep 2026, 08:24:20 the station is operating normally. All detectors agree that this sample is consistent with healthy operation."
2026-09-01T08:24:25,25.5,971.5,85.2,NO_FAULT,,0.265,0.0,INFO,0.0,5,ACCEPT,temperature_c,56.6,"At 01 Sep 2026, 08:24:25 the station is operating normally. All detectors agree that this sample is consistent with healthy operation."
2026-09-01T08:24:30,25.5,971.5,85.1,NO_FAULT,,0.263,0.0,INFO,0.0,5,ACCEPT,temperature_c,55.3,"At 01 Sep 2026, 08:24:30 the station is operating normally. All detectors agree that this sample is consistent with healthy operation."
2026-09-01T08:24:35,25.5,971.5,85.1,NO_FAULT,,0.319,0.0,INFO,0.0,5,ACCEPT,temperature_c,55.3,"At 01 Sep 2026, 08:24:35 the station is operating normally. All detectors agree that this sample is consistent with healthy operation."
2026-09-01T08:24:40,25.5,971.5,85.1,NO_FAULT,,0.259,0.0,INFO,0.0,5,ACCEPT,temperature_c,55.3,"At 01 Sep 2026, 08:24:40 the station is operating normally. All detectors agree that this sample is consistent with healthy operation."
2026-09-01T08:24:45,25.5,971.5,84.9,NO_FAULT,,0.328,0.0,INFO,0.0,5,ACCEPT,temperature_c,52.6,"At 01 Sep 2026, 08:24:45 the station is operating normally. All detectors agree that this sample is consistent with healthy operation."
2026-09-01T08:24:50,25.5,971.5,84.9,NO_FAULT,,0.322,0.0,INFO,0.0,5,ACCEPT,temperature_c,52.6,"At 01 Sep 2026, 08:24:50 the station is operating normally. All detectors agree that this sample is consistent with healthy operation."
2026-09-01T08:24:55,25.5,971.5,84.8,NO_FAULT,,0.326,0.0,INFO,0.0,5,ACCEPT,temperature_c,51.3,"At 01 Sep 2026, 08:24:55 the station is operating normally. All detectors agree that this sample is consistent with healthy operation."
2026-09-01T08:25:00,25.5,971.5,84.8,NO_FAULT,,0.323,0.0,INFO,0.0,5,ACCEPT,temperature_c,51.3,"At 01 Sep 2026, 08:25:00 the station is operating normally. All detectors agree that this sample is consistent with healthy operation."
2026-09-01T08:25:05,25.4,971.4,84.8,NO_FAULT,,0.256,0.0,INFO,0.0,5,ACCEPT,humidity_pct,58.1,"At 01 Sep 2026, 08:25:05 the station is operating normally. All detectors agree that this sample is consistent with healthy operation."
2026-09-01T08:25:10,25.5,971.5,84.8,NO_FAULT,,0.331,0.0,INFO,0.0,5,ACCEPT,temperature_c,51.3,"At 01 Sep 2026, 08:25:10 the station is operating normally. All detectors agree that this sample is consistent with healthy operation."
2026-09-01T08:25:15,25.4,971.5,84.8,NO_FAULT,,0.323,0.0,INFO,0.0,5,ACCEPT,humidity_pct,55.7,"At 01 Sep 2026, 08:25:15 the station is operating normally. All detectors agree that this sample is consistent with healthy operation."
2026-09-01T08:25:20,25.4,971.5,84.8,NO_FAULT,,0.254,0.0,INFO,0.0,5,ACCEPT,humidity_pct,55.7,"At 01 Sep 2026, 08:25:20 the station is operating normally. All detectors agree that this sample is consistent with healthy operation."
2026-09-01T08:25:25,25.4,971.4,84.8,NO_FAULT,,0.256,0.0,INFO,0.0,5,ACCEPT,humidity_pct,58.1,"At 01 Sep 2026, 08:25:25 the station is operating normally. All detectors agree that this sample is consistent with healthy operation."
2026-09-01T08:25:30,25.4,971.4,84.8,NO_FAULT,,0.248,0.0,INFO,0.0,5,ACCEPT,humidity_pct,58.1,"At 01 Sep 2026, 08:25:30 the station is operating normally. All detectors agree that this sample is consistent with healthy operation."
2026-09-01T08:25:35,25.4,971.4,84.8,NO_FAULT,,0.248,0.0,INFO,0.0,5,ACCEPT,humidity_pct,58.1,"At 01 Sep 2026, 08:25:35 the station is operating normally. All detectors agree that this sample is consistent with healthy operation."
2026-09-01T08:25:40,25.4,971.4,84.8,NO_FAULT,,0.248,0.0,INFO,0.0,5,ACCEPT,humidity_pct,58.1,"At 01 Sep 2026, 08:25:40 the station is operating normally. All detectors agree that this sample is consistent with healthy operation."
2026-09-01T08:25:45,25.4,971.4,84.8,NO_FAULT,,0.248,0.0,INFO,0.0,5,ACCEPT,humidity_pct,58.1,"At 01 Sep 2026, 08:25:45 the station is operating normally. All detectors agree that this sample is consistent with healthy operation."
2026-09-01T08:25:50,25.4,971.5,84.8,DRIFT,humidity_pct,0.626,0.81,MODERATE,46.1,3,FLAG_SUSPECT,humidity_pct,55.7,"At 01 Sep 2026, 08:25:50 the system diagnosed a calibration drift affecting Relative humidity. The channel is slowly and consistently moving away from its calibrated baseline. Readings still look plausible, which is what makes drift dangerous - it quietly biases every observation until the sensor is recalibrated. The clearest indicator: Relative humidity has averaged 85.59 %RH over the last 20 samples, 5.1 sigma away from its calibrated baseline of 95.50 %RH. Relative humidity carries 56% of the statistical attribution, reading 84.80 %RH (5.4 sigma below its normal level). 1 of 3 independent detectors flagged this sample. Schedule a calibration check against a reference instrument."
2026-09-01T08:25:55,25.4,971.4,84.8,FROZEN_SENSOR,humidity_pct,0.749,0.86,LOW,39.5,4,REJECT_CHANNEL,humidity_pct,58.1,"At 01 Sep 2026, 08:25:55 the system diagnosed a frozen (stuck) sensor affecting Relative humidity. The channel has stopped responding and is repeating one value while the other channels continue to vary. This usually means an iced-over, blocked or electrically dead sensing element. The clearest indicator: Relative humidity has reported exactly 84.80 %RH for 13 consecutive samples (1 min). Only 1.4% of healthy runs on this channel last that long. Relative humidity carries 58% of the statistical attribution, reading 84.80 %RH (5.4 sigma below its normal level). 1 of 3 independent detectors flagged this sample. Physically inspect the sensing element for icing, blockage or failure."
2026-09-01T08:26:00,25.4,971.4,84.8,FROZEN_SENSOR,humidity_pct,0.743,0.863,LOW,39.5,4,REJECT_CHANNEL,humidity_pct,58.1,"At 01 Sep 2026, 08:26:00 the system diagnosed a frozen (stuck) sensor affecting Relative humidity. The channel has stopped responding and is repeating one value while the other channels continue to vary. This usually means an iced-over, blocked or electrically dead sensing element. The clearest indicator: Relative humidity has reported exactly 84.80 %RH for 14 consecutive samples (1 min). Only 0.8% of healthy runs on this channel last that long. Relative humidity carries 58% of the statistical attribution, reading 84.80 %RH (5.4 sigma below its normal level). 1 of 3 independent detectors flagged this sample. Physically inspect the sensing element for icing, blockage or failure."
2026-09-01T08:26:05,25.4,971.4,84.8,FROZEN_SENSOR,humidity_pct,0.744,0.863,LOW,39.6,4,REJECT_CHANNEL,humidity_pct,58.1,"At 01 Sep 2026, 08:26:05 the system diagnosed a frozen (stuck) sensor affecting Relative humidity. The channel has stopped responding and is repeating one value while the other channels continue to vary. This usually means an iced-over, blocked or electrically dead sensing element. The clearest indicator: Relative humidity has reported exactly 84.80 %RH for 15 consecutive samples (1 min). Only 0.7% of healthy runs on this channel last that long. Relative humidity carries 58% of the statistical attribution, reading 84.80 %RH (5.4 sigma below its normal level). 1 of 3 independent detectors flagged this sample. Physically inspect the sensing element for icing, blockage or failure."
2026-09-01T08:26:10,25.4,971.4,84.8,FROZEN_SENSOR,humidity_pct,0.745,0.864,MODERATE,45.6,3,REJECT_CHANNEL,humidity_pct,58.1,"At 01 Sep 2026, 08:26:10 the system diagnosed a frozen (stuck) sensor affecting Relative humidity. The channel has stopped responding and is repeating one value while the other channels continue to vary. This usually means an iced-over, blocked or electrically dead sensing element. The clearest indicator: Relative humidity has reported exactly 84.80 %RH for 16 consecutive samples (1 min). Only 0.6% of healthy runs on this channel last that long. Relative humidity carries 58% of the statistical attribution, reading 84.80 %RH (5.4 sigma below its normal level). 1 of 3 independent detectors flagged this sample. Physically inspect the sensing element for icing, blockage or failure."
2026-09-01T08:26:15,25.4,971.4,84.8,FROZEN_SENSOR,humidity_pct,0.745,0.864,MODERATE,47.6,3,REJECT_CHANNEL,humidity_pct,58.1,"At 01 Sep 2026, 08:26:15 the system diagnosed a frozen (stuck) sensor affecting Relative humidity. The channel has stopped responding and is repeating one value while the other channels continue to vary. This usually means an iced-over, blocked or electrically dead sensing element. The clearest indicator: Relative humidity has reported exactly 84.80 %RH for 17 consecutive samples (1 min). Only 0.5% of healthy runs on this channel last that long. Relative humidity carries 58% of the statistical attribution, reading 84.80 %RH (5.4 sigma below its normal level). 1 of 3 independent detectors flagged this sample. Physically inspect the sensing element for icing, blockage or failure."
2026-09-01T08:26:20,25.5,971.4,84.8,FROZEN_SENSOR,humidity_pct,0.763,0.865,MODERATE,49.6,3,REJECT_CHANNEL,humidity_pct,51.7,"At 01 Sep 2026, 08:26:20 the system diagnosed a frozen (stuck) sensor affecting Relative humidity. The channel has stopped responding and is repeating one value while the other channels continue to vary. This usually means an iced-over, blocked or electrically dead sensing element. The clearest indicator: Relative humidity has reported exactly 84.80 %RH for 18 consecutive samples (2 min). Only 0.5% of healthy runs on this channel last that long. Relative humidity carries 52% of the statistical attribution, reading 84.80 %RH (5.4 sigma below its normal level). 1 of 3 independent detectors flagged this sample. Physically inspect the sensing element for icing, blockage or failure."
2026-09-01T08:26:25,25.4,971.4,84.8,FROZEN_SENSOR,humidity_pct,0.755,0.866,MODERATE,49.7,3,REJECT_CHANNEL,humidity_pct,58.1,"At 01 Sep 2026, 08:26:25 the system diagnosed a frozen (stuck) sensor affecting Relative humidity. The channel has stopped responding and is repeating one value while the other channels continue to vary. This usually means an iced-over, blocked or electrically dead sensing element. The clearest indicator: Relative humidity has reported exactly 84.80 %RH for 19 consecutive samples (2 min). Only 0.2% of healthy runs on this channel last that long. Relative humidity carries 58% of the statistical attribution, reading 84.80 %RH (5.4 sigma below its normal level). 1 of 3 independent detectors flagged this sample. Physically inspect the sensing element for icing, blockage or failure."
2026-09-01T08:26:30,25.5,971.4,85.6,NO_FAULT,,0.274,0.0,INFO,0.0,5,ACCEPT,temperature_c,59.6,"At 01 Sep 2026, 08:26:30 the station is operating normally. All detectors agree that this sample is consistent with healthy operation."
2026-09-01T08:26:35,25.5,971.4,85.5,NO_FAULT,,0.252,0.0,INFO,0.0,5,ACCEPT,temperature_c,57.8,"At 01 Sep 2026, 08:26:35 the station is operating normally. All detectors agree that this sample is consistent with healthy operation."
2026-09-01T08:26:40,25.5,978.6878607206128,85.6,SPIKE,pressure_hpa,1.0,0.811,LOW,34.2,4,REJECT_SAMPLE,pressure_hpa,89.7,"At 01 Sep 2026, 08:26:40 the system diagnosed a sensor spike / noise burst affecting Barometric pressure. A single sample jumped far beyond anything this channel does naturally and then returned. That is the signature of an electrical impulse or a loose connection, not a real change in the weather. The clearest indicator: Barometric pressure jumped 7.29 hPa in one sampling interval - 36.4x the largest movement ever seen on this channel in healthy data. Barometric pressure carries 90% of the statistical attribution, reading 978.69 hPa (25.6 sigma above its normal level). 3 of 3 independent detectors flagged this sample. Inspect cabling, connectors and grounding at the sensor head."
2026-09-01T08:26:45,25.5,971.4,85.8,NO_FAULT,,0.47,0.0,INFO,0.0,5,ACCEPT,temperature_c,62.5,"At 01 Sep 2026, 08:26:45 the station is operating normally. All detectors agree that this sample is consistent with healthy operation."
2026-09-01T08:26:50,25.5,971.4,85.9,NO_FAULT,,0.248,0.0,INFO,0.0,5,ACCEPT,temperature_c,63.9,"At 01 Sep 2026, 08:26:50 the station is operating normally. All detectors agree that this sample is consistent with healthy operation."
2026-09-01T08:26:55,25.5,971.4,86.1,NO_FAULT,,0.25,0.0,INFO,0.0,5,ACCEPT,temperature_c,66.6,"At 01 Sep 2026, 08:26:55 the station is operating normally. All detectors agree that this sample is consistent with healthy operation."
2026-09-01T08:27:00,25.5,971.4,86.2,NO_FAULT,,0.246,0.0,INFO,0.0,5,ACCEPT,temperature_c,68.0,"At 01 Sep 2026, 08:27:00 the station is operating normally. All detectors agree that this sample is consistent with healthy operation."
2026-09-01T08:27:05,3.825864434579497,971.5,86.3,SPIKE,temperature_c,1.0,0.783,LOW,31.2,4,REJECT_SAMPLE,temperature_c,93.2,"At 01 Sep 2026, 08:27:05 the system diagnosed a sensor spike / noise burst affecting Temperature. A single sample jumped far beyond anything this channel does naturally and then returned. That is the signature of an electrical impulse or a loose connection, not a real change in the weather. The clearest indicator: Temperature jumped 21.67 degC in one sampling interval - 108.4x the largest movement ever seen on this channel in healthy data. Temperature carries 93% of the statistical attribution, reading 3.83 degC (57.8 sigma below its normal level). 3 of 3 independent detectors flagged this sample. Inspect cabling, connectors and grounding at the sensor head."
2026-09-01T08:27:10,25.5,971.4,86.3,NO_FAULT,,0.466,0.0,INFO,0.0,5,ACCEPT,temperature_c,69.3,"At 01 Sep 2026, 08:27:10 the station is operating normally. All detectors agree that this sample is consistent with healthy operation."
2026-09-01T08:27:15,25.5,971.5,86.2,NO_FAULT,,0.256,0.0,INFO,0.0,5,ACCEPT,temperature_c,69.0,"At 01 Sep 2026, 08:27:15 the station is operating normally. All detectors agree that this sample is consistent with healthy operation."
2026-09-01T08:27:20,25.5,971.4,86.0,NO_FAULT,,0.252,0.0,INFO,0.0,5,ACCEPT,temperature_c,65.3,"At 01 Sep 2026, 08:27:20 the station is operating normally. All detectors agree that this sample is consistent with healthy operation."
2026-09-01T08:27:25,25.5,971.4,85.9,NO_FAULT,,0.248,0.0,INFO,0.0,5,ACCEPT,temperature_c,63.9,"At 01 Sep 2026, 08:27:25 the station is operating normally. All detectors agree that this sample is consistent with healthy operation."
2026-09-01T08:27:30,25.5,971.4,85.8,NO_FAULT,,0.249,0.0,INFO,0.0,5,ACCEPT,temperature_c,62.5,"At 01 Sep 2026, 08:27:30 the station is operating normally. All detectors agree that this sample is consistent with healthy operation."
2026-09-01T08:27:35,25.6,971.4,85.9,NO_FAULT,,0.264,0.0,INFO,0.0,5,ACCEPT,temperature_c,69.3,"At 01 Sep 2026, 08:27:35 the station is operating normally. All detectors agree that this sample is consistent with healthy operation."
2026-09-01T08:27:40,25.6,971.4,85.9,NO_FAULT,,0.315,0.0,INFO,0.0,5,ACCEPT,temperature_c,69.3,"At 01 Sep 2026, 08:27:40 the station is operating normally. All detectors agree that this sample is consistent with healthy operation."
2026-09-01T08:27:45,25.6,971.4,86.0,NO_FAULT,,0.258,0.0,INFO,0.0,5,ACCEPT,temperature_c,70.5,"At 01 Sep 2026, 08:27:45 the station is operating normally. All detectors agree that this sample is consistent with healthy operation."
2026-09-01T08:27:50,25.6,971.4,86.1,NO_FAULT,,0.258,0.0,INFO,0.0,5,ACCEPT,temperature_c,71.7,"At 01 Sep 2026, 08:27:50 the station is operating normally. All detectors agree that this sample is consistent with healthy operation."
2026-09-01T08:27:55,25.6,971.4,54.458971591245714,SPIKE,humidity_pct,1.0,0.783,LOW,29.7,4,REJECT_SAMPLE,humidity_pct,97.5,"At 01 Sep 2026, 08:27:55 the system diagnosed a sensor spike / noise burst affecting Relative humidity. A single sample jumped far beyond anything this channel does naturally and then returned. That is the signature of an electrical impulse or a loose connection, not a real change in the weather. The clearest indicator: Relative humidity jumped 31.64 %RH in one sampling interval - 158.2x the largest movement ever seen on this channel in healthy data. Relative humidity carries 98% of the statistical attribution, reading 54.46 %RH (20.7 sigma below its normal level). 3 of 3 independent detectors flagged this sample. Inspect cabling, connectors and grounding at the sensor head."
2026-09-01T08:28:00,25.6,971.4,54.458971591245714,DRIFT,humidity_pct,0.936,0.86,MODERATE,48.5,3,FLAG_SUSPECT,humidity_pct,97.5,"At 01 Sep 2026, 08:28:00 the system diagnosed a calibration drift affecting Relative humidity. The channel is slowly and consistently moving away from its calibrated baseline. Readings still look plausible, which is what makes drift dangerous - it quietly biases every observation until the sensor is recalibrated. The clearest indicator: Relative humidity has averaged 82.76 %RH over the last 20 samples, 6.5 sigma away from its calibrated baseline of 95.50 %RH. Relative humidity carries 98% of the statistical attribution, reading 54.46 %RH (20.7 sigma below its normal level). 3 of 3 independent detectors flagged this sample. Schedule a calibration check against a reference instrument."
2026-09-01T08:28:05,25.6,971.4,54.458971591245714,DRIFT,humidity_pct,0.951,0.877,MODERATE,49.8,3,FLAG_SUSPECT,humidity_pct,97.5,"At 01 Sep 2026, 08:28:05 the system diagnosed a calibration drift affecting Relative humidity. The channel is slowly and consistently moving away from its calibrated baseline. Readings still look plausible, which is what makes drift dangerous - it quietly biases every observation until the sensor is recalibrated. The clearest indicator: Relative humidity has averaged 81.23 %RH over the last 20 samples, 7.3 sigma away from its calibrated baseline of 95.50 %RH. Relative humidity carries 98% of the statistical attribution, reading 54.46 %RH (20.7 sigma below its normal level). 3 of 3 independent detectors flagged this sample. Schedule a calibration check against a reference instrument."
2026-09-01T08:28:10,25.6,971.4,54.458971591245714,DRIFT,humidity_pct,0.951,0.877,MODERATE,57.2,3,FLAG_SUSPECT,humidity_pct,97.5,"At 01 Sep 2026, 08:28:10 the system diagnosed a calibration drift affecting Relative humidity. The channel is slowly and consistently moving away from its calibrated baseline. Readings still look plausible, which is what makes drift dangerous - it quietly biases every observation until the sensor is recalibrated. The clearest indicator: Relative humidity has averaged 79.67 %RH over the last 20 samples, 8.1 sigma away from its calibrated baseline of 95.50 %RH. Relative humidity carries 98% of the statistical attribution, reading 54.46 %RH (20.7 sigma below its normal level). 3 of 3 independent detectors flagged this sample. Schedule a calibration check against a reference instrument."
2026-09-01T08:28:15,25.6,971.4,54.458971591245714,DRIFT,humidity_pct,0.951,0.877,HIGH,60.5,2,FLAG_SUSPECT,humidity_pct,97.5,"At 01 Sep 2026, 08:28:15 the system diagnosed a calibration drift affecting Relative humidity. The channel is slowly and consistently moving away from its calibrated baseline. Readings still look plausible, which is what makes drift dangerous - it quietly biases every observation until the sensor is recalibrated. The clearest indicator: Relative humidity has averaged 78.12 %RH over the last 20 samples, 8.9 sigma away from its calibrated baseline of 95.50 %RH. Relative humidity carries 98% of the statistical attribution, reading 54.46 %RH (20.7 sigma below its normal level). 3 of 3 independent detectors flagged this sample. Schedule a calibration check against a reference instrument."
2026-09-01T08:28:20,25.6,971.4,54.55897159124571,DRIFT,humidity_pct,0.955,0.877,HIGH,63.8,2,FLAG_SUSPECT,humidity_pct,97.5,"At 01 Sep 2026, 08:28:20 the system diagnosed a calibration drift affecting Relative humidity. The channel is slowly and consistently moving away from its calibrated baseline. Readings still look plausible, which is what makes drift dangerous - it quietly biases every observation until the sensor is recalibrated. The clearest indicator: Relative humidity has averaged 76.56 %RH over the last 20 samples, 9.7 sigma away from its calibrated baseline of 95.50 %RH. Relative humidity carries 98% of the statistical attribution, reading 54.56 %RH (20.6 sigma below its normal level). 3 of 3 independent detectors flagged this sample. Schedule a calibration check against a reference instrument."
2026-09-01T08:28:25,25.7,971.4,54.55897159124571,DRIFT,humidity_pct,0.963,0.877,HIGH,65.2,2,FLAG_SUSPECT,humidity_pct,97.3,"At 01 Sep 2026, 08:28:25 the system diagnosed a calibration drift affecting Relative humidity. The channel is slowly and consistently moving away from its calibrated baseline. Readings still look plausible, which is what makes drift dangerous - it quietly biases every observation until the sensor is recalibrated. The clearest indicator: Relative humidity has averaged 75.01 %RH over the last 20 samples, 10.5 sigma away from its calibrated baseline of 95.50 %RH. Relative humidity carries 97% of the statistical attribution, reading 54.56 %RH (20.6 sigma below its normal level). 3 of 3 independent detectors flagged this sample. Schedule a calibration check against a reference instrument."
2026-09-01T08:28:30,25.7,971.4,54.458971591245714,DRIFT,humidity_pct,0.958,0.877,HIGH,66.5,2,FLAG_SUSPECT,humidity_pct,97.3,"At 01 Sep 2026, 08:28:30 the system diagnosed a calibration drift affecting Relative humidity. The channel is slowly and consistently moving away from its calibrated baseline. Readings still look plausible, which is what makes drift dangerous - it quietly biases every observation until the sensor is recalibrated. The clearest indicator: Relative humidity has averaged 73.43 %RH over the last 20 samples, 11.3 sigma away from its calibrated baseline of 95.50 %RH. Relative humidity carries 97% of the statistical attribution, reading 54.46 %RH (20.7 sigma below its normal level). 3 of 3 independent detectors flagged this sample. Schedule a calibration check against a reference instrument."
2026-09-01T08:28:35,25.7,971.4,54.358971591245705,DRIFT,humidity_pct,0.958,0.877,HIGH,67.9,2,FLAG_SUSPECT,humidity_pct,97.3,"At 01 Sep 2026, 08:28:35 the system diagnosed a calibration drift affecting Relative humidity. The channel is slowly and consistently moving away from its calibrated baseline. Readings still look plausible, which is what makes drift dangerous - it quietly biases every observation until the sensor is recalibrated. The clearest indicator: Relative humidity has averaged 71.85 %RH over the last 20 samples, 12.1 sigma away from its calibrated baseline of 95.50 %RH. Relative humidity carries 97% of the statistical attribution, reading 54.36 %RH (20.7 sigma below its normal level). 3 of 3 independent detectors flagged this sample. Schedule a calibration check against a reference instrument."
2026-09-01T08:28:40,25.7,971.4,54.358971591245705,DRIFT,humidity_pct|temperature_c,0.879,0.787,HIGH,79.0,2,FLAG_SUSPECT,humidity_pct,97.3,"At 01 Sep 2026, 08:28:40 the system diagnosed a calibration drift affecting Relative humidity, Temperature. The channel is slowly and consistently moving away from its calibrated baseline. Readings still look plausible, which is what makes drift dangerous - it quietly biases every observation until the sensor is recalibrated. The clearest indicator: Relative humidity has averaged 70.25 %RH over the last 20 samples, 12.9 sigma away from its calibrated baseline of 95.50 %RH. Relative humidity carries 97% of the statistical attribution, reading 54.36 %RH (20.7 sigma below its normal level). 3 of 3 independent detectors flagged this sample. Schedule a calibration check against a reference instrument."
2026-09-01T08:28:45,25.7,971.5,54.358971591245705,DRIFT,humidity_pct,0.963,0.877,HIGH,70.6,2,FLAG_SUSPECT,humidity_pct,97.5,"At 01 Sep 2026, 08:28:45 the system diagnosed a calibration drift affecting Relative humidity. The channel is slowly and consistently moving away from its calibrated baseline. Readings still look plausible, which is what makes drift dangerous - it quietly biases every observation until the sensor is recalibrated. The clearest indicator: Relative humidity has averaged 68.65 %RH over the last 20 samples, 13.7 sigma away from its calibrated baseline of 95.50 %RH. Relative humidity carries 97% of the statistical attribution, reading 54.36 %RH (20.7 sigma below its normal level). 3 of 3 independent detectors flagged this sample. Schedule a calibration check against a reference instrument."
2026-09-01T08:28:50,25.7,971.4,85.9,SPIKE,humidity_pct,0.989,0.933,LOW,35.7,4,REJECT_SAMPLE,temperature_c,73.7,"At 01 Sep 2026, 08:28:50 the system diagnosed a sensor spike / noise burst affecting Relative humidity. A single sample jumped far beyond anything this channel does naturally and then returned. That is the signature of an electrical impulse or a loose connection, not a real change in the weather. The clearest indicator: Relative humidity jumped 31.54 %RH in one sampling interval - 157.7x the largest movement ever seen on this channel in healthy data. Relative humidity carries 20% of the statistical attribution, reading 85.90 %RH (4.8 sigma below its normal level). Note that the joint-distance attribution is led by Temperature instead, because SHAP scores the level of each channel while this fault is defined by rate of change. 2 of 3 independent detectors flagged this sample. Inspect cabling, connectors and grounding at the sensor head."
2026-09-01T08:28:55,25.7,971.4,85.5,NO_FAULT,,0.342,0.0,INFO,0.0,5,ACCEPT,temperature_c,69.3,"At 01 Sep 2026, 08:28:55 the station is operating normally. All detectors agree that this sample is consistent with healthy operation."
2026-09-01T08:29:00,25.7,971.4,84.9,NO_FAULT,,0.414,0.0,INFO,0.0,5,ACCEPT,temperature_c,62.1,"At 01 Sep 2026, 08:29:00 the station is operating normally. All detectors agree that this sample is consistent with healthy operation."
2026-09-01T08:29:05,25.7,965.5378474298308,84.7,SPIKE,pressure_hpa,1.0,0.811,MODERATE,40.5,3,REJECT_SAMPLE,pressure_hpa,80.2,"At 01 Sep 2026, 08:29:05 the system diagnosed a sensor spike / noise burst affecting Barometric pressure. A single sample jumped far beyond anything this channel does naturally and then returned. That is the signature of an electrical impulse or a loose connection, not a real change in the weather. The clearest indicator: Barometric pressure jumped 5.86 hPa in one sampling interval - 29.3x the largest movement ever seen on this channel in healthy data. Barometric pressure carries 80% of the statistical attribution, reading 965.54 hPa (18.8 sigma below its normal level). 3 of 3 independent detectors flagged this sample. Inspect cabling, connectors and grounding at the sensor head."
2026-09-01T08:29:10,25.7,971.4,84.5,NO_FAULT,,0.563,0.0,INFO,0.0,5,ACCEPT,temperature_c,57.0,"At 01 Sep 2026, 08:29:10 the station is operating normally. All detectors agree that this sample is consistent with healthy operation."
2026-09-01T08:29:15,25.7,971.4,84.5,NO_FAULT,,0.398,0.0,INFO,0.0,5,ACCEPT,temperature_c,57.0,"At 01 Sep 2026, 08:29:15 the station is operating normally. All detectors agree that this sample is consistent with healthy operation."
2026-09-01T08:29:20,25.7,971.4,84.4,NO_FAULT,,0.402,0.0,INFO,0.0,5,ACCEPT,temperature_c,55.3,"At 01 Sep 2026, 08:29:20 the station is operating normally. All detectors agree that this sample is consistent with healthy operation."
2026-09-01T08:29:25,25.7,971.4,84.4,NO_FAULT,,0.399,0.0,INFO,0.0,5,ACCEPT,temperature_c,55.3,"At 01 Sep 2026, 08:29:25 the station is operating normally. All detectors agree that this sample is consistent with healthy operation."
2026-09-01T08:29:30,25.7,971.4,84.5,DRIFT,humidity_pct,0.901,1.0,HIGH,70.7,2,FLAG_SUSPECT,temperature_c,57.0,"At 01 Sep 2026, 08:29:30 the system diagnosed a calibration drift affecting Relative humidity. The channel is slowly and consistently moving away from its calibrated baseline. Readings still look plausible, which is what makes drift dangerous - it quietly biases every observation until the sensor is recalibrated. The clearest indicator: Relative humidity has averaged 68.09 %RH over the last 20 samples, 14.0 sigma away from its calibrated baseline of 95.50 %RH. Relative humidity carries 43% of the statistical attribution, reading 84.50 %RH (5.5 sigma below its normal level). Note that the joint-distance attribution is led by Temperature instead, because SHAP scores the level of each channel while this fault is defined by rate of change. 3 of 3 independent detectors flagged this sample. Schedule a calibration check against a reference instrument."
2026-09-01T08:29:35,25.7,971.4,84.4,DRIFT,humidity_pct,0.902,1.0,HIGH,69.8,2,FLAG_SUSPECT,temperature_c,55.3,"At 01 Sep 2026, 08:29:35 the system diagnosed a calibration drift affecting Relative humidity. The channel is slowly and consistently moving away from its calibrated baseline. Readings still look plausible, which is what makes drift dangerous - it quietly biases every observation until the sensor is recalibrated. The clearest indicator: Relative humidity has averaged 69.59 %RH over the last 20 samples, 13.2 sigma away from its calibrated baseline of 95.50 %RH. Relative humidity carries 44% of the statistical attribution, reading 84.40 %RH (5.6 sigma below its normal level). Note that the joint-distance attribution is led by Temperature instead, because SHAP scores the level of each channel while this fault is defined by rate of change. 3 of 3 independent detectors flagged this sample. Schedule a calibration check against a reference instrument."
2026-09-01T08:29:40,25.7,971.4,113.87739639091453,DRIFT,humidity_pct,1.0,0.62,HIGH,67.9,2,FLAG_SUSPECT,humidity_pct,67.4,"At 01 Sep 2026, 08:29:40 the system diagnosed a calibration drift affecting Relative humidity. The channel is slowly and consistently moving away from its calibrated baseline. Readings still look plausible, which is what makes drift dangerous - it quietly biases every observation until the sensor is recalibrated. The clearest indicator: Relative humidity has averaged 71.82 %RH over the last 20 samples, 12.1 sigma away from its calibrated baseline of 95.50 %RH. Relative humidity carries 67% of the statistical attribution, reading 113.88 %RH (9.3 sigma above its normal level). 3 of 3 independent detectors flagged this sample. The next most likely explanation was sensor spike / noise burst (score 0.89 against 1.00), so this diagnosis is not clear-cut. Schedule a calibration check against a reference instrument."
2026-09-01T08:29:45,25.7,971.4,84.2,NO_FAULT,,0.567,0.0,INFO,0.0,5,ACCEPT,temperature_c,52.0,"At 01 Sep 2026, 08:29:45 the station is operating normally. All detectors agree that this sample is consistent with healthy operation."
2026-09-01T08:29:50,25.6,971.4,84.1,NO_FAULT,,0.342,0.0,INFO,0.0,5,ACCEPT,humidity_pct,53.9,"At 01 Sep 2026, 08:29:50 the station is operating normally. All detectors agree that this sample is consistent with healthy operation."
2026-09-01T08:29:55,25.6,971.4,84.1,NO_FAULT,,0.333,0.0,INFO,0.0,5,ACCEPT,humidity_pct,53.9,"At 01 Sep 2026, 08:29:55 the station is operating normally. All detectors agree that this sample is consistent with healthy operation."
2026-09-01T08:30:00,25.6,971.5,84.0,NO_FAULT,,0.349,0.0,INFO,0.0,5,ACCEPT,humidity_pct,51.2,"At 01 Sep 2026, 08:30:00 the station is operating normally. All detectors agree that this sample is consistent with healthy operation."
2026-09-01T08:30:05,25.6,971.5,104.90445685248042,SPIKE,humidity_pct,0.988,0.801,LOW,35.7,4,REJECT_SAMPLE,humidity_pct,51.7,"At 01 Sep 2026, 08:30:05 the system diagnosed a sensor spike / noise burst affecting Relative humidity. A single sample jumped far beyond anything this channel does naturally and then returned. That is the signature of an electrical impulse or a loose connection, not a real change in the weather. The clearest indicator: Relative humidity jumped 20.90 %RH in one sampling interval - 104.5x the largest movement ever seen on this channel in healthy data. Relative humidity carries 52% of the statistical attribution, reading 104.90 %RH (4.7 sigma above its normal level). 3 of 3 independent detectors flagged this sample. Inspect cabling, connectors and grounding at the sensor head."
2026-09-01T08:30:10,25.6,971.5,84.0,NO_FAULT,,0.566,0.0,INFO,0.0,5,ACCEPT,humidity_pct,51.2,"At 01 Sep 2026, 08:30:10 the station is operating normally. All detectors agree that this sample is consistent with healthy operation."
2026-09-01T08:30:15,25.6,971.5,84.2,NO_FAULT,,0.344,0.0,INFO,0.0,5,ACCEPT,temperature_c,50.0,"At 01 Sep 2026, 08:30:15 the station is operating normally. All detectors agree that this sample is consistent with healthy operation."
2026-09-01T08:30:20,25.6,971.5,84.5,NO_FAULT,,0.344,0.0,INFO,0.0,5,ACCEPT,temperature_c,53.8,"At 01 Sep 2026, 08:30:20 the station is operating normally. All detectors agree that this sample is consistent with healthy operation."
2026-09-01T08:30:25,25.6,971.4,84.7,NO_FAULT,,0.275,0.0,INFO,0.0,5,ACCEPT,temperature_c,51.9,"At 01 Sep 2026, 08:30:25 the station is operating normally. All detectors agree that this sample is consistent with healthy operation."
2026-09-01T08:30:30,25.6,971.4,84.8,NO_FAULT,,0.27,0.0,INFO,0.0,5,ACCEPT,temperature_c,53.7,"At 01 Sep 2026, 08:30:30 the station is operating normally. All detectors agree that this sample is consistent with healthy operation."
2026-09-01T08:30:35,25.6,971.4,84.9,NO_FAULT,,0.268,0.0,INFO,0.0,5,ACCEPT,temperature_c,55.5,"At 01 Sep 2026, 08:30:35 the station is operating normally. All detectors agree that this sample is consistent with healthy operation."
2026-09-01T08:30:40,25.6,971.5,84.8,NO_FAULT,,0.4,0.0,INFO,0.0,5,ACCEPT,temperature_c,57.5,"At 01 Sep 2026, 08:30:40 the station is operating normally. All detectors agree that this sample is consistent with healthy operation."
2026-09-01T08:30:45,25.6,971.5,84.7,NO_FAULT,,0.336,0.0,INFO,0.0,5,ACCEPT,temperature_c,56.3,"At 01 Sep 2026, 08:30:45 the station is operating normally. All detectors agree that this sample is consistent with healthy operation."
2026-09-01T08:30:50,25.6,971.5,84.5,NO_FAULT,,0.341,0.0,INFO,0.0,5,ACCEPT,temperature_c,53.8,"At 01 Sep 2026, 08:30:50 the station is operating normally. All detectors agree that this sample is consistent with healthy operation."
2026-09-01T08:30:55,25.6,971.5,84.4,NO_FAULT,,0.339,0.0,INFO,0.0,5,ACCEPT,temperature_c,52.5,"At 01 Sep 2026, 08:30:55 the station is operating normally. All detectors agree that this sample is consistent with healthy operation."
2026-09-01T08:31:00,25.6,971.4,84.3,NO_FAULT,,0.339,0.0,INFO,0.0,5,ACCEPT,humidity_pct,51.6,"At 01 Sep 2026, 08:31:00 the station is operating normally. All detectors agree that this sample is consistent with healthy operation."
2026-09-01T08:31:05,25.6,971.4,84.3,NO_FAULT,,0.391,0.0,INFO,0.0,5,ACCEPT,humidity_pct,51.6,"At 01 Sep 2026, 08:31:05 the station is operating normally. All detectors agree that this sample is consistent with healthy operation."
2026-09-01T08:31:10,25.6,971.4,84.3,NO_FAULT,,0.331,0.0,INFO,0.0,5,ACCEPT,humidity_pct,51.6,"At 01 Sep 2026, 08:31:10 the station is operating normally. All detectors agree that this sample is consistent with healthy operation."
2026-09-01T08:31:15,25.6,971.4,84.3,NO_FAULT,,0.331,0.0,INFO,0.0,5,ACCEPT,humidity_pct,51.6,"At 01 Sep 2026, 08:31:15 the station is operating normally. All detectors agree that this sample is consistent with healthy operation."
2026-09-01T08:31:20,25.6,971.4,84.3,NO_FAULT,,0.331,0.0,INFO,0.0,5,ACCEPT,humidity_pct,51.6,"At 01 Sep 2026, 08:31:20 the station is operating normally. All detectors agree that this sample is consistent with healthy operation."
2026-09-01T08:31:25,25.6,971.4,84.3,NO_FAULT,,0.391,0.0,INFO,0.0,5,ACCEPT,humidity_pct,51.6,"At 01 Sep 2026, 08:31:25 the station is operating normally. All detectors agree that this sample is consistent with healthy operation."
2026-09-01T08:31:30,25.6,971.4,84.5,NO_FAULT,,0.396,0.0,INFO,0.0,5,ACCEPT,humidity_pct,49.1,"At 01 Sep 2026, 08:31:30 the station is operating normally. All detectors agree that this sample is consistent with healthy operation."
2026-09-01T08:31:35,25.6,971.4,84.6,NO_FAULT,,0.392,0.0,INFO,0.0,5,ACCEPT,temperature_c,50.2,"At 01 Sep 2026, 08:31:35 the station is operating normally. All detectors agree that this sample is consistent with healthy operation."
2026-09-01T08:31:40,25.6,971.4,84.7,NO_FAULT,,0.33,0.0,INFO,0.0,5,ACCEPT,temperature_c,51.9,"At 01 Sep 2026, 08:31:40 the station is operating normally. All detectors agree that this sample is consistent with healthy operation."
2026-09-01T08:31:45,39.951440353812714,971.4,84.9,SPIKE,temperature_c,1.0,0.631,LOW,31.2,4,REJECT_SAMPLE,temperature_c,97.7,"At 01 Sep 2026, 08:31:45 the system diagnosed a sensor spike / noise burst affecting Temperature. A single sample jumped far beyond anything this channel does naturally and then returned. That is the signature of an electrical impulse or a loose connection, not a real change in the weather. The clearest indicator: Temperature jumped 14.35 degC in one sampling interval - 71.8x the largest movement ever seen on this channel in healthy data. Temperature carries 98% of the statistical attribution, reading 39.95 degC (47.8 sigma above its normal level). 3 of 3 independent detectors flagged this sample. The next most likely explanation was calibration drift (score 0.86 against 1.00), so this diagnosis is not clear-cut. Inspect cabling, connectors and grounding at the sensor head."
2026-09-01T08:31:50,25.6,971.4,85.1,NO_FAULT,,0.488,0.0,INFO,0.0,5,ACCEPT,temperature_c,59.0,"At 01 Sep 2026, 08:31:50 the station is operating normally. All detectors agree that this sample is consistent with healthy operation."
2026-09-01T08:31:55,25.6,971.4,85.4,NO_FAULT,,0.27,0.0,INFO,0.0,5,ACCEPT,temperature_c,63.0,"At 01 Sep 2026, 08:31:55 the station is operating normally. All detectors agree that this sample is consistent with healthy operation."
2026-09-01T08:32:00,25.6,971.5,85.5,NO_FAULT,,0.333,0.0,INFO,0.0,5,ACCEPT,temperature_c,65.9,"At 01 Sep 2026, 08:32:00 the station is operating normally. All detectors agree that this sample is consistent with healthy operation."
2026-09-01T08:32:05,25.6,971.5,85.7,NO_FAULT,,0.269,0.0,INFO,0.0,5,ACCEPT,temperature_c,68.2,"At 01 Sep 2026, 08:32:05 the station is operating normally. All detectors agree that this sample is consistent with healthy operation."
2026-09-01T08:32:10,25.6,971.4,86.0,NO_FAULT,,0.264,0.0,INFO,0.0,5,ACCEPT,temperature_c,70.5,"At 01 Sep 2026, 08:32:10 the station is operating normally. All detectors agree that this sample is consistent with healthy operation."
2026-09-01T08:32:15,25.7,971.4,86.2,NO_FAULT,,0.27,0.0,INFO,0.0,5,ACCEPT,temperature_c,76.8,"At 01 Sep 2026, 08:32:15 the station is operating normally. All detectors agree that this sample is consistent with healthy operation."
2026-09-01T08:32:20,25.7,971.4,86.1,NO_FAULT,,0.267,0.0,INFO,0.0,5,ACCEPT,temperature_c,75.8,"At 01 Sep 2026, 08:32:20 the station is operating normally. All detectors agree that this sample is consistent with healthy operation."
2026-09-01T08:32:25,25.7,971.281199170996,86.0,NO_FAULT,,0.267,0.0,INFO,0.0,5,ACCEPT,temperature_c,72.1,"At 01 Sep 2026, 08:32:25 the station is operating normally. All detectors agree that this sample is consistent with healthy operation."
2026-09-01T08:32:30,25.7,971.162398341992,86.0,NO_FAULT,,0.261,0.0,INFO,0.0,5,ACCEPT,temperature_c,60.9,"At 01 Sep 2026, 08:32:30 the station is operating normally. All detectors agree that this sample is consistent with healthy operation."
2026-09-01T08:32:35,25.7,971.0435975129882,86.0,NO_FAULT,,0.262,0.0,INFO,0.0,5,ACCEPT,temperature_c,52.8,"At 01 Sep 2026, 08:32:35 the station is operating normally. All detectors agree that this sample is consistent with healthy operation."
2026-09-01T08:32:40,25.7,970.9247966839844,85.7,NO_FAULT,,0.276,0.0,INFO,0.0,5,ACCEPT,humidity_pct,49.3,"At 01 Sep 2026, 08:32:40 the station is operating normally. All detectors agree that this sample is consistent with healthy operation."
2026-09-01T08:32:45,25.7,970.8059958549804,85.2,NO_FAULT,,0.353,0.0,INFO,0.0,5,ACCEPT,humidity_pct,63.7,"At 01 Sep 2026, 08:32:45 the station is operating normally. All detectors agree that this sample is consistent with healthy operation."
2026-09-01T08:32:50,25.8,970.6871950259764,84.9,NO_FAULT,,0.367,0.0,INFO,0.0,5,ACCEPT,humidity_pct,63.8,"At 01 Sep 2026, 08:32:50 the station is operating normally. All detectors agree that this sample is consistent with healthy operation."
2026-09-01T08:32:55,25.8,970.5683941969723,84.5,NO_FAULT,,0.387,0.0,INFO,0.0,5,ACCEPT,humidity_pct,66.8,"At 01 Sep 2026, 08:32:55 the station is operating normally. All detectors agree that this sample is consistent with healthy operation."
2026-09-01T08:33:00,25.8,970.4495933679684,84.5,NO_FAULT,,0.394,0.0,INFO,0.0,5,ACCEPT,humidity_pct,65.5,"At 01 Sep 2026, 08:33:00 the station is operating normally. All detectors agree that this sample is consistent with healthy operation."
2026-09-01T08:33:05,25.8,970.4307925389646,84.5,NO_FAULT,,0.387,0.0,INFO,0.0,5,ACCEPT,humidity_pct,65.2,"At 01 Sep 2026, 08:33:05 the station is operating normally. All detectors agree that this sample is consistent with healthy operation."
2026-09-01T08:33:10,25.8,970.2119917099608,84.4,NO_FAULT,,0.413,0.0,INFO,0.0,5,ACCEPT,humidity_pct,62.5,"At 01 Sep 2026, 08:33:10 the station is operating normally. All detectors agree that this sample is consistent with healthy operation."
2026-09-01T08:33:15,25.8,970.0931908809569,84.2,NO_FAULT,,0.405,0.0,INFO,0.0,5,ACCEPT,humidity_pct,61.6,"At 01 Sep 2026, 08:33:15 the station is operating normally. All detectors agree that this sample is consistent with healthy operation."
2026-09-01T08:33:20,25.8,969.9743900519528,84.0,NO_FAULT,,0.405,0.0,INFO,0.0,5,ACCEPT,humidity_pct,60.4,"At 01 Sep 2026, 08:33:20 the station is operating normally. All detectors agree that this sample is consistent with healthy operation."
2026-09-01T08:33:25,25.8,969.8555892229488,84.0,NO_FAULT,,0.405,0.0,INFO,0.0,5,ACCEPT,humidity_pct,58.2,"At 01 Sep 2026, 08:33:25 the station is operating normally. All detectors agree that this sample is consistent with healthy operation."
2026-09-01T08:33:30,25.8,969.736788393945,84.1,NO_FAULT,,0.405,0.0,INFO,0.0,5,ACCEPT,humidity_pct,55.2,"At 01 Sep 2026, 08:33:30 the station is operating normally. All detectors agree that this sample is consistent with healthy operation."
2026-09-01T08:33:35,25.8,969.717987564941,84.1,NO_FAULT,,0.396,0.0,INFO,0.0,5,ACCEPT,humidity_pct,54.7,"At 01 Sep 2026, 08:33:35 the station is operating normally. All detectors agree that this sample is consistent with healthy operation."
2026-09-01T08:33:40,25.8,969.5991867359372,84.1,NO_FAULT,,0.405,0.0,INFO,0.0,5,ACCEPT,humidity_pct,51.6,"At 01 Sep 2026, 08:33:40 the station is operating normally. All detectors agree that this sample is consistent with healthy operation."
2026-09-01T08:33:45,25.8,969.4803859069332,83.9,NO_FAULT,,0.405,0.0,INFO,0.0,5,ACCEPT,humidity_pct,49.6,"At 01 Sep 2026, 08:33:45 the station is operating normally. All detectors agree that this sample is consistent with healthy operation."
2026-09-01T08:33:50,25.8,969.3615850779292,83.8,NO_FAULT,,0.405,0.0,INFO,0.0,5,ACCEPT,pressure_hpa,49.6,"At 01 Sep 2026, 08:33:50 the station is operating normally. All detectors agree that this sample is consistent with healthy operation."
2026-09-01T08:33:55,25.8,969.2427842489252,83.8,MULTIVARIATE_ANOMALY,temperature_c,0.744,0.788,MODERATE,41.2,3,HOLD_FOR_REVIEW,pressure_hpa,51.4,"At 01 Sep 2026, 08:33:55 the system diagnosed a single-channel outlier affecting Temperature. The joint sensor reading is far outside the station's normal operating cloud, and the displacement is dominated by one channel rather than by the relationship between them. Treat this as a single-channel failure. The clearest indicator: The joint (temperature, pressure, humidity) reading sits 15.4 sigma from the station's healthy operating cloud. Temperature carries 3% of the statistical attribution, reading 25.80 degC (6.4 sigma above its normal level). Note that the joint-distance attribution is led by Barometric pressure instead, because SHAP scores the level of each channel while this fault is defined by rate of change. 2 of 3 independent detectors flagged this sample. Verify channel wiring and the datalogger channel map."
2026-09-01T08:34:00,25.8,969.1239834199214,83.8,MULTIVARIATE_ANOMALY,pressure_hpa,0.752,0.795,MODERATE,44.9,3,HOLD_FOR_REVIEW,pressure_hpa,53.1,"At 01 Sep 2026, 08:34:00 the system diagnosed a single-channel outlier affecting Barometric pressure. The joint sensor reading is far outside the station's normal operating cloud, and the displacement is dominated by one channel rather than by the relationship between them. Treat this as a single-channel failure. The clearest indicator: The joint (temperature, pressure, humidity) reading sits 16.2 sigma from the station's healthy operating cloud. Barometric pressure carries 53% of the statistical attribution, reading 969.12 hPa (6.7 sigma below its normal level). 2 of 3 independent detectors flagged this sample. Verify channel wiring and the datalogger channel map."
2026-09-01T08:34:05,25.8,969.0051825909176,83.8,MULTIVARIATE_ANOMALY,pressure_hpa,0.76,0.803,MODERATE,45.1,3,HOLD_FOR_REVIEW,pressure_hpa,54.7,"At 01 Sep 2026, 08:34:05 the system diagnosed a single-channel outlier affecting Barometric pressure. The joint sensor reading is far outside the station's normal operating cloud, and the displacement is dominated by one channel rather than by the relationship between them. Treat this as a single-channel failure. The clearest indicator: The joint (temperature, pressure, humidity) reading sits 16.9 sigma from the station's healthy operating cloud. Barometric pressure carries 55% of the statistical attribution, reading 969.01 hPa (7.1 sigma below its normal level). 2 of 3 independent detectors flagged this sample. Verify channel wiring and the datalogger channel map."
2026-09-01T08:34:10,25.8,968.7863817619136,83.9,DRIFT,pressure_hpa,0.795,0.708,MODERATE,50.1,3,FLAG_SUSPECT,pressure_hpa,57.8,"At 01 Sep 2026, 08:34:10 the system diagnosed a calibration drift affecting Barometric pressure. The channel is slowly and consistently moving away from its calibrated baseline. Readings still look plausible, which is what makes drift dangerous - it quietly biases every observation until the sensor is recalibrated. The clearest indicator: The movement is consistently downward (93% of the travel is net displacement, about -80.01 hPa/hour), which separates calibration drift from random fluctuation. Barometric pressure carries 58% of the statistical attribution, reading 968.79 hPa (7.8 sigma below its normal level). 2 of 3 independent detectors flagged this sample. Schedule a calibration check against a reference instrument."
2026-09-01T08:34:15,25.7,968.7675809329096,84.0,DRIFT,pressure_hpa,0.8,0.725,MODERATE,50.9,3,FLAG_SUSPECT,pressure_hpa,57.8,"At 01 Sep 2026, 08:34:15 the system diagnosed a calibration drift affecting Barometric pressure. The channel is slowly and consistently moving away from its calibrated baseline. Readings still look plausible, which is what makes drift dangerous - it quietly biases every observation until the sensor is recalibrated. The clearest indicator: The movement is consistently downward (97% of the travel is net displacement, about -80.88 hPa/hour), which separates calibration drift from random fluctuation. Barometric pressure carries 58% of the statistical attribution, reading 968.77 hPa (7.9 sigma below its normal level). 2 of 3 independent detectors flagged this sample. Schedule a calibration check against a reference instrument."
2026-09-01T08:34:20,25.8,968.6487801039056,83.9,DRIFT,pressure_hpa,0.816,0.74,MODERATE,51.6,3,FLAG_SUSPECT,pressure_hpa,59.4,"At 01 Sep 2026, 08:34:20 the system diagnosed a calibration drift affecting Barometric pressure. The channel is slowly and consistently moving away from its calibrated baseline. Readings still look plausible, which is what makes drift dangerous - it quietly biases every observation until the sensor is recalibrated. The clearest indicator: The movement is consistently downward (94% of the travel is net displacement, about -80.31 hPa/hour), which separates calibration drift from random fluctuation. Barometric pressure carries 59% of the statistical attribution, reading 968.65 hPa (8.3 sigma below its normal level). 2 of 3 independent detectors flagged this sample. Schedule a calibration check against a reference instrument."
2026-09-01T08:34:25,25.8,968.4299792749016,84.0,DRIFT,pressure_hpa,0.839,0.753,MODERATE,58.3,3,FLAG_SUSPECT,pressure_hpa,62.0,"At 01 Sep 2026, 08:34:25 the system diagnosed a calibration drift affecting Barometric pressure. The channel is slowly and consistently moving away from its calibrated baseline. Readings still look plausible, which is what makes drift dangerous - it quietly biases every observation until the sensor is recalibrated. The clearest indicator: The movement is consistently downward (93% of the travel is net displacement, about -80.88 hPa/hour), which separates calibration drift from random fluctuation. Barometric pressure carries 62% of the statistical attribution, reading 968.43 hPa (9.0 sigma below its normal level). 2 of 3 independent detectors flagged this sample. Schedule a calibration check against a reference instrument."
2026-09-01T08:34:30,25.7,968.3111784458978,83.9,DRIFT,pressure_hpa,0.846,0.768,HIGH,61.1,2,FLAG_SUSPECT,pressure_hpa,62.4,"At 01 Sep 2026, 08:34:30 the system diagnosed a calibration drift affecting Barometric pressure. The channel is slowly and consistently moving away from its calibrated baseline. Readings still look plausible, which is what makes drift dangerous - it quietly biases every observation until the sensor is recalibrated. The clearest indicator: The movement is consistently downward (95% of the travel is net displacement, about -82.47 hPa/hour), which separates calibration drift from random fluctuation. Barometric pressure carries 62% of the statistical attribution, reading 968.31 hPa (9.4 sigma below its normal level). 2 of 3 independent detectors flagged this sample. Schedule a calibration check against a reference instrument."
2026-09-01T08:34:35,25.8,968.192377616894,84.0,DRIFT,pressure_hpa,0.86,0.783,HIGH,63.9,2,FLAG_SUSPECT,pressure_hpa,64.3,"At 01 Sep 2026, 08:34:35 the system diagnosed a calibration drift affecting Barometric pressure. The channel is slowly and consistently moving away from its calibrated baseline. Readings still look plausible, which is what makes drift dangerous - it quietly biases every observation until the sensor is recalibrated. The clearest indicator: The movement is consistently downward (97% of the travel is net displacement, about -84.07 hPa/hour), which separates calibration drift from random fluctuation. Barometric pressure carries 64% of the statistical attribution, reading 968.19 hPa (9.8 sigma below its normal level). 2 of 3 independent detectors flagged this sample. Schedule a calibration check against a reference instrument."
2026-09-01T08:34:40,25.8,971.4,84.0,SPIKE,pressure_hpa,1.0,0.933,LOW,25.8,4,REJECT_SAMPLE,temperature_c,56.7,"At 01 Sep 2026, 08:34:40 the system diagnosed a sensor spike / noise burst affecting Barometric pressure. A single sample jumped far beyond anything this channel does naturally and then returned. That is the signature of an electrical impulse or a loose connection, not a real change in the weather. The clearest indicator: Barometric pressure jumped 3.21 hPa in one sampling interval - 16.0x the largest movement ever seen on this channel in healthy data. Barometric pressure carries 0% of the statistical attribution, reading 971.40 hPa (1.0 sigma above its normal level). Note that the joint-distance attribution is led by Temperature instead, because SHAP scores the level of each channel while this fault is defined by rate of change. 3 of 3 independent detectors flagged this sample. Inspect cabling, connectors and grounding at the sensor head."
2026-09-01T08:34:45,25.7,971.4,84.1,NO_FAULT,,0.351,0.0,INFO,0.0,5,ACCEPT,temperature_c,50.3,"At 01 Sep 2026, 08:34:45 the station is operating normally. All detectors agree that this sample is consistent with healthy operation."
2026-09-01T08:34:50,25.7,971.4,84.2,NO_FAULT,,0.345,0.0,INFO,0.0,5,ACCEPT,temperature_c,52.0,"At 01 Sep 2026, 08:34:50 the station is operating normally. All detectors agree that this sample is consistent with healthy operation."
2026-09-01T08:34:55,25.8,971.4,84.1,NO_FAULT,,0.358,0.0,INFO,0.0,5,ACCEPT,temperature_c,57.9,"At 01 Sep 2026, 08:34:55 the station is operating normally. All detectors agree that this sample is consistent with healthy operation."
2026-09-01T08:35:00,25.7,971.4,84.0,NO_FAULT,,0.353,0.0,INFO,0.0,5,ACCEPT,humidity_pct,49.2,"At 01 Sep 2026, 08:35:00 the station is operating normally. All detectors agree that this sample is consistent with healthy operation."
2026-09-01T08:35:05,7.668709778908742,971.4,83.8,SPIKE,temperature_c,1.0,0.811,LOW,31.2,4,REJECT_SAMPLE,temperature_c,89.3,"At 01 Sep 2026, 08:35:05 the system diagnosed a sensor spike / noise burst affecting Temperature. A single sample jumped far beyond anything this channel does naturally and then returned. That is the signature of an electrical impulse or a loose connection, not a real change in the weather. The clearest indicator: Temperature jumped 18.03 degC in one sampling interval - 90.2x the largest movement ever seen on this channel in healthy data. Temperature carries 89% of the statistical attribution, reading 7.67 degC (46.6 sigma below its normal level). 3 of 3 independent detectors flagged this sample. Inspect cabling, connectors and grounding at the sensor head."
2026-09-01T08:35:10,25.7,971.4,83.7,NO_FAULT,,0.573,0.0,INFO,0.0,5,ACCEPT,humidity_pct,52.6,"At 01 Sep 2026, 08:35:10 the station is operating normally. All detectors agree that this sample is consistent with healthy operation."
2026-09-01T08:35:15,25.7,971.4,83.7,NO_FAULT,,0.348,0.0,INFO,0.0,5,ACCEPT,humidity_pct,52.6,"At 01 Sep 2026, 08:35:15 the station is operating normally. All detectors agree that this sample is consistent with healthy operation."
2026-09-01T08:35:20,25.7,971.4,83.8,NO_FAULT,,0.35,0.0,INFO,0.0,5,ACCEPT,humidity_pct,51.5,"At 01 Sep 2026, 08:35:20 the station is operating normally. All detectors agree that this sample is consistent with healthy operation."
2026-09-01T08:35:25,25.7,971.4,84.1,NO_FAULT,,0.353,0.0,INFO,0.0,5,ACCEPT,temperature_c,50.3,"At 01 Sep 2026, 08:35:25 the station is operating normally. All detectors agree that this sample is consistent with healthy operation."
2026-09-01T08:35:30,25.7,971.4,84.3,NO_FAULT,,0.407,0.0,INFO,0.0,5,ACCEPT,temperature_c,53.6,"At 01 Sep 2026, 08:35:30 the station is operating normally. All detectors agree that this sample is consistent with healthy operation."
2026-09-01T08:35:35,25.7,971.4,84.4,NO_FAULT,,0.402,0.0,INFO,0.0,5,ACCEPT,temperature_c,55.3,"At 01 Sep 2026, 08:35:35 the station is operating normally. All detectors agree that this sample is consistent with healthy operation."
2026-09-01T08:35:40,16.960923945782536,971.4,84.1,SPIKE,temperature_c,1.0,0.783,LOW,31.2,4,REJECT_SAMPLE,temperature_c,78.1,"At 01 Sep 2026, 08:35:40 the system diagnosed a sensor spike / noise burst affecting Temperature. A single sample jumped far beyond anything this channel does naturally and then returned. That is the signature of an electrical impulse or a loose connection, not a real change in the weather. The clearest indicator: Temperature jumped 8.74 degC in one sampling interval - 43.7x the largest movement ever seen on this channel in healthy data. Temperature carries 78% of the statistical attribution, reading 16.96 degC (19.4 sigma below its normal level). 3 of 3 independent detectors flagged this sample. Inspect cabling, connectors and grounding at the sensor head."
2026-09-01T08:35:45,25.7,971.4,83.9,NO_FAULT,,0.57,0.0,INFO,0.0,5,ACCEPT,humidity_pct,50.3,"At 01 Sep 2026, 08:35:45 the station is operating normally. All detectors agree that this sample is consistent with healthy operation."
2026-09-01T08:35:50,25.7,971.4,83.8,NO_FAULT,,0.35,0.0,INFO,0.0,5,ACCEPT,humidity_pct,51.5,"At 01 Sep 2026, 08:35:50 the station is operating normally. All detectors agree that this sample is consistent with healthy operation."
2026-09-01T08:35:55,25.7,971.4,83.7,NO_FAULT,,0.351,0.0,INFO,0.0,5,ACCEPT,humidity_pct,52.6,"At 01 Sep 2026, 08:35:55 the station is operating normally. All detectors agree that this sample is consistent with healthy operation."
2026-09-01T08:36:00,25.7,971.4,83.7,NO_FAULT,,0.348,0.0,INFO,0.0,5,ACCEPT,humidity_pct,52.6,"At 01 Sep 2026, 08:36:00 the station is operating normally. All detectors agree that this sample is consistent with healthy operation."
2026-09-01T08:36:05,25.7,971.4,83.6,NO_FAULT,,0.412,0.0,INFO,0.0,5,ACCEPT,humidity_pct,53.7,"At 01 Sep 2026, 08:36:05 the station is operating normally. All detectors agree that this sample is consistent with healthy operation."
2026-09-01T08:36:10,25.7,971.4,83.6,NO_FAULT,,0.349,0.0,INFO,0.0,5,ACCEPT,humidity_pct,53.7,"At 01 Sep 2026, 08:36:10 the station is operating normally. All detectors agree that this sample is consistent with healthy operation."
2026-09-01T08:36:15,25.7,971.4,83.7,NO_FAULT,,0.411,0.0,INFO,0.0,5,ACCEPT,humidity_pct,52.6,"At 01 Sep 2026, 08:36:15 the station is operating normally. All detectors agree that this sample is consistent with healthy operation."
2026-09-01T08:36:20,13.994070314631138,971.4,83.8,SPIKE,temperature_c,1.0,0.783,LOW,37.2,4,REJECT_SAMPLE,temperature_c,83.4,"At 01 Sep 2026, 08:36:20 the system diagnosed a sensor spike / noise burst affecting Temperature. A single sample jumped far beyond anything this channel does naturally and then returned. That is the signature of an electrical impulse or a loose connection, not a real change in the weather. The clearest indicator: Temperature jumped 11.71 degC in one sampling interval - 58.5x the largest movement ever seen on this channel in healthy data. Temperature carries 83% of the statistical attribution, reading 13.99 degC (28.1 sigma below its normal level). 3 of 3 independent detectors flagged this sample. Inspect cabling, connectors and grounding at the sensor head."
2026-09-01T08:36:25,13.994070314631138,971.4,83.9,MULTIVARIATE_ANOMALY,temperature_c,0.936,0.933,MODERATE,59.0,3,HOLD_FOR_REVIEW,temperature_c,83.5,"At 01 Sep 2026, 08:36:25 the system diagnosed a single-channel outlier affecting Temperature. The joint sensor reading is far outside the station's normal operating cloud, and the displacement is dominated by one channel rather than by the relationship between them. Treat this as a single-channel failure. The clearest indicator: The joint (temperature, pressure, humidity) reading sits 65.7 sigma from the station's healthy operating cloud. Temperature carries 83% of the statistical attribution, reading 13.99 degC (28.1 sigma below its normal level). 3 of 3 independent detectors flagged this sample. Verify channel wiring and the datalogger channel map."
2026-09-01T08:36:30,13.994070314631138,971.4,84.2,MULTIVARIATE_ANOMALY,temperature_c,0.941,0.933,MODERATE,58.9,3,HOLD_FOR_REVIEW,temperature_c,83.9,"At 01 Sep 2026, 08:36:30 the system diagnosed a single-channel outlier affecting Temperature. The joint sensor reading is far outside the station's normal operating cloud, and the displacement is dominated by one channel rather than by the relationship between them. Treat this as a single-channel failure. The clearest indicator: The joint (temperature, pressure, humidity) reading sits 65.4 sigma from the station's healthy operating cloud. Temperature carries 84% of the statistical attribution, reading 13.99 degC (28.1 sigma below its normal level). 3 of 3 independent detectors flagged this sample. Verify channel wiring and the datalogger channel map."
2026-09-01T08:36:35,13.994070314631138,971.4,84.3,MULTIVARIATE_ANOMALY,temperature_c,0.934,0.933,MODERATE,58.9,3,HOLD_FOR_REVIEW,temperature_c,84.0,"At 01 Sep 2026, 08:36:35 the system diagnosed a single-channel outlier affecting Temperature. The joint sensor reading is far outside the station's normal operating cloud, and the displacement is dominated by one channel rather than by the relationship between them. Treat this as a single-channel failure. The clearest indicator: The joint (temperature, pressure, humidity) reading sits 65.3 sigma from the station's healthy operating cloud. Temperature carries 84% of the statistical attribution, reading 13.99 degC (28.1 sigma below its normal level). 3 of 3 independent detectors flagged this sample. Verify channel wiring and the datalogger channel map."
2026-09-01T08:36:40,13.994070314631138,971.4,84.4,MULTIVARIATE_ANOMALY,temperature_c,0.933,0.933,MODERATE,58.9,3,HOLD_FOR_REVIEW,temperature_c,84.2,"At 01 Sep 2026, 08:36:40 the system diagnosed a single-channel outlier affecting Temperature. The joint sensor reading is far outside the station's normal operating cloud, and the displacement is dominated by one channel rather than by the relationship between them. Treat this as a single-channel failure. The clearest indicator: The joint (temperature, pressure, humidity) reading sits 65.2 sigma from the station's healthy operating cloud. Temperature carries 84% of the statistical attribution, reading 13.99 degC (28.1 sigma below its normal level). 3 of 3 independent detectors flagged this sample. Verify channel wiring and the datalogger channel map."
2026-09-01T08:36:45,13.994070314631138,971.4,84.5,MULTIVARIATE_ANOMALY,temperature_c,0.932,0.933,HIGH,60.8,2,HOLD_FOR_REVIEW,temperature_c,84.3,"At 01 Sep 2026, 08:36:45 the system diagnosed a single-channel outlier affecting Temperature. The joint sensor reading is far outside the station's normal operating cloud, and the displacement is dominated by one channel rather than by the relationship between them. Treat this as a single-channel failure. The clearest indicator: The joint (temperature, pressure, humidity) reading sits 65.1 sigma from the station's healthy operating cloud. Temperature carries 84% of the statistical attribution, reading 13.99 degC (28.1 sigma below its normal level). 3 of 3 independent detectors flagged this sample. Verify channel wiring and the datalogger channel map."
2026-09-01T08:36:50,13.994070314631138,971.4,84.5,MULTIVARIATE_ANOMALY,temperature_c,0.929,0.933,HIGH,62.8,2,HOLD_FOR_REVIEW,temperature_c,84.3,"At 01 Sep 2026, 08:36:50 the system diagnosed a single-channel outlier affecting Temperature. The joint sensor reading is far outside the station's normal operating cloud, and the displacement is dominated by one channel rather than by the relationship between them. Treat this as a single-channel failure. The clearest indicator: The joint (temperature, pressure, humidity) reading sits 65.1 sigma from the station's healthy operating cloud. Temperature carries 84% of the statistical attribution, reading 13.99 degC (28.1 sigma below its normal level). 3 of 3 independent detectors flagged this sample. Verify channel wiring and the datalogger channel map."
2026-09-01T08:36:55,13.994070314631138,971.4,84.6,MULTIVARIATE_ANOMALY,temperature_c,0.932,0.933,HIGH,62.8,2,HOLD_FOR_REVIEW,temperature_c,84.5,"At 01 Sep 2026, 08:36:55 the system diagnosed a single-channel outlier affecting Temperature. The joint sensor reading is far outside the station's normal operating cloud, and the displacement is dominated by one channel rather than by the relationship between them. Treat this as a single-channel failure. The clearest indicator: The joint (temperature, pressure, humidity) reading sits 65.0 sigma from the station's healthy operating cloud. Temperature carries 84% of the statistical attribution, reading 13.99 degC (28.1 sigma below its normal level). 3 of 3 independent detectors flagged this sample. Verify channel wiring and the datalogger channel map."
2026-09-01T08:37:00,13.994070314631138,971.4,84.7,MULTIVARIATE_ANOMALY,temperature_c,0.932,0.933,HIGH,62.8,2,HOLD_FOR_REVIEW,temperature_c,84.6,"At 01 Sep 2026, 08:37:00 the system diagnosed a single-channel outlier affecting Temperature. The joint sensor reading is far outside the station's normal operating cloud, and the displacement is dominated by one channel rather than by the relationship between them. Treat this as a single-channel failure. The clearest indicator: The joint (temperature, pressure, humidity) reading sits 64.9 sigma from the station's healthy operating cloud. Temperature carries 85% of the statistical attribution, reading 13.99 degC (28.1 sigma below its normal level). 3 of 3 independent detectors flagged this sample. Verify channel wiring and the datalogger channel map."
2026-09-01T08:37:05,13.994070314631138,971.4,84.6,MULTIVARIATE_ANOMALY,temperature_c,0.932,0.933,HIGH,62.8,2,HOLD_FOR_REVIEW,temperature_c,84.5,"At 01 Sep 2026, 08:37:05 the system diagnosed a single-channel outlier affecting Temperature. The joint sensor reading is far outside the station's normal operating cloud, and the displacement is dominated by one channel rather than by the relationship between them. Treat this as a single-channel failure. The clearest indicator: The joint (temperature, pressure, humidity) reading sits 65.0 sigma from the station's healthy operating cloud. Temperature carries 84% of the statistical attribution, reading 13.99 degC (28.1 sigma below its normal level). 3 of 3 independent detectors flagged this sample. Verify channel wiring and the datalogger channel map."
2026-09-01T08:37:10,13.994070314631138,971.4,84.8,MULTIVARIATE_ANOMALY,temperature_c,0.934,0.933,HIGH,62.8,2,HOLD_FOR_REVIEW,temperature_c,84.7,"At 01 Sep 2026, 08:37:10 the system diagnosed a single-channel outlier affecting Temperature. The joint sensor reading is far outside the station's normal operating cloud, and the displacement is dominated by one channel rather than by the relationship between them. Treat this as a single-channel failure. The clearest indicator: The joint (temperature, pressure, humidity) reading sits 64.8 sigma from the station's healthy operating cloud. Temperature carries 85% of the statistical attribution, reading 13.99 degC (28.1 sigma below its normal level). 3 of 3 independent detectors flagged this sample. Verify channel wiring and the datalogger channel map."
2026-09-01T08:37:15,13.994070314631138,971.4,85.0,MULTIVARIATE_ANOMALY,temperature_c,0.933,0.933,HIGH,62.7,2,HOLD_FOR_REVIEW,temperature_c,85.0,"At 01 Sep 2026, 08:37:15 the system diagnosed a single-channel outlier affecting Temperature. The joint sensor reading is far outside the station's normal operating cloud, and the displacement is dominated by one channel rather than by the relationship between them. Treat this as a single-channel failure. The clearest indicator: The joint (temperature, pressure, humidity) reading sits 64.6 sigma from the station's healthy operating cloud. Temperature carries 85% of the statistical attribution, reading 13.99 degC (28.1 sigma below its normal level). 3 of 3 independent detectors flagged this sample. Verify channel wiring and the datalogger channel map."
2026-09-01T08:37:20,13.994070314631138,971.4,85.0,DRIFT,temperature_c,0.927,0.811,HIGH,63.5,2,FLAG_SUSPECT,temperature_c,85.0,"At 01 Sep 2026, 08:37:20 the system diagnosed a calibration drift affecting Temperature. The channel is slowly and consistently moving away from its calibrated baseline. Readings still look plausible, which is what makes drift dangerous - it quietly biases every observation until the sensor is recalibrated. The clearest indicator: Temperature has averaged 18.09 degC over the last 20 samples, 16.4 sigma away from its calibrated baseline of 23.60 degC. Temperature carries 85% of the statistical attribution, reading 13.99 degC (28.1 sigma below its normal level). 3 of 3 independent detectors flagged this sample. Schedule a calibration check against a reference instrument."
2026-09-01T08:37:25,13.994070314631138,971.4,85.1,DRIFT,temperature_c,0.928,0.811,HIGH,63.5,2,FLAG_SUSPECT,temperature_c,85.2,"At 01 Sep 2026, 08:37:25 the system diagnosed a calibration drift affecting Temperature. The channel is slowly and consistently moving away from its calibrated baseline. Readings still look plausible, which is what makes drift dangerous - it quietly biases every observation until the sensor is recalibrated. The clearest indicator: Temperature has averaged 17.51 degC over the last 20 samples, 18.1 sigma away from its calibrated baseline of 23.60 degC. Temperature carries 85% of the statistical attribution, reading 13.99 degC (28.1 sigma below its normal level). 3 of 3 independent detectors flagged this sample. Schedule a calibration check against a reference instrument."
2026-09-01T08:37:30,25.7,971.4,85.2,SPIKE,temperature_c,1.0,0.933,LOW,37.2,4,REJECT_SAMPLE,temperature_c,65.8,"At 01 Sep 2026, 08:37:30 the system diagnosed a sensor spike / noise burst affecting Temperature. A single sample jumped far beyond anything this channel does naturally and then returned. That is the signature of an electrical impulse or a loose connection, not a real change in the weather. The clearest indicator: Temperature jumped 11.71 degC in one sampling interval - 58.5x the largest movement ever seen on this channel in healthy data. Temperature carries 66% of the statistical attribution, reading 25.70 degC (6.1 sigma above its normal level). 3 of 3 independent detectors flagged this sample. Inspect cabling, connectors and grounding at the sensor head."
2026-09-01T08:37:35,25.8,971.4,85.2,NO_FAULT,,0.405,0.0,INFO,0.0,5,ACCEPT,temperature_c,70.4,"At 01 Sep 2026, 08:37:35 the station is operating normally. All detectors agree that this sample is consistent with healthy operation."
2026-09-01T08:37:40,25.7,971.4,85.1,NO_FAULT,,0.4,0.0,INFO,0.0,5,ACCEPT,temperature_c,64.6,"At 01 Sep 2026, 08:37:40 the station is operating normally. All detectors agree that this sample is consistent with healthy operation."
2026-09-01T08:37:45,2.0782567016955404,971.4,85.1,SPIKE,temperature_c,1.0,0.811,LOW,37.2,4,REJECT_SAMPLE,temperature_c,92.8,"At 01 Sep 2026, 08:37:45 the system diagnosed a sensor spike / noise burst affecting Temperature. A single sample jumped far beyond anything this channel does naturally and then returned. That is the signature of an electrical impulse or a loose connection, not a real change in the weather. The clearest indicator: Temperature jumped 23.62 degC in one sampling interval - 118.1x the largest movement ever seen on this channel in healthy data. Temperature carries 93% of the statistical attribution, reading 2.08 degC (62.9 sigma below its normal level). 3 of 3 independent detectors flagged this sample. Inspect cabling, connectors and grounding at the sensor head."
2026-09-01T08:37:50,25.8,971.4,84.8,NO_FAULT,,0.567,0.0,INFO,0.0,5,ACCEPT,temperature_c,66.0,"At 01 Sep 2026, 08:37:50 the station is operating normally. All detectors agree that this sample is consistent with healthy operation."
2026-09-01T08:37:55,25.8,971.4,84.6,NO_FAULT,,0.411,0.0,INFO,0.0,5,ACCEPT,temperature_c,63.7,"At 01 Sep 2026, 08:37:55 the station is operating normally. All detectors agree that this sample is consistent with healthy operation."
2026-09-01T08:38:00,25.8,967.5036584592112,84.4,SPIKE,pressure_hpa,1.0,0.828,LOW,35.6,4,REJECT_SAMPLE,pressure_hpa,70.8,"At 01 Sep 2026, 08:38:00 the system diagnosed a sensor spike / noise burst affecting Barometric pressure. A single sample jumped far beyond anything this channel does naturally and then returned. That is the signature of an electrical impulse or a loose connection, not a real change in the weather. The clearest indicator: Barometric pressure jumped 3.90 hPa in one sampling interval - 19.5x the largest movement ever seen on this channel in healthy data. Barometric pressure carries 71% of the statistical attribution, reading 967.50 hPa (12.1 sigma below its normal level). 3 of 3 independent detectors flagged this sample. Inspect cabling, connectors and grounding at the sensor head."
2026-09-01T08:38:05,25.8,971.4,84.3,NO_FAULT,,0.572,0.0,INFO,0.0,5,ACCEPT,temperature_c,60.2,"At 01 Sep 2026, 08:38:05 the station is operating normally. All detectors agree that this sample is consistent with healthy operation."
2026-09-01T08:38:10,25.8,971.4,84.3,NO_FAULT,,0.407,0.0,INFO,0.0,5,ACCEPT,temperature_c,60.2,"At 01 Sep 2026, 08:38:10 the station is operating normally. All detectors agree that this sample is consistent with healthy operation."
2026-09-01T08:38:15,25.8,971.4,112.21608430664016,SPIKE,humidity_pct,1.0,0.877,LOW,37.7,4,REJECT_SAMPLE,humidity_pct,64.0,"At 01 Sep 2026, 08:38:15 the system diagnosed a sensor spike / noise burst affecting Relative humidity. A single sample jumped far beyond anything this channel does naturally and then returned. That is the signature of an electrical impulse or a loose connection, not a real change in the weather. The clearest indicator: Relative humidity jumped 27.92 %RH in one sampling interval - 139.6x the largest movement ever seen on this channel in healthy data. Relative humidity carries 64% of the statistical attribution, reading 112.22 %RH (8.4 sigma above its normal level). 3 of 3 independent detectors flagged this sample. Inspect cabling, connectors and grounding at the sensor head."
2026-09-01T08:38:20,25.8,971.4,83.9,NO_FAULT,,0.578,0.0,INFO,0.0,5,ACCEPT,temperature_c,55.1,"At 01 Sep 2026, 08:38:20 the station is operating normally. All detectors agree that this sample is consistent with healthy operation."
2026-09-01T08:38:25,25.8,971.4,83.6,NO_FAULT,,0.426,0.0,INFO,0.0,5,ACCEPT,temperature_c,50.5,"At 01 Sep 2026, 08:38:25 the station is operating normally. All detectors agree that this sample is consistent with healthy operation."
2026-09-01T08:38:30,25.8,975.563203709832,83.2,SPIKE,pressure_hpa,1.0,0.883,LOW,38.2,4,REJECT_SAMPLE,pressure_hpa,78.9,"At 01 Sep 2026, 08:38:30 the system diagnosed a sensor spike / noise burst affecting Barometric pressure. A single sample jumped far beyond anything this channel does naturally and then returned. That is the signature of an electrical impulse or a loose connection, not a real change in the weather. The clearest indicator: Barometric pressure jumped 4.16 hPa in one sampling interval - 20.8x the largest movement ever seen on this channel in healthy data. Barometric pressure carries 79% of the statistical attribution, reading 975.56 hPa (15.1 sigma above its normal level). 3 of 3 independent detectors flagged this sample. Inspect cabling, connectors and grounding at the sensor head."
2026-09-01T08:38:35,25.8,971.4,83.1,NO_FAULT,,0.587,0.0,INFO,0.0,5,ACCEPT,humidity_pct,53.5,"At 01 Sep 2026, 08:38:35 the station is operating normally. All detectors agree that this sample is consistent with healthy operation."
2026-09-01T08:38:40,25.8,971.4,82.9,NO_FAULT,,0.37,0.0,INFO,0.0,5,ACCEPT,humidity_pct,55.6,"At 01 Sep 2026, 08:38:40 the station is operating normally. All detectors agree that this sample is consistent with healthy operation."
2026-09-01T08:38:45,25.8,971.4,82.9,NO_FAULT,,0.423,0.0,INFO,0.0,5,ACCEPT,humidity_pct,55.6,"At 01 Sep 2026, 08:38:45 the station is operating normally. All detectors agree that this sample is consistent with healthy operation."
2026-09-01T08:38:50,25.7,971.4,82.8,NO_FAULT,,0.366,0.0,INFO,0.0,5,ACCEPT,humidity_pct,61.6,"At 01 Sep 2026, 08:38:50 the station is operating normally. All detectors agree that this sample is consistent with healthy operation."
2026-09-01T08:38:55,25.7,971.4,82.9,NO_FAULT,,0.36,0.0,INFO,0.0,5,ACCEPT,humidity_pct,60.7,"At 01 Sep 2026, 08:38:55 the station is operating normally. All detectors agree that this sample is consistent with healthy operation."
2026-09-01T08:39:00,25.7,971.4,82.9,NO_FAULT,,0.417,0.0,INFO,0.0,5,ACCEPT,humidity_pct,60.7,"At 01 Sep 2026, 08:39:00 the station is operating normally. All detectors agree that this sample is consistent with healthy operation."
2026-09-01T08:39:05,25.7,971.4,83.2,NO_FAULT,,0.364,0.0,INFO,0.0,5,ACCEPT,humidity_pct,57.9,"At 01 Sep 2026, 08:39:05 the station is operating normally. All detectors agree that this sample is consistent with healthy operation."
2026-09-01T08:39:10,25.7,971.4,83.5,NO_FAULT,,0.36,0.0,INFO,0.0,5,ACCEPT,humidity_pct,54.8,"At 01 Sep 2026, 08:39:10 the station is operating normally. All detectors agree that this sample is consistent with healthy operation."
2026-09-01T08:39:15,25.7,971.4,84.0,NO_FAULT,,0.421,0.0,INFO,0.0,5,ACCEPT,humidity_pct,49.2,"At 01 Sep 2026, 08:39:15 the station is operating normally. All detectors agree that this sample is consistent with healthy operation."
2026-09-01T08:39:20,25.7,971.4,84.3,NO_FAULT,,0.35,0.0,INFO,0.0,5,ACCEPT,temperature_c,53.6,"At 01 Sep 2026, 08:39:20 the station is operating normally. All detectors agree that this sample is consistent with healthy operation."
2026-09-01T08:39:25,25.971617548017075,971.4,84.4,NO_FAULT,,0.374,0.0,INFO,0.0,5,ACCEPT,temperature_c,69.2,"At 01 Sep 2026, 08:39:25 the station is operating normally. All detectors agree that this sample is consistent with healthy operation."
2026-09-01T08:39:30,26.243235096034148,971.4,84.4,NO_FAULT,,0.443,0.0,INFO,0.0,5,ACCEPT,temperature_c,77.9,"At 01 Sep 2026, 08:39:30 the station is operating normally. All detectors agree that this sample is consistent with healthy operation."
2026-09-01T08:39:35,26.514852644051224,971.4,84.3,DRIFT,temperature_c,0.856,0.9,MODERATE,50.9,3,FLAG_SUSPECT,temperature_c,82.8,"At 01 Sep 2026, 08:39:35 the system diagnosed a calibration drift affecting Temperature. The channel is slowly and consistently moving away from its calibrated baseline. Readings still look plausible, which is what makes drift dangerous - it quietly biases every observation until the sensor is recalibrated. The clearest indicator: Temperature has averaged 25.82 degC over the last 20 samples, 6.6 sigma away from its calibrated baseline of 23.60 degC. Temperature carries 83% of the statistical attribution, reading 26.51 degC (8.5 sigma above its normal level). 2 of 3 independent detectors flagged this sample. Schedule a calibration check against a reference instrument."
2026-09-01T08:39:40,26.786470192068297,971.4,84.1,DRIFT,temperature_c,0.887,0.925,MODERATE,57.2,3,FLAG_SUSPECT,temperature_c,85.8,"At 01 Sep 2026, 08:39:40 the system diagnosed a calibration drift affecting Temperature. The channel is slowly and consistently moving away from its calibrated baseline. Readings still look plausible, which is what makes drift dangerous - it quietly biases every observation until the sensor is recalibrated. The clearest indicator: Temperature has averaged 25.87 degC over the last 20 samples, 6.8 sigma away from its calibrated baseline of 23.60 degC. Temperature carries 86% of the statistical attribution, reading 26.79 degC (9.3 sigma above its normal level). 2 of 3 independent detectors flagged this sample. Schedule a calibration check against a reference instrument."
2026-09-01T08:39:45,27.058087740085373,971.4,84.0,DRIFT,temperature_c,0.895,0.931,MODERATE,59.5,3,FLAG_SUSPECT,temperature_c,88.3,"At 01 Sep 2026, 08:39:45 the system diagnosed a calibration drift affecting Temperature. The channel is slowly and consistently moving away from its calibrated baseline. Readings still look plausible, which is what makes drift dangerous - it quietly biases every observation until the sensor is recalibrated. The clearest indicator: Temperature has averaged 25.94 degC over the last 20 samples, 6.9 sigma away from its calibrated baseline of 23.60 degC. Temperature carries 88% of the statistical attribution, reading 27.06 degC (10.1 sigma above its normal level). 2 of 3 independent detectors flagged this sample. Schedule a calibration check against a reference instrument."
2026-09-01T08:39:50,27.32970528810245,971.4,83.7,DRIFT,temperature_c,0.899,0.933,HIGH,61.9,2,FLAG_SUSPECT,temperature_c,89.5,"At 01 Sep 2026, 08:39:50 the system diagnosed a calibration drift affecting Temperature. The channel is slowly and consistently moving away from its calibrated baseline. Readings still look plausible, which is what makes drift dangerous - it quietly biases every observation until the sensor is recalibrated. The clearest indicator: Temperature has averaged 26.01 degC over the last 20 samples, 7.2 sigma away from its calibrated baseline of 23.60 degC. Temperature carries 90% of the statistical attribution, reading 27.33 degC (10.9 sigma above its normal level). 2 of 3 independent detectors flagged this sample. Schedule a calibration check against a reference instrument."
2026-09-01T08:39:55,27.60132283611952,971.4,83.8,DRIFT,temperature_c,0.898,0.933,HIGH,62.4,2,FLAG_SUSPECT,temperature_c,91.4,"At 01 Sep 2026, 08:39:55 the system diagnosed a calibration drift affecting Temperature. The channel is slowly and consistently moving away from its calibrated baseline. Readings still look plausible, which is what makes drift dangerous - it quietly biases every observation until the sensor is recalibrated. The clearest indicator: Temperature has averaged 26.10 degC over the last 20 samples, 7.4 sigma away from its calibrated baseline of 23.60 degC. Temperature carries 91% of the statistical attribution, reading 27.60 degC (11.7 sigma above its normal level). 2 of 3 independent detectors flagged this sample. Schedule a calibration check against a reference instrument."
2026-09-01T08:40:00,27.8729403841366,971.4,83.8,DRIFT,temperature_c,0.898,0.851,HIGH,63.0,2,FLAG_SUSPECT,temperature_c,92.6,"At 01 Sep 2026, 08:40:00 the system diagnosed a calibration drift affecting Temperature. The channel is slowly and consistently moving away from its calibrated baseline. Readings still look plausible, which is what makes drift dangerous - it quietly biases every observation until the sensor is recalibrated. The clearest indicator: Temperature has averaged 26.21 degC over the last 20 samples, 7.7 sigma away from its calibrated baseline of 23.60 degC. Temperature carries 93% of the statistical attribution, reading 27.87 degC (12.5 sigma above its normal level). 2 of 3 independent detectors flagged this sample. Schedule a calibration check against a reference instrument."
2026-09-01T08:40:05,28.14455793215367,971.4,83.9,DRIFT,temperature_c,0.898,0.847,HIGH,63.6,2,FLAG_SUSPECT,temperature_c,93.1,"At 01 Sep 2026, 08:40:05 the system diagnosed a calibration drift affecting Temperature. The channel is slowly and consistently moving away from its calibrated baseline. Readings still look plausible, which is what makes drift dangerous - it quietly biases every observation until the sensor is recalibrated. The clearest indicator: Temperature has averaged 26.32 degC over the last 20 samples, 8.1 sigma away from its calibrated baseline of 23.60 degC. Temperature carries 93% of the statistical attribution, reading 28.14 degC (13.3 sigma above its normal level). 2 of 3 independent detectors flagged this sample. Schedule a calibration check against a reference instrument."
2026-09-01T08:40:10,28.416175480170747,971.4,83.9,DRIFT,temperature_c,0.958,0.843,HIGH,64.3,2,FLAG_SUSPECT,temperature_c,93.2,"At 01 Sep 2026, 08:40:10 the system diagnosed a calibration drift affecting Temperature. The channel is slowly and consistently moving away from its calibrated baseline. Readings still look plausible, which is what makes drift dangerous - it quietly biases every observation until the sensor is recalibrated. The clearest indicator: Temperature has averaged 26.46 degC over the last 20 samples, 8.5 sigma away from its calibrated baseline of 23.60 degC. Temperature carries 93% of the statistical attribution, reading 28.42 degC (14.1 sigma above its normal level). 3 of 3 independent detectors flagged this sample. Schedule a calibration check against a reference instrument."
2026-09-01T08:40:15,28.687793028187823,971.4,83.8,DRIFT,temperature_c,0.958,0.839,HIGH,65.0,2,FLAG_SUSPECT,temperature_c,93.5,"At 01 Sep 2026, 08:40:15 the system diagnosed a calibration drift affecting Temperature. The channel is slowly and consistently moving away from its calibrated baseline. Readings still look plausible, which is what makes drift dangerous - it quietly biases every observation until the sensor is recalibrated. The clearest indicator: Temperature has averaged 26.60 degC over the last 20 samples, 8.9 sigma away from its calibrated baseline of 23.60 degC. Temperature carries 94% of the statistical attribution, reading 28.69 degC (14.9 sigma above its normal level). 3 of 3 independent detectors flagged this sample. Schedule a calibration check against a reference instrument."
2026-09-01T08:40:20,28.959410576204895,971.4,83.7,DRIFT,temperature_c,0.959,0.902,HIGH,65.8,2,FLAG_SUSPECT,temperature_c,93.8,"At 01 Sep 2026, 08:40:20 the system diagnosed a calibration drift affecting Temperature. The channel is slowly and consistently moving away from its calibrated baseline. Readings still look plausible, which is what makes drift dangerous - it quietly biases every observation until the sensor is recalibrated. The clearest indicator: Temperature has averaged 26.76 degC over the last 20 samples, 9.4 sigma away from its calibrated baseline of 23.60 degC. Temperature carries 94% of the statistical attribution, reading 28.96 degC (15.7 sigma above its normal level). 3 of 3 independent detectors flagged this sample. Schedule a calibration check against a reference instrument."
2026-09-01T08:40:25,29.23102812422197,971.4,83.7,DRIFT,temperature_c,0.959,0.897,HIGH,66.7,2,FLAG_SUSPECT,temperature_c,94.0,"At 01 Sep 2026, 08:40:25 the system diagnosed a calibration drift affecting Temperature. The channel is slowly and consistently moving away from its calibrated baseline. Readings still look plausible, which is what makes drift dangerous - it quietly biases every observation until the sensor is recalibrated. The clearest indicator: Temperature has averaged 26.93 degC over the last 20 samples, 9.9 sigma away from its calibrated baseline of 23.60 degC. Temperature carries 94% of the statistical attribution, reading 29.23 degC (16.5 sigma above its normal level). 3 of 3 independent detectors flagged this sample. Schedule a calibration check against a reference instrument."
2026-09-01T08:40:30,29.502645672239048,971.4,83.8,DRIFT,temperature_c,0.958,0.893,HIGH,67.7,2,FLAG_SUSPECT,temperature_c,94.1,"At 01 Sep 2026, 08:40:30 the system diagnosed a calibration drift affecting Temperature. The channel is slowly and consistently moving away from its calibrated baseline. Readings still look plausible, which is what makes drift dangerous - it quietly biases every observation until the sensor is recalibrated. The clearest indicator: Temperature has averaged 27.12 degC over the last 20 samples, 10.5 sigma away from its calibrated baseline of 23.60 degC. Temperature carries 94% of the statistical attribution, reading 29.50 degC (17.3 sigma above its normal level). 3 of 3 independent detectors flagged this sample. Schedule a calibration check against a reference instrument."
2026-09-01T08:40:35,29.77426322025612,971.4,83.9,DRIFT,temperature_c,0.958,0.889,HIGH,68.8,2,FLAG_SUSPECT,temperature_c,94.3,"At 01 Sep 2026, 08:40:35 the system diagnosed a calibration drift affecting Temperature. The channel is slowly and consistently moving away from its calibrated baseline. Readings still look plausible, which is what makes drift dangerous - it quietly biases every observation until the sensor is recalibrated. The clearest indicator: Temperature has averaged 27.32 degC over the last 20 samples, 11.1 sigma away from its calibrated baseline of 23.60 degC. Temperature carries 94% of the statistical attribution, reading 29.77 degC (18.0 sigma above its normal level). 3 of 3 independent detectors flagged this sample. Schedule a calibration check against a reference instrument."
2026-09-01T08:40:40,30.045880768273197,971.4,83.8,DRIFT,temperature_c,0.958,0.885,HIGH,69.9,2,FLAG_SUSPECT,temperature_c,94.5,"At 01 Sep 2026, 08:40:40 the system diagnosed a calibration drift affecting Temperature. The channel is slowly and consistently moving away from its calibrated baseline. Readings still look plausible, which is what makes drift dangerous - it quietly biases every observation until the sensor is recalibrated. The clearest indicator: Temperature has averaged 27.54 degC over the last 20 samples, 11.7 sigma away from its calibrated baseline of 23.60 degC. Temperature carries 95% of the statistical attribution, reading 30.05 degC (18.8 sigma above its normal level). 3 of 3 independent detectors flagged this sample. Schedule a calibration check against a reference instrument."
2026-09-01T08:40:45,30.31749831629027,971.4,83.9,DRIFT,temperature_c,0.958,0.88,HIGH,71.2,2,FLAG_SUSPECT,temperature_c,94.7,"At 01 Sep 2026, 08:40:45 the system diagnosed a calibration drift affecting Temperature. The channel is slowly and consistently moving away from its calibrated baseline. Readings still look plausible, which is what makes drift dangerous - it quietly biases every observation until the sensor is recalibrated. The clearest indicator: Temperature has averaged 27.77 degC over the last 20 samples, 12.4 sigma away from its calibrated baseline of 23.60 degC. Temperature carries 95% of the statistical attribution, reading 30.32 degC (19.6 sigma above its normal level). 3 of 3 independent detectors flagged this sample. Schedule a calibration check against a reference instrument."
2026-09-01T08:40:50,30.489115864307347,971.4,83.8,DRIFT,temperature_c,0.95,0.878,HIGH,72.4,2,FLAG_SUSPECT,temperature_c,94.9,"At 01 Sep 2026, 08:40:50 the system diagnosed a calibration drift affecting Temperature. The channel is slowly and consistently moving away from its calibrated baseline. Readings still look plausible, which is what makes drift dangerous - it quietly biases every observation until the sensor is recalibrated. The clearest indicator: Temperature has averaged 28.01 degC over the last 20 samples, 13.1 sigma away from its calibrated baseline of 23.60 degC. Temperature carries 95% of the statistical attribution, reading 30.49 degC (20.1 sigma above its normal level). 3 of 3 independent detectors flagged this sample. Schedule a calibration check against a reference instrument."
2026-09-01T08:40:55,30.76073341232442,971.4,83.8,DRIFT,temperature_c,0.958,0.877,HIGH,73.5,2,FLAG_SUSPECT,temperature_c,95.0,"At 01 Sep 2026, 08:40:55 the system diagnosed a calibration drift affecting Temperature. The channel is slowly and consistently moving away from its calibrated baseline. Readings still look plausible, which is what makes drift dangerous - it quietly biases every observation until the sensor is recalibrated. The clearest indicator: Temperature has averaged 28.27 degC over the last 20 samples, 13.9 sigma away from its calibrated baseline of 23.60 degC. Temperature carries 95% of the statistical attribution, reading 30.76 degC (20.9 sigma above its normal level). 3 of 3 independent detectors flagged this sample. Schedule a calibration check against a reference instrument."
2026-09-01T08:41:00,31.032350960341496,971.4,83.7,DRIFT,temperature_c,0.959,0.877,HIGH,73.5,2,FLAG_SUSPECT,temperature_c,95.2,"At 01 Sep 2026, 08:41:00 the system diagnosed a calibration drift affecting Temperature. The channel is slowly and consistently moving away from its calibrated baseline. Readings still look plausible, which is what makes drift dangerous - it quietly biases every observation until the sensor is recalibrated. The clearest indicator: Temperature has averaged 28.54 degC over the last 20 samples, 14.7 sigma away from its calibrated baseline of 23.60 degC. Temperature carries 95% of the statistical attribution, reading 31.03 degC (21.7 sigma above its normal level). 3 of 3 independent detectors flagged this sample. Schedule a calibration check against a reference instrument."
2026-09-01T08:41:05,31.303968508358572,971.4,83.6,DRIFT,temperature_c,0.959,0.877,HIGH,73.5,2,FLAG_SUSPECT,temperature_c,95.4,"At 01 Sep 2026, 08:41:05 the system diagnosed a calibration drift affecting Temperature. The channel is slowly and consistently moving away from its calibrated baseline. Readings still look plausible, which is what makes drift dangerous - it quietly biases every observation until the sensor is recalibrated. The clearest indicator: Temperature has averaged 28.80 degC over the last 20 samples, 15.5 sigma away from its calibrated baseline of 23.60 degC. Temperature carries 95% of the statistical attribution, reading 31.30 degC (22.5 sigma above its normal level). 3 of 3 independent detectors flagged this sample. Schedule a calibration check against a reference instrument."
2026-09-01T08:41:10,31.57558605637565,971.4,83.6,DRIFT,temperature_c,0.959,0.877,HIGH,73.5,2,FLAG_SUSPECT,temperature_c,95.6,"At 01 Sep 2026, 08:41:10 the system diagnosed a calibration drift affecting Temperature. The channel is slowly and consistently moving away from its calibrated baseline. Readings still look plausible, which is what makes drift dangerous - it quietly biases every observation until the sensor is recalibrated. The clearest indicator: Temperature has averaged 29.07 degC over the last 20 samples, 16.3 sigma away from its calibrated baseline of 23.60 degC. Temperature carries 96% of the statistical attribution, reading 31.58 degC (23.3 sigma above its normal level). 3 of 3 independent detectors flagged this sample. Schedule a calibration check against a reference instrument."
2026-09-01T08:41:15,31.84720360439272,971.4,83.6,DRIFT,temperature_c,0.959,0.877,HIGH,73.5,2,FLAG_SUSPECT,temperature_c,95.7,"At 01 Sep 2026, 08:41:15 the system diagnosed a calibration drift affecting Temperature. The channel is slowly and consistently moving away from its calibrated baseline. Readings still look plausible, which is what makes drift dangerous - it quietly biases every observation until the sensor is recalibrated. The clearest indicator: Temperature has averaged 29.34 degC over the last 20 samples, 17.0 sigma away from its calibrated baseline of 23.60 degC. Temperature carries 96% of the statistical attribution, reading 31.85 degC (24.1 sigma above its normal level). 3 of 3 independent detectors flagged this sample. Schedule a calibration check against a reference instrument."
2026-09-01T08:41:20,32.118821152409794,971.4,83.8,DRIFT,temperature_c,0.958,0.877,HIGH,73.5,2,FLAG_SUSPECT,temperature_c,95.8,"At 01 Sep 2026, 08:41:20 the system diagnosed a calibration drift affecting Temperature. The channel is slowly and consistently moving away from its calibrated baseline. Readings still look plausible, which is what makes drift dangerous - it quietly biases every observation until the sensor is recalibrated. The clearest indicator: Temperature has averaged 29.60 degC over the last 20 samples, 17.8 sigma away from its calibrated baseline of 23.60 degC. Temperature carries 96% of the statistical attribution, reading 32.12 degC (24.9 sigma above its normal level). 3 of 3 independent detectors flagged this sample. Schedule a calibration check against a reference instrument."
2026-09-01T08:41:25,32.39043870042687,971.4,84.3,DRIFT,temperature_c,0.955,0.877,HIGH,73.5,2,FLAG_SUSPECT,temperature_c,95.8,"At 01 Sep 2026, 08:41:25 the system diagnosed a calibration drift affecting Temperature. The channel is slowly and consistently moving away from its calibrated baseline. Readings still look plausible, which is what makes drift dangerous - it quietly biases every observation until the sensor is recalibrated. The clearest indicator: Temperature has averaged 29.87 degC over the last 20 samples, 18.6 sigma away from its calibrated baseline of 23.60 degC. Temperature carries 96% of the statistical attribution, reading 32.39 degC (25.7 sigma above its normal level). 3 of 3 independent detectors flagged this sample. Schedule a calibration check against a reference instrument."
2026-09-01T08:41:30,25.6,971.4,84.8,SPIKE,temperature_c,0.991,0.933,LOW,31.2,4,REJECT_SAMPLE,temperature_c,53.7,"At 01 Sep 2026, 08:41:30 the system diagnosed a sensor spike / noise burst affecting Temperature. A single sample jumped far beyond anything this channel does naturally and then returned. That is the signature of an electrical impulse or a loose connection, not a real change in the weather. The clearest indicator: Temperature jumped 6.79 degC in one sampling interval - 34.0x the largest movement ever seen on this channel in healthy data. Temperature carries 54% of the statistical attribution, reading 25.60 degC (5.8 sigma above its normal level). 2 of 3 independent detectors flagged this sample. Inspect cabling, connectors and grounding at the sensor head."
2026-09-01T08:41:35,25.6,971.4,85.3,NO_FAULT,,0.337,0.0,INFO,0.0,5,ACCEPT,temperature_c,61.6,"At 01 Sep 2026, 08:41:35 the station is operating normally. All detectors agree that this sample is consistent with healthy operation."
2026-09-01T08:41:40,25.6,971.4,85.3,NO_FAULT,,0.321,0.0,INFO,0.0,5,ACCEPT,temperature_c,61.6,"At 01 Sep 2026, 08:41:40 the station is operating normally. All detectors agree that this sample is consistent with healthy operation."
2026-09-01T08:41:45,25.6,971.4,85.4,NO_FAULT,,0.323,0.0,INFO,0.0,5,ACCEPT,temperature_c,63.0,"At 01 Sep 2026, 08:41:45 the station is operating normally. All detectors agree that this sample is consistent with healthy operation."
2026-09-01T08:41:50,25.6,971.4,85.2,NO_FAULT,,0.328,0.0,INFO,0.0,5,ACCEPT,temperature_c,60.3,"At 01 Sep 2026, 08:41:50 the station is operating normally. All detectors agree that this sample is consistent with healthy operation."
2026-09-01T08:41:55,25.7,971.4,85.2,NO_FAULT,,0.399,0.0,INFO,0.0,5,ACCEPT,temperature_c,65.8,"At 01 Sep 2026, 08:41:55 the station is operating normally. All detectors agree that this sample is consistent with healthy operation."
2026-09-01T08:42:00,25.6,971.4,85.1,NO_FAULT,,0.332,0.0,INFO,0.0,5,ACCEPT,temperature_c,59.0,"At 01 Sep 2026, 08:42:00 the station is operating normally. All detectors agree that this sample is consistent with healthy operation."
2026-09-01T08:42:05,25.7,971.4,85.1,NO_FAULT,,0.4,0.0,INFO,0.0,5,ACCEPT,temperature_c,64.6,"At 01 Sep 2026, 08:42:05 the station is operating normally. All detectors agree that this sample is consistent with healthy operation."
2026-09-01T08:42:10,25.7,971.4,85.1,NO_FAULT,,0.392,0.0,INFO,0.0,5,ACCEPT,temperature_c,64.6,"At 01 Sep 2026, 08:42:10 the station is operating normally. All detectors agree that this sample is consistent with healthy operation."
2026-09-01T08:42:15,25.7,971.4,85.2,NO_FAULT,,0.394,0.0,INFO,0.0,5,ACCEPT,temperature_c,65.8,"At 01 Sep 2026, 08:42:15 the station is operating normally. All detectors agree that this sample is consistent with healthy operation."
2026-09-01T08:42:20,25.7,971.4,85.5,DRIFT,temperature_c,0.786,0.953,HIGH,73.3,2,FLAG_SUSPECT,temperature_c,69.3,"At 01 Sep 2026, 08:42:20 the system diagnosed a calibration drift affecting Temperature. The channel is slowly and consistently moving away from its calibrated baseline. Readings still look plausible, which is what makes drift dangerous - it quietly biases every observation until the sensor is recalibrated. The clearest indicator: Temperature has averaged 28.19 degC over the last 20 samples, 13.6 sigma away from its calibrated baseline of 23.60 degC. Temperature carries 69% of the statistical attribution, reading 25.70 degC (6.1 sigma above its normal level). 2 of 3 independent detectors flagged this sample. Schedule a calibration check against a reference instrument."
2026-09-01T08:42:25,25.7,971.4,85.6,DRIFT,temperature_c,0.788,0.962,HIGH,72.1,2,FLAG_SUSPECT,temperature_c,70.5,"At 01 Sep 2026, 08:42:25 the system diagnosed a calibration drift affecting Temperature. The channel is slowly and consistently moving away from its calibrated baseline. Readings still look plausible, which is what makes drift dangerous - it quietly biases every observation until the sensor is recalibrated. The clearest indicator: Temperature has averaged 27.96 degC over the last 20 samples, 13.0 sigma away from its calibrated baseline of 23.60 degC. Temperature carries 70% of the statistical attribution, reading 25.70 degC (6.1 sigma above its normal level). 2 of 3 independent detectors flagged this sample. Schedule a calibration check against a reference instrument."
2026-09-01T08:42:30,25.7,971.4,85.6,DRIFT,temperature_c,0.792,0.902,HIGH,70.9,2,FLAG_SUSPECT,temperature_c,70.5,"At 01 Sep 2026, 08:42:30 the system diagnosed a calibration drift affecting Temperature. The channel is slowly and consistently moving away from its calibrated baseline. Readings still look plausible, which is what makes drift dangerous - it quietly biases every observation until the sensor is recalibrated. The clearest indicator: Temperature has averaged 27.72 degC over the last 20 samples, 12.2 sigma away from its calibrated baseline of 23.60 degC. Temperature carries 70% of the statistical attribution, reading 25.70 degC (6.1 sigma above its normal level). 2 of 3 independent detectors flagged this sample. Schedule a calibration check against a reference instrument."
2026-09-01T08:42:35,25.7,971.4,85.1,DRIFT,temperature_c,0.891,0.917,HIGH,69.5,2,FLAG_SUSPECT,temperature_c,64.6,"At 01 Sep 2026, 08:42:35 the system diagnosed a calibration drift affecting Temperature. The channel is slowly and consistently moving away from its calibrated baseline. Readings still look plausible, which is what makes drift dangerous - it quietly biases every observation until the sensor is recalibrated. The clearest indicator: Temperature has averaged 27.47 degC over the last 20 samples, 11.5 sigma away from its calibrated baseline of 23.60 degC. Temperature carries 65% of the statistical attribution, reading 25.70 degC (6.1 sigma above its normal level). 3 of 3 independent detectors flagged this sample. Schedule a calibration check against a reference instrument."
2026-09-01T08:42:40,25.7,971.4,84.6,DRIFT,temperature_c,0.914,0.933,HIGH,68.2,2,FLAG_SUSPECT,temperature_c,58.4,"At 01 Sep 2026, 08:42:40 the system diagnosed a calibration drift affecting Temperature. The channel is slowly and consistently moving away from its calibrated baseline. Readings still look plausible, which is what makes drift dangerous - it quietly biases every observation until the sensor is recalibrated. The clearest indicator: Temperature has averaged 27.20 degC over the last 20 samples, 10.7 sigma away from its calibrated baseline of 23.60 degC. Temperature carries 58% of the statistical attribution, reading 25.70 degC (6.1 sigma above its normal level). 3 of 3 independent detectors flagged this sample. Schedule a calibration check against a reference instrument."
2026-09-01T08:42:45,25.7,971.4,84.2,DRIFT,temperature_c,0.915,0.933,HIGH,66.7,2,FLAG_SUSPECT,temperature_c,52.0,"At 01 Sep 2026, 08:42:45 the system diagnosed a calibration drift affecting Temperature. The channel is slowly and consistently moving away from its calibrated baseline. Readings still look plausible, which is what makes drift dangerous - it quietly biases every observation until the sensor is recalibrated. The clearest indicator: Temperature has averaged 26.92 degC over the last 20 samples, 9.9 sigma away from its calibrated baseline of 23.60 degC. Temperature carries 52% of the statistical attribution, reading 25.70 degC (6.1 sigma above its normal level). 3 of 3 independent detectors flagged this sample. Schedule a calibration check against a reference instrument."
2026-09-01T08:42:50,25.7,971.4,83.9,DRIFT,temperature_c,0.915,0.933,HIGH,65.1,2,FLAG_SUSPECT,humidity_pct,50.3,"At 01 Sep 2026, 08:42:50 the system diagnosed a calibration drift affecting Temperature. The channel is slowly and consistently moving away from its calibrated baseline. Readings still look plausible, which is what makes drift dangerous - it quietly biases every observation until the sensor is recalibrated. The clearest indicator: Temperature has averaged 26.63 degC over the last 20 samples, 9.0 sigma away from its calibrated baseline of 23.60 degC. Temperature carries 47% of the statistical attribution, reading 25.70 degC (6.1 sigma above its normal level). Note that the joint-distance attribution is led by Relative humidity instead, because SHAP scores the level of each channel while this fault is defined by rate of change. 3 of 3 independent detectors flagged this sample. Schedule a calibration check against a reference instrument."
2026-09-01T08:42:55,25.7,971.4,83.7,DRIFT,temperature_c,0.914,0.933,HIGH,63.5,2,FLAG_SUSPECT,humidity_pct,52.6,"At 01 Sep 2026, 08:42:55 the system diagnosed a calibration drift affecting Temperature. The channel is slowly and consistently moving away from its calibrated baseline. Readings still look plausible, which is what makes drift dangerous - it quietly biases every observation until the sensor is recalibrated. The clearest indicator: Temperature has averaged 26.32 degC over the last 20 samples, 8.1 sigma away from its calibrated baseline of 23.60 degC. Temperature carries 44% of the statistical attribution, reading 25.70 degC (6.1 sigma above its normal level). Note that the joint-distance attribution is led by Relative humidity instead, because SHAP scores the level of each channel while this fault is defined by rate of change. 3 of 3 independent detectors flagged this sample. Schedule a calibration check against a reference instrument."
2026-09-01T08:43:00,25.7,971.4,83.6,NO_FAULT,,0.412,0.0,INFO,0.0,5,ACCEPT,humidity_pct,53.7,"At 01 Sep 2026, 08:43:00 the station is operating normally. All detectors agree that this sample is consistent with healthy operation."
2026-09-01T08:43:05,25.7,971.4,83.6,NO_FAULT,,0.409,0.0,INFO,0.0,5,ACCEPT,humidity_pct,53.7,"At 01 Sep 2026, 08:43:05 the station is operating normally. All detectors agree that this sample is consistent with healthy operation."
2026-09-01T08:43:10,25.7,971.4,83.6,NO_FAULT,,0.409,0.0,INFO,0.0,5,ACCEPT,humidity_pct,53.7,"At 01 Sep 2026, 08:43:10 the station is operating normally. All detectors agree that this sample is consistent with healthy operation."
2026-09-01T08:43:15,25.7,971.4,64.2857696232859,SPIKE,humidity_pct,1.0,0.66,LOW,29.7,4,REJECT_SAMPLE,humidity_pct,95.7,"At 01 Sep 2026, 08:43:15 the system diagnosed a sensor spike / noise burst affecting Relative humidity. A single sample jumped far beyond anything this channel does naturally and then returned. That is the signature of an electrical impulse or a loose connection, not a real change in the weather. The clearest indicator: Relative humidity jumped 19.31 %RH in one sampling interval - 96.6x the largest movement ever seen on this channel in healthy data. Relative humidity carries 96% of the statistical attribution, reading 64.29 %RH (15.7 sigma below its normal level). 3 of 3 independent detectors flagged this sample. The next most likely explanation was calibration drift (score 0.78 against 1.00), so this diagnosis is not clear-cut. Inspect cabling, connectors and grounding at the sensor head."
2026-09-01T08:43:20,25.7,971.4,84.2,NO_FAULT,,0.567,0.0,INFO,0.0,5,ACCEPT,temperature_c,52.0,"At 01 Sep 2026, 08:43:20 the station is operating normally. All detectors agree that this sample is consistent with healthy operation."
2026-09-01T08:43:25,25.7,971.4,84.5,NO_FAULT,,0.408,0.0,INFO,0.0,5,ACCEPT,temperature_c,57.0,"At 01 Sep 2026, 08:43:25 the station is operating normally. All detectors agree that this sample is consistent with healthy operation."
2026-09-01T08:43:30,25.7,971.4,84.8,NO_FAULT,,0.405,0.0,INFO,0.0,5,ACCEPT,temperature_c,60.9,"At 01 Sep 2026, 08:43:30 the station is operating normally. All detectors agree that this sample is consistent with healthy operation."
2026-09-01T08:43:35,25.7,971.4,84.9,NO_FAULT,,0.397,0.0,INFO,0.0,5,ACCEPT,temperature_c,62.1,"At 01 Sep 2026, 08:43:35 the station is operating normally. All detectors agree that this sample is consistent with healthy operation."
2026-09-01T08:43:40,25.7,971.4,84.7,NO_FAULT,,0.403,0.0,INFO,0.0,5,ACCEPT,temperature_c,59.6,"At 01 Sep 2026, 08:43:40 the station is operating normally. All detectors agree that this sample is consistent with healthy operation."
2026-09-01T08:43:45,25.7,971.4,84.5,NO_FAULT,,0.405,0.0,INFO,0.0,5,ACCEPT,temperature_c,57.0,"At 01 Sep 2026, 08:43:45 the station is operating normally. All detectors agree that this sample is consistent with healthy operation."
2026-09-01T08:43:50,25.7,971.4,84.2,NO_FAULT,,0.411,0.0,INFO,0.0,5,ACCEPT,temperature_c,52.0,"At 01 Sep 2026, 08:43:50 the station is operating normally. All detectors agree that this sample is consistent with healthy operation."
2026-09-01T08:43:55,25.7,971.4,103.55314711856929,SPIKE,humidity_pct,0.922,0.802,LOW,29.7,4,REJECT_SAMPLE,humidity_pct,47.9,"At 01 Sep 2026, 08:43:55 the system diagnosed a sensor spike / noise burst affecting Relative humidity. A single sample jumped far beyond anything this channel does naturally and then returned. That is the signature of an electrical impulse or a loose connection, not a real change in the weather. The clearest indicator: Relative humidity jumped 19.35 %RH in one sampling interval - 96.8x the largest movement ever seen on this channel in healthy data. Relative humidity carries 48% of the statistical attribution, reading 103.55 %RH (4.1 sigma above its normal level). 2 of 3 independent detectors flagged this sample. Inspect cabling, connectors and grounding at the sensor head."
2026-09-01T08:44:00,25.7,971.4,84.0,NO_FAULT,,0.569,0.0,INFO,0.0,5,ACCEPT,humidity_pct,49.2,"At 01 Sep 2026, 08:44:00 the station is operating normally. All detectors agree that this sample is consistent with healthy operation."
2026-09-01T08:44:05,25.7,971.4,84.0,NO_FAULT,,0.404,0.0,INFO,0.0,5,ACCEPT,humidity_pct,49.2,"At 01 Sep 2026, 08:44:05 the station is operating normally. All detectors agree that this sample is consistent with healthy operation."
2026-09-01T08:44:10,25.7,971.4,84.0,NO_FAULT,,0.404,0.0,INFO,0.0,5,ACCEPT,humidity_pct,49.2,"At 01 Sep 2026, 08:44:10 the station is operating normally. All detectors agree that this sample is consistent with healthy operation."
2026-09-01T08:44:15,25.7,971.4,84.0,NO_FAULT,,0.404,0.0,INFO,0.0,5,ACCEPT,humidity_pct,49.2,"At 01 Sep 2026, 08:44:15 the station is operating normally. All detectors agree that this sample is consistent with healthy operation."
2026-09-01T08:44:50,25.7,971.5,83.7,COMMUNICATION_FAILURE,,0.924,0.867,MODERATE,54.6,3,MARK_MISSING,temperature_c,50.1,"At 01 Sep 2026, 08:44:50 the system diagnosed a communication / telemetry failure at this station. The problem is in the telemetry path rather than the sensors. Samples are missing, malformed, or repeated, so the record for this period is incomplete. The clearest indicator: Data gap of 35 s against a nominal 5 s interval - approximately 6 sample(s) never reached the server. 3 of 3 independent detectors flagged this sample. Check the datalogger, modem and power supply at the station."
2026-09-01T08:44:55,15.459022297629142,971.4,83.7,SPIKE,temperature_c,1.0,0.783,LOW,31.2,4,REJECT_SAMPLE,temperature_c,80.8,"At 01 Sep 2026, 08:44:55 the system diagnosed a sensor spike / noise burst affecting Temperature. A single sample jumped far beyond anything this channel does naturally and then returned. That is the signature of an electrical impulse or a loose connection, not a real change in the weather. The clearest indicator: Temperature jumped 10.24 degC in one sampling interval - 51.2x the largest movement ever seen on this channel in healthy data. Temperature carries 81% of the statistical attribution, reading 15.46 degC (23.8 sigma below its normal level). 3 of 3 independent detectors flagged this sample. Inspect cabling, connectors and grounding at the sensor head."
2026-09-01T08:45:00,25.7,971.4,83.8,NO_FAULT,,0.572,0.0,INFO,0.0,5,ACCEPT,humidity_pct,51.5,"At 01 Sep 2026, 08:45:00 the station is operating normally. All detectors agree that this sample is consistent with healthy operation."
2026-09-01T08:45:05,25.7,971.4,83.9,NO_FAULT,,0.349,0.0,INFO,0.0,5,ACCEPT,humidity_pct,50.3,"At 01 Sep 2026, 08:45:05 the station is operating normally. All detectors agree that this sample is consistent with healthy operation."
2026-09-01T08:45:10,25.7,977.4557190805548,83.9,SPIKE,pressure_hpa,1.0,0.847,LOW,39.0,4,REJECT_SAMPLE,pressure_hpa,85.9,"At 01 Sep 2026, 08:45:10 the system diagnosed a sensor spike / noise burst affecting Barometric pressure. A single sample jumped far beyond anything this channel does naturally and then returned. That is the signature of an electrical impulse or a loose connection, not a real change in the weather. The clearest indicator: Barometric pressure jumped 6.06 hPa in one sampling interval - 30.3x the largest movement ever seen on this channel in healthy data. Barometric pressure carries 86% of the statistical attribution, reading 977.46 hPa (21.4 sigma above its normal level). 3 of 3 independent detectors flagged this sample. Inspect cabling, connectors and grounding at the sensor head."
2026-09-01T08:45:15,25.7,971.5,83.8,NO_FAULT,,0.578,0.0,INFO,0.0,5,ACCEPT,temperature_c,51.3,"At 01 Sep 2026, 08:45:15 the station is operating normally. All detectors agree that this sample is consistent with healthy operation."
2026-09-01T08:45:20,25.7,971.5,83.9,NO_FAULT,,0.355,0.0,INFO,0.0,5,ACCEPT,temperature_c,52.5,"At 01 Sep 2026, 08:45:20 the station is operating normally. All detectors agree that this sample is consistent with healthy operation."
2026-09-01T08:45:25,25.7,971.5,83.8,NO_FAULT,,0.416,0.0,INFO,0.0,5,ACCEPT,temperature_c,51.3,"At 01 Sep 2026, 08:45:25 the station is operating normally. All detectors agree that this sample is consistent with healthy operation."
2026-09-01T08:45:30,25.7,971.5,83.8,NO_FAULT,,0.353,0.0,INFO,0.0,5,ACCEPT,temperature_c,51.3,"At 01 Sep 2026, 08:45:30 the station is operating normally. All detectors agree that this sample is consistent with healthy operation."
2026-09-01T08:45:35,25.6,966.6026796013654,83.7,SPIKE,pressure_hpa,1.0,0.847,LOW,38.1,4,REJECT_SAMPLE,pressure_hpa,73.5,"At 01 Sep 2026, 08:45:35 the system diagnosed a sensor spike / noise burst affecting Barometric pressure. A single sample jumped far beyond anything this channel does naturally and then returned. That is the signature of an electrical impulse or a loose connection, not a real change in the weather. The clearest indicator: Barometric pressure jumped 4.90 hPa in one sampling interval - 24.5x the largest movement ever seen on this channel in healthy data. Barometric pressure carries 74% of the statistical attribution, reading 966.60 hPa (15.2 sigma below its normal level). 3 of 3 independent detectors flagged this sample. Inspect cabling, connectors and grounding at the sensor head."
2026-09-01T08:45:40,25.6,971.5,83.5,NO_FAULT,,0.572,0.0,INFO,0.0,5,ACCEPT,humidity_pct,58.2,"At 01 Sep 2026, 08:45:40 the station is operating normally. All detectors agree that this sample is consistent with healthy operation."
2026-09-01T08:45:45,25.6,971.4,83.3,NO_FAULT,,0.352,0.0,INFO,0.0,5,ACCEPT,humidity_pct,62.2,"At 01 Sep 2026, 08:45:45 the station is operating normally. All detectors agree that this sample is consistent with healthy operation."
2026-09-01T08:45:50,25.6,971.5,83.2,NO_FAULT,,0.359,0.0,INFO,0.0,5,ACCEPT,humidity_pct,61.3,"At 01 Sep 2026, 08:45:50 the station is operating normally. All detectors agree that this sample is consistent with healthy operation."
2026-09-01T08:45:55,15.87157765063683,971.5,83.2,SPIKE,temperature_c,1.0,0.847,MODERATE,41.2,3,REJECT_SAMPLE,temperature_c,79.2,"At 01 Sep 2026, 08:45:55 the system diagnosed a sensor spike / noise burst affecting Temperature. A single sample jumped far beyond anything this channel does naturally and then returned. That is the signature of an electrical impulse or a loose connection, not a real change in the weather. The clearest indicator: Temperature jumped 9.73 degC in one sampling interval - 48.6x the largest movement ever seen on this channel in healthy data. Temperature carries 79% of the statistical attribution, reading 15.87 degC (22.6 sigma below its normal level). 3 of 3 independent detectors flagged this sample. Inspect cabling, connectors and grounding at the sensor head."
2026-09-01T08:46:00,25.6,971.5,83.1,DRIFT,humidity_pct,0.964,0.832,MODERATE,47.3,3,FLAG_SUSPECT,humidity_pct,62.3,"At 01 Sep 2026, 08:46:00 the system diagnosed a calibration drift affecting Relative humidity. The channel is slowly and consistently moving away from its calibrated baseline. Readings still look plausible, which is what makes drift dangerous - it quietly biases every observation until the sensor is recalibrated. The clearest indicator: Relative humidity has averaged 84.21 %RH over the last 20 samples, 5.8 sigma away from its calibrated baseline of 95.50 %RH. Relative humidity carries 62% of the statistical attribution, reading 83.10 %RH (6.2 sigma below its normal level). 3 of 3 independent detectors flagged this sample. Schedule a calibration check against a reference instrument."
2026-09-01T08:46:05,25.6,971.5,83.3,NO_FAULT,,0.356,0.0,INFO,0.0,5,ACCEPT,humidity_pct,60.3,"At 01 Sep 2026, 08:46:05 the station is operating normally. All detectors agree that this sample is consistent with healthy operation."
2026-09-01T08:46:10,25.6,971.4,83.4,NO_FAULT,,0.411,0.0,INFO,0.0,5,ACCEPT,humidity_pct,61.2,"At 01 Sep 2026, 08:46:10 the station is operating normally. All detectors agree that this sample is consistent with healthy operation."
2026-09-01T08:46:15,25.6,971.4,83.8,NO_FAULT,,0.351,0.0,INFO,0.0,5,ACCEPT,humidity_pct,57.2,"At 01 Sep 2026, 08:46:15 the station is operating normally. All detectors agree that this sample is consistent with healthy operation."
2026-09-01T08:46:20,15.528847421314971,971.4,84.0,SPIKE,temperature_c,1.0,0.847,MODERATE,41.2,3,REJECT_SAMPLE,temperature_c,81.1,"At 01 Sep 2026, 08:46:20 the system diagnosed a sensor spike / noise burst affecting Temperature. A single sample jumped far beyond anything this channel does naturally and then returned. That is the signature of an electrical impulse or a loose connection, not a real change in the weather. The clearest indicator: Temperature jumped 10.07 degC in one sampling interval - 50.4x the largest movement ever seen on this channel in healthy data. Temperature carries 81% of the statistical attribution, reading 15.53 degC (23.6 sigma below its normal level). 3 of 3 independent detectors flagged this sample. Inspect cabling, connectors and grounding at the sensor head."
2026-09-01T08:46:25,25.6,971.4,83.9,NO_FAULT,,0.561,0.0,INFO,0.0,5,ACCEPT,humidity_pct,56.2,"At 01 Sep 2026, 08:46:25 the station is operating normally. All detectors agree that this sample is consistent with healthy operation."
2026-09-01T08:46:30,25.6,971.4,83.8,NO_FAULT,,0.341,0.0,INFO,0.0,5,ACCEPT,humidity_pct,57.2,"At 01 Sep 2026, 08:46:30 the station is operating normally. All detectors agree that this sample is consistent with healthy operation."
2026-09-01T08:46:35,25.6,971.4,83.5,NO_FAULT,,0.411,0.0,INFO,0.0,5,ACCEPT,humidity_pct,60.3,"At 01 Sep 2026, 08:46:35 the station is operating normally. All detectors agree that this sample is consistent with healthy operation."
2026-09-01T08:46:40,25.6,971.5,83.5,NO_FAULT,,0.355,0.0,INFO,0.0,5,ACCEPT,humidity_pct,58.2,"At 01 Sep 2026, 08:46:40 the station is operating normally. All detectors agree that this sample is consistent with healthy operation."
2026-09-01T08:46:45,25.6,971.4,83.4,NO_FAULT,,0.351,0.0,INFO,0.0,5,ACCEPT,humidity_pct,61.2,"At 01 Sep 2026, 08:46:45 the station is operating normally. All detectors agree that this sample is consistent with healthy operation."
2026-09-01T08:46:50,25.6,971.4,83.3,NO_FAULT,,0.347,0.0,INFO,0.0,5,ACCEPT,humidity_pct,62.2,"At 01 Sep 2026, 08:46:50 the station is operating normally. All detectors agree that this sample is consistent with healthy operation."
2026-09-01T08:46:55,25.6,971.4,83.3,NO_FAULT,,0.404,0.0,INFO,0.0,5,ACCEPT,humidity_pct,62.2,"At 01 Sep 2026, 08:46:55 the station is operating normally. All detectors agree that this sample is consistent with healthy operation."
2026-09-01T08:47:00,25.6,971.5,83.3,NO_FAULT,,0.358,0.0,INFO,0.0,5,ACCEPT,humidity_pct,60.3,"At 01 Sep 2026, 08:47:00 the station is operating normally. All detectors agree that this sample is consistent with healthy operation."
2026-09-01T08:47:05,25.6,971.5,83.3,NO_FAULT,,0.349,0.0,INFO,0.0,5,ACCEPT,humidity_pct,60.3,"At 01 Sep 2026, 08:47:05 the station is operating normally. All detectors agree that this sample is consistent with healthy operation."
2026-09-01T08:47:10,25.5,971.5,83.3,NO_FAULT,,0.35,0.0,INFO,0.0,5,ACCEPT,humidity_pct,65.8,"At 01 Sep 2026, 08:47:10 the station is operating normally. All detectors agree that this sample is consistent with healthy operation."
2026-09-01T08:47:15,25.5,971.4,83.4,NO_FAULT,,0.342,0.0,INFO,0.0,5,ACCEPT,humidity_pct,66.4,"At 01 Sep 2026, 08:47:15 the station is operating normally. All detectors agree that this sample is consistent with healthy operation."
2026-09-01T08:47:20,25.5,971.5,83.5,NO_FAULT,,0.408,0.0,INFO,0.0,5,ACCEPT,humidity_pct,64.0,"At 01 Sep 2026, 08:47:20 the station is operating normally. All detectors agree that this sample is consistent with healthy operation."
2026-09-01T08:47:25,25.5,971.5,83.6,NO_FAULT,,0.341,0.0,INFO,0.0,5,ACCEPT,humidity_pct,63.0,"At 01 Sep 2026, 08:47:25 the station is operating normally. All detectors agree that this sample is consistent with healthy operation."
2026-09-01T08:47:30,25.5,971.5,83.7,NO_FAULT,,0.34,0.0,INFO,0.0,5,ACCEPT,humidity_pct,62.0,"At 01 Sep 2026, 08:47:30 the station is operating normally. All detectors agree that this sample is consistent with healthy operation."
2026-09-01T08:47:35,14.888572281735003,971.5,83.8,SPIKE,temperature_c,1.0,0.811,LOW,39.2,4,REJECT_SAMPLE,temperature_c,82.0,"At 01 Sep 2026, 08:47:35 the system diagnosed a sensor spike / noise burst affecting Temperature. A single sample jumped far beyond anything this channel does naturally and then returned. That is the signature of an electrical impulse or a loose connection, not a real change in the weather. The clearest indicator: Temperature jumped 10.61 degC in one sampling interval - 53.1x the largest movement ever seen on this channel in healthy data. Temperature carries 82% of the statistical attribution, reading 14.89 degC (25.5 sigma below its normal level). 3 of 3 independent detectors flagged this sample. Inspect cabling, connectors and grounding at the sensor head."
2026-09-01T08:47:40,25.5,971.4,83.9,NO_FAULT,,0.553,0.0,INFO,0.0,5,ACCEPT,humidity_pct,61.8,"At 01 Sep 2026, 08:47:40 the station is operating normally. All detectors agree that this sample is consistent with healthy operation."
2026-09-01T08:47:45,25.5,971.4,83.9,NO_FAULT,,0.328,0.0,INFO,0.0,5,ACCEPT,humidity_pct,61.8,"At 01 Sep 2026, 08:47:45 the station is operating normally. All detectors agree that this sample is consistent with healthy operation."
2026-09-01T08:47:50,25.5,971.4,84.0,NO_FAULT,,0.33,0.0,INFO,0.0,5,ACCEPT,humidity_pct,60.8,"At 01 Sep 2026, 08:47:50 the station is operating normally. All detectors agree that this sample is consistent with healthy operation."
2026-09-01T08:47:55,25.5,971.4,84.1,NO_FAULT,,0.268,0.0,INFO,0.0,5,ACCEPT,humidity_pct,59.8,"At 01 Sep 2026, 08:47:55 the station is operating normally. All detectors agree that this sample is consistent with healthy operation."
2026-09-01T08:48:00,25.5,971.4,84.1,NO_FAULT,,0.265,0.0,INFO,0.0,5,ACCEPT,humidity_pct,59.8,"At 01 Sep 2026, 08:48:00 the station is operating normally. All detectors agree that this sample is consistent with healthy operation."
2026-09-01T08:48:05,25.5,971.4,84.1,NO_FAULT,,0.265,0.0,INFO,0.0,5,ACCEPT,humidity_pct,59.8,"At 01 Sep 2026, 08:48:05 the station is operating normally. All detectors agree that this sample is consistent with healthy operation."
2026-09-01T08:48:10,25.5,971.5,84.1,NO_FAULT,,0.339,0.0,INFO,0.0,5,ACCEPT,humidity_pct,57.7,"At 01 Sep 2026, 08:48:10 the station is operating normally. All detectors agree that this sample is consistent with healthy operation."
2026-09-01T08:48:15,25.5,971.5,84.1,NO_FAULT,,0.331,0.0,INFO,0.0,5,ACCEPT,humidity_pct,57.7,"At 01 Sep 2026, 08:48:15 the station is operating normally. All detectors agree that this sample is consistent with healthy operation."
2026-09-01T08:48:20,25.5,971.5,84.1,NO_FAULT,,0.331,0.0,INFO,0.0,5,ACCEPT,humidity_pct,57.7,"At 01 Sep 2026, 08:48:20 the station is operating normally. All detectors agree that this sample is consistent with healthy operation."
2026-09-01T08:48:25,25.5,971.5,84.1,NO_FAULT,,0.331,0.0,INFO,0.0,5,ACCEPT,humidity_pct,57.7,"At 01 Sep 2026, 08:48:25 the station is operating normally. All detectors agree that this sample is consistent with healthy operation."
2026-09-01T08:48:30,25.5,971.5,84.1,NO_FAULT,,0.331,0.0,INFO,0.0,5,ACCEPT,humidity_pct,57.7,"At 01 Sep 2026, 08:48:30 the station is operating normally. All detectors agree that this sample is consistent with healthy operation."
2026-09-01T08:48:35,25.5,971.5,84.2,NO_FAULT,,0.393,0.0,INFO,0.0,5,ACCEPT,humidity_pct,56.5,"At 01 Sep 2026, 08:48:35 the station is operating normally. All detectors agree that this sample is consistent with healthy operation."
2026-09-01T08:48:40,25.5,971.5,84.3,NO_FAULT,,0.332,0.0,INFO,0.0,5,ACCEPT,humidity_pct,55.1,"At 01 Sep 2026, 08:48:40 the station is operating normally. All detectors agree that this sample is consistent with healthy operation."
2026-09-01T08:48:45,25.5,971.5,84.2,NO_FAULT,,0.333,0.0,INFO,0.0,5,ACCEPT,humidity_pct,56.5,"At 01 Sep 2026, 08:48:45 the station is operating normally. All detectors agree that this sample is consistent with healthy operation."
2026-09-01T08:48:50,25.5,971.5,84.0,NO_FAULT,,0.339,0.0,INFO,0.0,5,ACCEPT,humidity_pct,58.8,"At 01 Sep 2026, 08:48:50 the station is operating normally. All detectors agree that this sample is consistent with healthy operation."
2026-09-01T08:48:55,25.5,971.5,83.8,NO_FAULT,,0.342,0.0,INFO,0.0,5,ACCEPT,humidity_pct,61.0,"At 01 Sep 2026, 08:48:55 the station is operating normally. All detectors agree that this sample is consistent with healthy operation."
2026-09-01T08:49:00,25.5,971.5,83.04576473887651,NO_FAULT,,0.37,0.0,INFO,0.0,5,ACCEPT,humidity_pct,67.9,"At 01 Sep 2026, 08:49:00 the station is operating normally. All detectors agree that this sample is consistent with healthy operation."
2026-09-01T08:49:05,25.5,971.6,82.49152947775303,NO_FAULT,,0.377,0.0,INFO,0.0,5,ACCEPT,humidity_pct,71.5,"At 01 Sep 2026, 08:49:05 the station is operating normally. All detectors agree that this sample is consistent with healthy operation."
2026-09-01T08:49:10,25.5,971.5,81.73729421662955,DRIFT,temperature_c,0.741,0.8,MODERATE,47.9,3,FLAG_SUSPECT,humidity_pct,76.5,"At 01 Sep 2026, 08:49:10 the system diagnosed a calibration drift affecting Temperature. The channel is slowly and consistently moving away from its calibrated baseline. Readings still look plausible, which is what makes drift dangerous - it quietly biases every observation until the sensor is recalibrated. The clearest indicator: Temperature has averaged 25.23 degC over the last 20 samples, 4.9 sigma away from its calibrated baseline of 23.60 degC. Temperature carries 18% of the statistical attribution, reading 25.50 degC (5.6 sigma above its normal level). Note that the joint-distance attribution is led by Relative humidity instead, because SHAP scores the level of each channel while this fault is defined by rate of change. 2 of 3 independent detectors flagged this sample. Schedule a calibration check against a reference instrument."
2026-09-01T08:49:15,25.5,971.5,81.08305895550606,NO_FAULT,,0.452,0.0,INFO,0.0,5,ACCEPT,humidity_pct,79.6,"At 01 Sep 2026, 08:49:15 the station is operating normally. All detectors agree that this sample is consistent with healthy operation."
2026-09-01T08:49:20,25.5,971.5,80.32882369438259,DRIFT,humidity_pct,0.932,0.904,MODERATE,47.9,3,FLAG_SUSPECT,humidity_pct,82.5,"At 01 Sep 2026, 08:49:20 the system diagnosed a calibration drift affecting Relative humidity. The channel is slowly and consistently moving away from its calibrated baseline. Readings still look plausible, which is what makes drift dangerous - it quietly biases every observation until the sensor is recalibrated. The clearest indicator: The movement is consistently downward (74% of the travel is net displacement, about -98.35 %RH/hour), which separates calibration drift from random fluctuation. Relative humidity carries 82% of the statistical attribution, reading 80.33 %RH (7.6 sigma below its normal level). 3 of 3 independent detectors flagged this sample. Schedule a calibration check against a reference instrument."
2026-09-01T08:49:25,25.5,971.5,79.37458843325912,DRIFT,humidity_pct,0.95,0.686,MODERATE,48.1,3,FLAG_SUSPECT,humidity_pct,85.3,"At 01 Sep 2026, 08:49:25 the system diagnosed a calibration drift affecting Relative humidity. The channel is slowly and consistently moving away from its calibrated baseline. Readings still look plausible, which is what makes drift dangerous - it quietly biases every observation until the sensor is recalibrated. The clearest indicator: The movement is consistently downward (80% of the travel is net displacement, about -134.97 %RH/hour), which separates calibration drift from random fluctuation. Relative humidity carries 85% of the statistical attribution, reading 79.37 %RH (8.1 sigma below its normal level). 3 of 3 independent detectors flagged this sample. The next most likely explanation was sensor spike / noise burst (score 0.60 against 0.94), so this diagnosis is not clear-cut. Schedule a calibration check against a reference instrument."
2026-09-01T08:49:30,25.5,971.5,78.42035317213563,DRIFT,humidity_pct,0.958,0.693,MODERATE,54.3,3,FLAG_SUSPECT,humidity_pct,87.4,"At 01 Sep 2026, 08:49:30 the system diagnosed a calibration drift affecting Relative humidity. The channel is slowly and consistently moving away from its calibrated baseline. Readings still look plausible, which is what makes drift dangerous - it quietly biases every observation until the sensor is recalibrated. The clearest indicator: Relative humidity has averaged 83.01 %RH over the last 20 samples, 6.4 sigma away from its calibrated baseline of 95.50 %RH. Relative humidity carries 87% of the statistical attribution, reading 78.42 %RH (8.6 sigma below its normal level). 3 of 3 independent detectors flagged this sample. The next most likely explanation was sensor spike / noise burst (score 0.60 against 0.95), so this diagnosis is not clear-cut. Schedule a calibration check against a reference instrument."
2026-09-01T08:49:35,25.5,971.5,77.36611791101215,DRIFT,humidity_pct,0.967,0.679,MODERATE,56.6,3,FLAG_SUSPECT,humidity_pct,89.2,"At 01 Sep 2026, 08:49:35 the system diagnosed a calibration drift affecting Relative humidity. The channel is slowly and consistently moving away from its calibrated baseline. Readings still look plausible, which is what makes drift dangerous - it quietly biases every observation until the sensor is recalibrated. The clearest indicator: Relative humidity has averaged 82.67 %RH over the last 20 samples, 6.5 sigma away from its calibrated baseline of 95.50 %RH. Relative humidity carries 89% of the statistical attribution, reading 77.37 %RH (9.1 sigma below its normal level). 3 of 3 independent detectors flagged this sample. The next most likely explanation was sensor spike / noise burst (score 0.66 against 0.97), so this diagnosis is not clear-cut. Schedule a calibration check against a reference instrument."
2026-09-01T08:49:40,25.5,971.5,76.61188264988867,DRIFT,humidity_pct,0.965,0.925,MODERATE,58.9,3,FLAG_SUSPECT,humidity_pct,90.3,"At 01 Sep 2026, 08:49:40 the system diagnosed a calibration drift affecting Relative humidity. The channel is slowly and consistently moving away from its calibrated baseline. Readings still look plausible, which is what makes drift dangerous - it quietly biases every observation until the sensor is recalibrated. The clearest indicator: Relative humidity has averaged 82.29 %RH over the last 20 samples, 6.7 sigma away from its calibrated baseline of 95.50 %RH. Relative humidity carries 90% of the statistical attribution, reading 76.61 %RH (9.5 sigma below its normal level). 3 of 3 independent detectors flagged this sample. Schedule a calibration check against a reference instrument."
2026-09-01T08:49:45,25.5,971.5,75.85764738876519,DRIFT,humidity_pct,0.973,0.999,MODERATE,59.3,3,FLAG_SUSPECT,humidity_pct,91.2,"At 01 Sep 2026, 08:49:45 the system diagnosed a calibration drift affecting Relative humidity. The channel is slowly and consistently moving away from its calibrated baseline. Readings still look plausible, which is what makes drift dangerous - it quietly biases every observation until the sensor is recalibrated. The clearest indicator: Relative humidity has averaged 81.88 %RH over the last 20 samples, 7.0 sigma away from its calibrated baseline of 95.50 %RH. Relative humidity carries 91% of the statistical attribution, reading 75.86 %RH (9.9 sigma below its normal level). 3 of 3 independent detectors flagged this sample. Schedule a calibration check against a reference instrument."
2026-09-01T08:49:50,25.4,971.5,75.0034121276417,DRIFT,humidity_pct,0.974,0.813,MODERATE,59.7,3,FLAG_SUSPECT,humidity_pct,92.9,"At 01 Sep 2026, 08:49:50 the system diagnosed a calibration drift affecting Relative humidity. The channel is slowly and consistently moving away from its calibrated baseline. Readings still look plausible, which is what makes drift dangerous - it quietly biases every observation until the sensor is recalibrated. The clearest indicator: Relative humidity has averaged 81.43 %RH over the last 20 samples, 7.2 sigma away from its calibrated baseline of 95.50 %RH. Relative humidity carries 93% of the statistical attribution, reading 75.00 %RH (10.3 sigma below its normal level). 3 of 3 independent detectors flagged this sample. The next most likely explanation was sensor spike / noise burst (score 0.53 against 1.00), so this diagnosis is not clear-cut. Schedule a calibration check against a reference instrument."
2026-09-01T08:49:55,25.5,971.6,74.34917686651823,DRIFT,humidity_pct,0.971,1.0,HIGH,60.1,2,FLAG_SUSPECT,humidity_pct,92.9,"At 01 Sep 2026, 08:49:55 the system diagnosed a calibration drift affecting Relative humidity. The channel is slowly and consistently moving away from its calibrated baseline. Readings still look plausible, which is what makes drift dangerous - it quietly biases every observation until the sensor is recalibrated. The clearest indicator: Relative humidity has averaged 80.93 %RH over the last 20 samples, 7.4 sigma away from its calibrated baseline of 95.50 %RH. Relative humidity carries 93% of the statistical attribution, reading 74.35 %RH (10.7 sigma below its normal level). 3 of 3 independent detectors flagged this sample. Schedule a calibration check against a reference instrument."
2026-09-01T08:50:00,25.5,971.6,73.59494160539475,DRIFT,humidity_pct,0.975,1.0,HIGH,60.5,2,FLAG_SUSPECT,humidity_pct,93.4,"At 01 Sep 2026, 08:50:00 the system diagnosed a calibration drift affecting Relative humidity. The channel is slowly and consistently moving away from its calibrated baseline. Readings still look plausible, which is what makes drift dangerous - it quietly biases every observation until the sensor is recalibrated. The clearest indicator: Relative humidity has averaged 80.41 %RH over the last 20 samples, 7.7 sigma away from its calibrated baseline of 95.50 %RH. Relative humidity carries 93% of the statistical attribution, reading 73.59 %RH (11.0 sigma below its normal level). 3 of 3 independent detectors flagged this sample. Schedule a calibration check against a reference instrument."
2026-09-01T08:50:05,25.4,971.5,72.94070634427126,DRIFT,humidity_pct,0.968,0.916,HIGH,61.0,2,FLAG_SUSPECT,humidity_pct,94.2,"At 01 Sep 2026, 08:50:05 the system diagnosed a calibration drift affecting Relative humidity. The channel is slowly and consistently moving away from its calibrated baseline. Readings still look plausible, which is what makes drift dangerous - it quietly biases every observation until the sensor is recalibrated. The clearest indicator: Relative humidity has averaged 79.85 %RH over the last 20 samples, 8.0 sigma away from its calibrated baseline of 95.50 %RH. Relative humidity carries 94% of the statistical attribution, reading 72.94 %RH (11.4 sigma below its normal level). 3 of 3 independent detectors flagged this sample. Schedule a calibration check against a reference instrument."
2026-09-01T08:50:10,25.4,971.5,72.18647108314778,DRIFT,humidity_pct,0.971,0.914,HIGH,61.5,2,FLAG_SUSPECT,humidity_pct,94.6,"At 01 Sep 2026, 08:50:10 the system diagnosed a calibration drift affecting Relative humidity. The channel is slowly and consistently moving away from its calibrated baseline. Readings still look plausible, which is what makes drift dangerous - it quietly biases every observation until the sensor is recalibrated. The clearest indicator: Relative humidity has averaged 79.26 %RH over the last 20 samples, 8.3 sigma away from its calibrated baseline of 95.50 %RH. Relative humidity carries 95% of the statistical attribution, reading 72.19 %RH (11.7 sigma below its normal level). 3 of 3 independent detectors flagged this sample. Schedule a calibration check against a reference instrument."
2026-09-01T08:50:15,25.4,971.5,71.6322358220243,DRIFT,humidity_pct,0.964,0.912,HIGH,62.1,2,FLAG_SUSPECT,humidity_pct,94.9,"At 01 Sep 2026, 08:50:15 the system diagnosed a calibration drift affecting Relative humidity. The channel is slowly and consistently moving away from its calibrated baseline. Readings still look plausible, which is what makes drift dangerous - it quietly biases every observation until the sensor is recalibrated. The clearest indicator: Relative humidity has averaged 78.63 %RH over the last 20 samples, 8.6 sigma away from its calibrated baseline of 95.50 %RH. Relative humidity carries 95% of the statistical attribution, reading 71.63 %RH (12.0 sigma below its normal level). 3 of 3 independent detectors flagged this sample. Schedule a calibration check against a reference instrument."
2026-09-01T08:50:20,25.4,971.5,70.87800056090082,DRIFT,humidity_pct,0.971,0.91,HIGH,62.7,2,FLAG_SUSPECT,humidity_pct,95.2,"At 01 Sep 2026, 08:50:20 the system diagnosed a calibration drift affecting Relative humidity. The channel is slowly and consistently moving away from its calibrated baseline. Readings still look plausible, which is what makes drift dangerous - it quietly biases every observation until the sensor is recalibrated. The clearest indicator: Relative humidity has averaged 77.96 %RH over the last 20 samples, 9.0 sigma away from its calibrated baseline of 95.50 %RH. Relative humidity carries 95% of the statistical attribution, reading 70.88 %RH (12.4 sigma below its normal level). 3 of 3 independent detectors flagged this sample. Schedule a calibration check against a reference instrument."
2026-09-01T08:50:25,25.4,971.6,70.22376529977733,DRIFT,humidity_pct,0.968,0.909,HIGH,63.3,2,FLAG_SUSPECT,humidity_pct,95.7,"At 01 Sep 2026, 08:50:25 the system diagnosed a calibration drift affecting Relative humidity. The channel is slowly and consistently moving away from its calibrated baseline. Readings still look plausible, which is what makes drift dangerous - it quietly biases every observation until the sensor is recalibrated. The clearest indicator: Relative humidity has averaged 77.26 %RH over the last 20 samples, 9.3 sigma away from its calibrated baseline of 95.50 %RH. Relative humidity carries 96% of the statistical attribution, reading 70.22 %RH (12.7 sigma below its normal level). 3 of 3 independent detectors flagged this sample. Schedule a calibration check against a reference instrument."
2026-09-01T08:50:30,25.4,971.5,69.56953003865385,DRIFT,humidity_pct,0.968,0.906,HIGH,63.9,2,FLAG_SUSPECT,humidity_pct,95.6,"At 01 Sep 2026, 08:50:30 the system diagnosed a calibration drift affecting Relative humidity. The channel is slowly and consistently moving away from its calibrated baseline. Readings still look plausible, which is what makes drift dangerous - it quietly biases every observation until the sensor is recalibrated. The clearest indicator: Relative humidity has averaged 76.52 %RH over the last 20 samples, 9.7 sigma away from its calibrated baseline of 95.50 %RH. Relative humidity carries 96% of the statistical attribution, reading 69.57 %RH (13.1 sigma below its normal level). 3 of 3 independent detectors flagged this sample. Schedule a calibration check against a reference instrument."
2026-09-01T08:50:35,25.4,971.5,68.81529477753037,DRIFT,humidity_pct,0.971,0.904,HIGH,64.5,2,FLAG_SUSPECT,humidity_pct,95.9,"At 01 Sep 2026, 08:50:35 the system diagnosed a calibration drift affecting Relative humidity. The channel is slowly and consistently moving away from its calibrated baseline. Readings still look plausible, which is what makes drift dangerous - it quietly biases every observation until the sensor is recalibrated. The clearest indicator: Relative humidity has averaged 75.78 %RH over the last 20 samples, 10.1 sigma away from its calibrated baseline of 95.50 %RH. Relative humidity carries 96% of the statistical attribution, reading 68.82 %RH (13.4 sigma below its normal level). 3 of 3 independent detectors flagged this sample. Schedule a calibration check against a reference instrument."
2026-09-01T08:50:40,25.4,971.5,68.1610595164069,DRIFT,humidity_pct,0.968,0.902,HIGH,65.2,2,FLAG_SUSPECT,humidity_pct,96.1,"At 01 Sep 2026, 08:50:40 the system diagnosed a calibration drift affecting Relative humidity. The channel is slowly and consistently moving away from its calibrated baseline. Readings still look plausible, which is what makes drift dangerous - it quietly biases every observation until the sensor is recalibrated. The clearest indicator: Relative humidity has averaged 75.03 %RH over the last 20 samples, 10.5 sigma away from its calibrated baseline of 95.50 %RH. Relative humidity carries 96% of the statistical attribution, reading 68.16 %RH (13.8 sigma below its normal level). 3 of 3 independent detectors flagged this sample. Schedule a calibration check against a reference instrument."
2026-09-01T08:50:45,25.4,971.5,67.5068242552834,DRIFT,humidity_pct,0.968,0.9,HIGH,65.8,2,FLAG_SUSPECT,humidity_pct,96.2,"At 01 Sep 2026, 08:50:45 the system diagnosed a calibration drift affecting Relative humidity. The channel is slowly and consistently moving away from its calibrated baseline. Readings still look plausible, which is what makes drift dangerous - it quietly biases every observation until the sensor is recalibrated. The clearest indicator: Relative humidity has averaged 74.28 %RH over the last 20 samples, 10.8 sigma away from its calibrated baseline of 95.50 %RH. Relative humidity carries 96% of the statistical attribution, reading 67.51 %RH (14.1 sigma below its normal level). 3 of 3 independent detectors flagged this sample. Schedule a calibration check against a reference instrument."
2026-09-01T08:50:50,25.4,971.5,67.05258899415993,DRIFT,humidity_pct,0.901,0.832,HIGH,66.4,2,FLAG_SUSPECT,humidity_pct,96.3,"At 01 Sep 2026, 08:50:50 the system diagnosed a calibration drift affecting Relative humidity. The channel is slowly and consistently moving away from its calibrated baseline. Readings still look plausible, which is what makes drift dangerous - it quietly biases every observation until the sensor is recalibrated. The clearest indicator: Relative humidity has averaged 73.54 %RH over the last 20 samples, 11.2 sigma away from its calibrated baseline of 95.50 %RH. Relative humidity carries 96% of the statistical attribution, reading 67.05 %RH (14.3 sigma below its normal level). 2 of 3 independent detectors flagged this sample. Schedule a calibration check against a reference instrument."
2026-09-01T08:50:55,25.4,971.5,66.49835373303644,DRIFT,humidity_pct,0.904,0.83,HIGH,67.1,2,FLAG_SUSPECT,humidity_pct,96.5,"At 01 Sep 2026, 08:50:55 the system diagnosed a calibration drift affecting Relative humidity. The channel is slowly and consistently moving away from its calibrated baseline. Readings still look plausible, which is what makes drift dangerous - it quietly biases every observation until the sensor is recalibrated. The clearest indicator: Relative humidity has averaged 72.81 %RH over the last 20 samples, 11.6 sigma away from its calibrated baseline of 95.50 %RH. Relative humidity carries 96% of the statistical attribution, reading 66.50 %RH (14.6 sigma below its normal level). 2 of 3 independent detectors flagged this sample. Schedule a calibration check against a reference instrument."
2026-09-01T08:51:00,25.4,971.5,66.04411847191297,DRIFT,humidity_pct,0.901,0.829,HIGH,67.7,2,FLAG_SUSPECT,humidity_pct,96.5,"At 01 Sep 2026, 08:51:00 the system diagnosed a calibration drift affecting Relative humidity. The channel is slowly and consistently moving away from its calibrated baseline. Readings still look plausible, which is what makes drift dangerous - it quietly biases every observation until the sensor is recalibrated. The clearest indicator: Relative humidity has averaged 72.09 %RH over the last 20 samples, 12.0 sigma away from its calibrated baseline of 95.50 %RH. Relative humidity carries 97% of the statistical attribution, reading 66.04 %RH (14.8 sigma below its normal level). 2 of 3 independent detectors flagged this sample. Schedule a calibration check against a reference instrument."
2026-09-01T08:51:05,25.4,971.5,65.58988321078948,DRIFT,humidity_pct,0.901,0.827,HIGH,68.3,2,FLAG_SUSPECT,humidity_pct,96.6,"At 01 Sep 2026, 08:51:05 the system diagnosed a calibration drift affecting Relative humidity. The channel is slowly and consistently moving away from its calibrated baseline. Readings still look plausible, which is what makes drift dangerous - it quietly biases every observation until the sensor is recalibrated. The clearest indicator: Relative humidity has averaged 71.40 %RH over the last 20 samples, 12.3 sigma away from its calibrated baseline of 95.50 %RH. Relative humidity carries 97% of the statistical attribution, reading 65.59 %RH (15.1 sigma below its normal level). 2 of 3 independent detectors flagged this sample. Schedule a calibration check against a reference instrument."
2026-09-01T08:51:10,25.4,971.5,85.3,SPIKE,humidity_pct,0.973,0.933,LOW,29.7,4,REJECT_SAMPLE,temperature_c,51.3,"At 01 Sep 2026, 08:51:10 the system diagnosed a sensor spike / noise burst affecting Relative humidity. A single sample jumped far beyond anything this channel does naturally and then returned. That is the signature of an electrical impulse or a loose connection, not a real change in the weather. The clearest indicator: Relative humidity jumped 19.71 %RH in one sampling interval - 98.6x the largest movement ever seen on this channel in healthy data. Relative humidity carries 46% of the statistical attribution, reading 85.30 %RH (5.1 sigma below its normal level). Note that the joint-distance attribution is led by Temperature instead, because SHAP scores the level of each channel while this fault is defined by rate of change. 2 of 3 independent detectors flagged this sample. Inspect cabling, connectors and grounding at the sensor head."
2026-09-01T08:51:15,25.4,971.5,85.3,NO_FAULT,,0.308,0.0,INFO,0.0,5,ACCEPT,temperature_c,51.3,"At 01 Sep 2026, 08:51:15 the station is operating normally. All detectors agree that this sample is consistent with healthy operation."
2026-09-01T08:51:20,25.4,971.5,85.0,NO_FAULT,,0.322,0.0,INFO,0.0,5,ACCEPT,humidity_pct,51.9,"At 01 Sep 2026, 08:51:20 the station is operating normally. All detectors agree that this sample is consistent with healthy operation."
2026-09-01T08:51:25,25.4,971.5,84.8,NO_FAULT,,0.321,0.0,INFO,0.0,5,ACCEPT,humidity_pct,55.7,"At 01 Sep 2026, 08:51:25 the station is operating normally. All detectors agree that this sample is consistent with healthy operation."
2026-09-01T08:51:30,25.4,971.5,84.6,NO_FAULT,,0.322,0.0,INFO,0.0,5,ACCEPT,humidity_pct,58.2,"At 01 Sep 2026, 08:51:30 the station is operating normally. All detectors agree that this sample is consistent with healthy operation."
2026-09-01T08:51:35,25.4,971.5,84.6,NO_FAULT,,0.316,0.0,INFO,0.0,5,ACCEPT,humidity_pct,58.2,"At 01 Sep 2026, 08:51:35 the station is operating normally. All detectors agree that this sample is consistent with healthy operation."
2026-09-01T08:51:40,25.4,971.5,84.6,NO_FAULT,,0.316,0.0,INFO,0.0,5,ACCEPT,humidity_pct,58.2,"At 01 Sep 2026, 08:51:40 the station is operating normally. All detectors agree that this sample is consistent with healthy operation."
2026-09-01T08:51:45,25.4,971.5,84.5,NO_FAULT,,0.32,0.0,INFO,0.0,5,ACCEPT,humidity_pct,59.4,"At 01 Sep 2026, 08:51:45 the station is operating normally. All detectors agree that this sample is consistent with healthy operation."
2026-09-01T08:51:50,25.4,971.5,84.5,NO_FAULT,,0.317,0.0,INFO,0.0,5,ACCEPT,humidity_pct,59.4,"At 01 Sep 2026, 08:51:50 the station is operating normally. All detectors agree that this sample is consistent with healthy operation."
2026-09-01T08:51:55,25.4,971.5,84.4,DRIFT,humidity_pct,0.776,0.959,HIGH,64.0,2,FLAG_SUSPECT,humidity_pct,60.6,"At 01 Sep 2026, 08:51:55 the system diagnosed a calibration drift affecting Relative humidity. The channel is slowly and consistently moving away from its calibrated baseline. Readings still look plausible, which is what makes drift dangerous - it quietly biases every observation until the sensor is recalibrated. The clearest indicator: Relative humidity has averaged 76.41 %RH over the last 20 samples, 9.8 sigma away from its calibrated baseline of 95.50 %RH. Relative humidity carries 61% of the statistical attribution, reading 84.40 %RH (5.6 sigma below its normal level). 2 of 3 independent detectors flagged this sample. Schedule a calibration check against a reference instrument."
2026-09-01T08:52:00,25.4,971.5,84.2,DRIFT,humidity_pct,0.851,0.966,HIGH,63.4,2,FLAG_SUSPECT,humidity_pct,62.8,"At 01 Sep 2026, 08:52:00 the system diagnosed a calibration drift affecting Relative humidity. The channel is slowly and consistently moving away from its calibrated baseline. Readings still look plausible, which is what makes drift dangerous - it quietly biases every observation until the sensor is recalibrated. The clearest indicator: Relative humidity has averaged 77.07 %RH over the last 20 samples, 9.4 sigma away from its calibrated baseline of 95.50 %RH. Relative humidity carries 63% of the statistical attribution, reading 84.20 %RH (5.7 sigma below its normal level). 3 of 3 independent detectors flagged this sample. Schedule a calibration check against a reference instrument."
2026-09-01T08:52:05,25.4,971.5,84.1,DRIFT,humidity_pct,0.858,0.975,HIGH,62.8,2,FLAG_SUSPECT,humidity_pct,63.8,"At 01 Sep 2026, 08:52:05 the system diagnosed a calibration drift affecting Relative humidity. The channel is slowly and consistently moving away from its calibrated baseline. Readings still look plausible, which is what makes drift dangerous - it quietly biases every observation until the sensor is recalibrated. The clearest indicator: Relative humidity has averaged 77.76 %RH over the last 20 samples, 9.1 sigma away from its calibrated baseline of 95.50 %RH. Relative humidity carries 64% of the statistical attribution, reading 84.10 %RH (5.7 sigma below its normal level). 3 of 3 independent detectors flagged this sample. Schedule a calibration check against a reference instrument."
2026-09-01T08:52:10,25.4,971.5,84.1,DRIFT,humidity_pct,0.865,0.917,HIGH,62.2,2,FLAG_SUSPECT,humidity_pct,63.8,"At 01 Sep 2026, 08:52:10 the system diagnosed a calibration drift affecting Relative humidity. The channel is slowly and consistently moving away from its calibrated baseline. Readings still look plausible, which is what makes drift dangerous - it quietly biases every observation until the sensor is recalibrated. The clearest indicator: Relative humidity has averaged 78.49 %RH over the last 20 samples, 8.7 sigma away from its calibrated baseline of 95.50 %RH. Relative humidity carries 64% of the statistical attribution, reading 84.10 %RH (5.7 sigma below its normal level). 3 of 3 independent detectors flagged this sample. Schedule a calibration check against a reference instrument."
2026-09-01T08:52:15,25.4,971.5,84.0,DRIFT,humidity_pct,0.883,0.93,HIGH,61.5,2,FLAG_SUSPECT,humidity_pct,64.8,"At 01 Sep 2026, 08:52:15 the system diagnosed a calibration drift affecting Relative humidity. The channel is slowly and consistently moving away from its calibrated baseline. Readings still look plausible, which is what makes drift dangerous - it quietly biases every observation until the sensor is recalibrated. The clearest indicator: Relative humidity has averaged 79.25 %RH over the last 20 samples, 8.3 sigma away from its calibrated baseline of 95.50 %RH. Relative humidity carries 65% of the statistical attribution, reading 84.00 %RH (5.8 sigma below its normal level). 3 of 3 independent detectors flagged this sample. Schedule a calibration check against a reference instrument."
2026-09-01T08:52:20,25.4,971.5,84.0,DRIFT,humidity_pct,0.884,0.933,HIGH,60.9,2,FLAG_SUSPECT,humidity_pct,64.8,"At 01 Sep 2026, 08:52:20 the system diagnosed a calibration drift affecting Relative humidity. The channel is slowly and consistently moving away from its calibrated baseline. Readings still look plausible, which is what makes drift dangerous - it quietly biases every observation until the sensor is recalibrated. The clearest indicator: Relative humidity has averaged 80.05 %RH over the last 20 samples, 7.9 sigma away from its calibrated baseline of 95.50 %RH. Relative humidity carries 65% of the statistical attribution, reading 84.00 %RH (5.8 sigma below its normal level). 3 of 3 independent detectors flagged this sample. Schedule a calibration check against a reference instrument."
2026-09-01T08:52:25,25.4,971.5,84.0,DRIFT,humidity_pct,0.884,0.933,HIGH,60.1,2,FLAG_SUSPECT,humidity_pct,64.8,"At 01 Sep 2026, 08:52:25 the system diagnosed a calibration drift affecting Relative humidity. The channel is slowly and consistently moving away from its calibrated baseline. Readings still look plausible, which is what makes drift dangerous - it quietly biases every observation until the sensor is recalibrated. The clearest indicator: Relative humidity has averaged 80.87 %RH over the last 20 samples, 7.5 sigma away from its calibrated baseline of 95.50 %RH. Relative humidity carries 65% of the statistical attribution, reading 84.00 %RH (5.8 sigma below its normal level). 3 of 3 independent detectors flagged this sample. Schedule a calibration check against a reference instrument."
2026-09-01T08:52:30,25.4,971.5,84.0,DRIFT,humidity_pct,0.884,0.933,MODERATE,59.4,3,FLAG_SUSPECT,humidity_pct,64.8,"At 01 Sep 2026, 08:52:30 the system diagnosed a calibration drift affecting Relative humidity. The channel is slowly and consistently moving away from its calibrated baseline. Readings still look plausible, which is what makes drift dangerous - it quietly biases every observation until the sensor is recalibrated. The clearest indicator: Relative humidity has averaged 81.72 %RH over the last 20 samples, 7.0 sigma away from its calibrated baseline of 95.50 %RH. Relative humidity carries 65% of the statistical attribution, reading 84.00 %RH (5.8 sigma below its normal level). 3 of 3 independent detectors flagged this sample. Schedule a calibration check against a reference instrument."
2026-09-01T08:52:35,25.4,971.5,84.0,DRIFT,humidity_pct,0.869,0.919,MODERATE,58.7,3,FLAG_SUSPECT,humidity_pct,64.8,"At 01 Sep 2026, 08:52:35 the system diagnosed a calibration drift affecting Relative humidity. The channel is slowly and consistently moving away from its calibrated baseline. Readings still look plausible, which is what makes drift dangerous - it quietly biases every observation until the sensor is recalibrated. The clearest indicator: Relative humidity has averaged 82.59 %RH over the last 20 samples, 6.6 sigma away from its calibrated baseline of 95.50 %RH. Relative humidity carries 65% of the statistical attribution, reading 84.00 %RH (5.8 sigma below its normal level). 3 of 3 independent detectors flagged this sample. Schedule a calibration check against a reference instrument."
2026-09-01T08:52:40,25.4,971.5,84.0,NO_FAULT,,0.384,0.0,INFO,0.0,5,ACCEPT,humidity_pct,64.8,"At 01 Sep 2026, 08:52:40 the station is operating normally. All detectors agree that this sample is consistent with healthy operation."
2026-09-01T08:52:45,25.4,971.5,84.0,NO_FAULT,,0.384,0.0,INFO,0.0,5,ACCEPT,humidity_pct,64.8,"At 01 Sep 2026, 08:52:45 the station is operating normally. All detectors agree that this sample is consistent with healthy operation."
2026-09-01T08:52:50,25.4,971.5,84.0,NO_FAULT,,0.384,0.0,INFO,0.0,5,ACCEPT,humidity_pct,64.8,"At 01 Sep 2026, 08:52:50 the station is operating normally. All detectors agree that this sample is consistent with healthy operation."
2026-09-01T08:52:55,25.4,971.5,84.0,NO_FAULT,,0.384,0.0,INFO,0.0,5,ACCEPT,humidity_pct,64.8,"At 01 Sep 2026, 08:52:55 the station is operating normally. All detectors agree that this sample is consistent with healthy operation."
2026-09-01T08:53:00,25.4,971.5,84.0,NO_FAULT,,0.384,0.0,INFO,0.0,5,ACCEPT,humidity_pct,64.8,"At 01 Sep 2026, 08:53:00 the station is operating normally. All detectors agree that this sample is consistent with healthy operation."
2026-09-01T08:53:05,25.4,971.5,84.0,NO_FAULT,,0.384,0.0,INFO,0.0,5,ACCEPT,humidity_pct,64.8,"At 01 Sep 2026, 08:53:05 the station is operating normally. All detectors agree that this sample is consistent with healthy operation."
2026-09-01T08:53:10,25.5,971.5,84.0,NO_FAULT,,0.401,0.0,INFO,0.0,5,ACCEPT,humidity_pct,58.8,"At 01 Sep 2026, 08:53:10 the station is operating normally. All detectors agree that this sample is consistent with healthy operation."
2026-09-01T08:53:15,25.5,971.5,84.0,FROZEN_SENSOR,humidity_pct,0.887,0.929,LOW,39.5,4,REJECT_CHANNEL,humidity_pct,58.8,"At 01 Sep 2026, 08:53:15 the system diagnosed a frozen (stuck) sensor affecting Relative humidity. The channel has stopped responding and is repeating one value while the other channels continue to vary. This usually means an iced-over, blocked or electrically dead sensing element. The clearest indicator: Relative humidity has reported exactly 84.00 %RH for 13 consecutive samples (1 min). Only 1.4% of healthy runs on this channel last that long. Relative humidity carries 59% of the statistical attribution, reading 84.00 %RH (5.8 sigma below its normal level). 3 of 3 independent detectors flagged this sample. Physically inspect the sensing element for icing, blockage or failure."
2026-09-01T08:53:20,25.5,971.5,84.0,FROZEN_SENSOR,humidity_pct,0.89,0.931,LOW,39.5,4,REJECT_CHANNEL,humidity_pct,58.8,"At 01 Sep 2026, 08:53:20 the system diagnosed a frozen (stuck) sensor affecting Relative humidity. The channel has stopped responding and is repeating one value while the other channels continue to vary. This usually means an iced-over, blocked or electrically dead sensing element. The clearest indicator: Relative humidity has reported exactly 84.00 %RH for 14 consecutive samples (1 min). Only 0.8% of healthy runs on this channel last that long. Relative humidity carries 59% of the statistical attribution, reading 84.00 %RH (5.8 sigma below its normal level). 3 of 3 independent detectors flagged this sample. Physically inspect the sensing element for icing, blockage or failure."
2026-09-01T08:53:25,25.5,971.6,84.0,FROZEN_SENSOR,humidity_pct,0.842,0.863,LOW,39.6,4,REJECT_CHANNEL,humidity_pct,50.9,"At 01 Sep 2026, 08:53:25 the system diagnosed a frozen (stuck) sensor affecting Relative humidity. The channel has stopped responding and is repeating one value while the other channels continue to vary. This usually means an iced-over, blocked or electrically dead sensing element. The clearest indicator: Relative humidity has reported exactly 84.00 %RH for 15 consecutive samples (1 min). Only 0.7% of healthy runs on this channel last that long. Relative humidity carries 51% of the statistical attribution, reading 84.00 %RH (5.8 sigma below its normal level). 2 of 3 independent detectors flagged this sample. Physically inspect the sensing element for icing, blockage or failure."
2026-09-01T08:53:30,25.5,971.6,84.0,FROZEN_SENSOR,humidity_pct,0.835,0.864,MODERATE,45.6,3,REJECT_CHANNEL,humidity_pct,50.9,"At 01 Sep 2026, 08:53:30 the system diagnosed a frozen (stuck) sensor affecting Relative humidity. The channel has stopped responding and is repeating one value while the other channels continue to vary. This usually means an iced-over, blocked or electrically dead sensing element. The clearest indicator: Relative humidity has reported exactly 84.00 %RH for 16 consecutive samples (1 min). Only 0.6% of healthy runs on this channel last that long. Relative humidity carries 51% of the statistical attribution, reading 84.00 %RH (5.8 sigma below its normal level). 2 of 3 independent detectors flagged this sample. Physically inspect the sensing element for icing, blockage or failure."
2026-09-01T08:53:35,25.5,971.6,84.0,FROZEN_SENSOR,humidity_pct,0.835,0.864,MODERATE,47.6,3,REJECT_CHANNEL,humidity_pct,50.9,"At 01 Sep 2026, 08:53:35 the system diagnosed a frozen (stuck) sensor affecting Relative humidity. The channel has stopped responding and is repeating one value while the other channels continue to vary. This usually means an iced-over, blocked or electrically dead sensing element. The clearest indicator: Relative humidity has reported exactly 84.00 %RH for 17 consecutive samples (1 min). Only 0.5% of healthy runs on this channel last that long. Relative humidity carries 51% of the statistical attribution, reading 84.00 %RH (5.8 sigma below its normal level). 2 of 3 independent detectors flagged this sample. Physically inspect the sensing element for icing, blockage or failure."
2026-09-01T08:53:40,25.5,971.6,84.0,FROZEN_SENSOR,humidity_pct,0.835,0.865,MODERATE,49.6,3,REJECT_CHANNEL,humidity_pct,50.9,"At 01 Sep 2026, 08:53:40 the system diagnosed a frozen (stuck) sensor affecting Relative humidity. The channel has stopped responding and is repeating one value while the other channels continue to vary. This usually means an iced-over, blocked or electrically dead sensing element. The clearest indicator: Relative humidity has reported exactly 84.00 %RH for 18 consecutive samples (2 min). Only 0.5% of healthy runs on this channel last that long. Relative humidity carries 51% of the statistical attribution, reading 84.00 %RH (5.8 sigma below its normal level). 2 of 3 independent detectors flagged this sample. Physically inspect the sensing element for icing, blockage or failure."
2026-09-01T08:53:45,25.5,971.6,84.0,FROZEN_SENSOR,humidity_pct,0.837,0.866,MODERATE,49.7,3,REJECT_CHANNEL,humidity_pct,50.9,"At 01 Sep 2026, 08:53:45 the system diagnosed a frozen (stuck) sensor affecting Relative humidity. The channel has stopped responding and is repeating one value while the other channels continue to vary. This usually means an iced-over, blocked or electrically dead sensing element. The clearest indicator: Relative humidity has reported exactly 84.00 %RH for 19 consecutive samples (2 min). Only 0.2% of healthy runs on this channel last that long. Relative humidity carries 51% of the statistical attribution, reading 84.00 %RH (5.8 sigma below its normal level). 2 of 3 independent detectors flagged this sample. Physically inspect the sensing element for icing, blockage or failure."
2026-09-01T08:53:50,25.5,971.5,84.0,FROZEN_SENSOR,humidity_pct,0.9,0.933,MODERATE,49.7,3,REJECT_CHANNEL,humidity_pct,58.8,"At 01 Sep 2026, 08:53:50 the system diagnosed a frozen (stuck) sensor affecting Relative humidity. The channel has stopped responding and is repeating one value while the other channels continue to vary. This usually means an iced-over, blocked or electrically dead sensing element. The clearest indicator: Relative humidity has reported exactly 84.00 %RH for 20 consecutive samples (2 min). Only 0.2% of healthy runs on this channel last that long. Relative humidity carries 59% of the statistical attribution, reading 84.00 %RH (5.8 sigma below its normal level). 3 of 3 independent detectors flagged this sample. Physically inspect the sensing element for icing, blockage or failure."
2026-09-01T08:53:55,25.5,971.5,84.0,FROZEN_SENSOR,humidity_pct,0.892,0.933,MODERATE,49.7,3,REJECT_CHANNEL,humidity_pct,58.8,"At 01 Sep 2026, 08:53:55 the system diagnosed a frozen (stuck) sensor affecting Relative humidity. The channel has stopped responding and is repeating one value while the other channels continue to vary. This usually means an iced-over, blocked or electrically dead sensing element. The clearest indicator: Relative humidity has reported exactly 84.00 %RH for 21 consecutive samples (2 min). Only 0.1% of healthy runs on this channel last that long. Relative humidity carries 59% of the statistical attribution, reading 84.00 %RH (5.8 sigma below its normal level). 3 of 3 independent detectors flagged this sample. Physically inspect the sensing element for icing, blockage or failure."
2026-09-01T08:54:00,25.5,971.5,84.7,NO_FAULT,,0.347,0.0,INFO,0.0,5,ACCEPT,temperature_c,50.0,"At 01 Sep 2026, 08:54:00 the station is operating normally. All detectors agree that this sample is consistent with healthy operation."
2026-09-01T08:54:05,25.5,971.5,84.7,NO_FAULT,,0.324,0.0,INFO,0.0,5,ACCEPT,temperature_c,50.0,"At 01 Sep 2026, 08:54:05 the station is operating normally. All detectors agree that this sample is consistent with healthy operation."
2026-09-01T08:54:10,25.5,971.5,84.6,NO_FAULT,,0.328,0.0,INFO,0.0,5,ACCEPT,humidity_pct,49.6,"At 01 Sep 2026, 08:54:10 the station is operating normally. All detectors agree that this sample is consistent with healthy operation."
2026-09-01T08:54:15,25.5,971.6,84.2,NO_FAULT,,0.348,0.0,INFO,0.0,5,ACCEPT,humidity_pct,47.3,"At 01 Sep 2026, 08:54:15 the station is operating normally. All detectors agree that this sample is consistent with healthy operation."
2026-09-01T08:54:20,25.5,971.5,84.0,NO_FAULT,,0.341,0.0,INFO,0.0,5,ACCEPT,humidity_pct,58.8,"At 01 Sep 2026, 08:54:20 the station is operating normally. All detectors agree that this sample is consistent with healthy operation."
2026-09-01T08:54:25,25.5,971.5,83.9,NO_FAULT,,0.337,0.0,INFO,0.0,5,ACCEPT,humidity_pct,59.9,"At 01 Sep 2026, 08:54:25 the station is operating normally. All detectors agree that this sample is consistent with healthy operation."
2026-09-01T08:54:30,25.5,971.890187357772,83.8,NO_FAULT,,0.407,0.0,INFO,0.0,5,ACCEPT,temperature_c,46.2,"At 01 Sep 2026, 08:54:30 the station is operating normally. All detectors agree that this sample is consistent with healthy operation."
2026-09-01T08:54:35,25.5,971.985608256138,83.8,NO_FAULT,,0.388,0.0,INFO,0.0,5,ACCEPT,temperature_c,46.6,"At 01 Sep 2026, 08:54:35 the station is operating normally. All detectors agree that this sample is consistent with healthy operation."
2026-09-01T08:54:40,25.5,972.1644607200036,83.9,NO_FAULT,,0.398,0.0,INFO,0.0,5,ACCEPT,temperature_c,46.4,"At 01 Sep 2026, 08:54:40 the station is operating normally. All detectors agree that this sample is consistent with healthy operation."
2026-09-01T08:54:45,25.4,971.4027572842496,83.9,NO_FAULT,,0.323,0.0,INFO,0.0,5,ACCEPT,humidity_pct,67.1,"At 01 Sep 2026, 08:54:45 the station is operating normally. All detectors agree that this sample is consistent with healthy operation."
2026-09-01T08:54:50,25.5,971.6627043145146,84.0,NO_FAULT,,0.364,0.0,INFO,0.0,5,ACCEPT,temperature_c,45.2,"At 01 Sep 2026, 08:54:50 the station is operating normally. All detectors agree that this sample is consistent with healthy operation."
2026-09-01T08:54:55,25.4,970.6474314391348,84.2,SPIKE,pressure_hpa,0.74,0.702,LOW,20.3,4,REJECT_SAMPLE,humidity_pct,85.8,"At 01 Sep 2026, 08:54:55 the system diagnosed a sensor spike / noise burst affecting Barometric pressure. A single sample jumped far beyond anything this channel does naturally and then returned. That is the signature of an electrical impulse or a loose connection, not a real change in the weather. The clearest indicator: Barometric pressure jumped 1.02 hPa in one sampling interval - 5.1x the largest movement ever seen on this channel in healthy data. Barometric pressure carries 7% of the statistical attribution, reading 970.65 hPa (1.5 sigma below its normal level). Note that the joint-distance attribution is led by Relative humidity instead, because SHAP scores the level of each channel while this fault is defined by rate of change. 2 of 3 independent detectors flagged this sample. Inspect cabling, connectors and grounding at the sensor head."
2026-09-01T08:55:00,25.4,970.5876268694208,84.4,NO_FAULT,,0.349,0.0,INFO,0.0,5,ACCEPT,humidity_pct,83.3,"At 01 Sep 2026, 08:55:00 the station is operating normally. All detectors agree that this sample is consistent with healthy operation."
2026-09-01T08:55:05,25.5,971.8985948757586,84.4,SPIKE,pressure_hpa,0.886,0.785,LOW,21.0,4,REJECT_SAMPLE,temperature_c,51.5,"At 01 Sep 2026, 08:55:05 the system diagnosed a sensor spike / noise burst affecting Barometric pressure. A single sample jumped far beyond anything this channel does naturally and then returned. That is the signature of an electrical impulse or a loose connection, not a real change in the weather. The clearest indicator: Barometric pressure jumped 1.31 hPa in one sampling interval - 6.6x the largest movement ever seen on this channel in healthy data. Barometric pressure carries 30% of the statistical attribution, reading 971.90 hPa (2.7 sigma above its normal level). Note that the joint-distance attribution is led by Temperature instead, because SHAP scores the level of each channel while this fault is defined by rate of change. 2 of 3 independent detectors flagged this sample. Inspect cabling, connectors and grounding at the sensor head."
2026-09-01T08:55:10,25.4,971.4315872832708,84.3,NO_FAULT,,0.294,0.0,INFO,0.0,5,ACCEPT,humidity_pct,62.9,"At 01 Sep 2026, 08:55:10 the station is operating normally. All detectors agree that this sample is consistent with healthy operation."
2026-09-01T08:55:15,25.4,971.6544080785836,84.2,NO_FAULT,,0.349,0.0,INFO,0.0,5,ACCEPT,humidity_pct,51.3,"At 01 Sep 2026, 08:55:15 the station is operating normally. All detectors agree that this sample is consistent with healthy operation."
2026-09-01T08:55:20,25.4,972.127228794107,84.1,NO_FAULT,,0.415,0.0,INFO,0.0,5,ACCEPT,temperature_c,43.5,"At 01 Sep 2026, 08:55:20 the station is operating normally. All detectors agree that this sample is consistent with healthy operation."
2026-09-01T08:55:25,25.4,971.8188663159608,84.2,NO_FAULT,,0.38,0.0,INFO,0.0,5,ACCEPT,temperature_c,43.8,"At 01 Sep 2026, 08:55:25 the station is operating normally. All detectors agree that this sample is consistent with healthy operation."
2026-09-01T08:55:30,25.4,971.6268176896738,84.5,NO_FAULT,,0.34,0.0,INFO,0.0,5,ACCEPT,humidity_pct,48.4,"At 01 Sep 2026, 08:55:30 the station is operating normally. All detectors agree that this sample is consistent with healthy operation."
2026-09-01T08:55:35,25.4,971.6401380987032,84.5,NO_FAULT,,0.327,0.0,INFO,0.0,5,ACCEPT,humidity_pct,47.1,"At 01 Sep 2026, 08:55:35 the station is operating normally. All detectors agree that this sample is consistent with healthy operation."
2026-09-01T08:55:40,25.4,971.0359672687798,84.3,NO_FAULT,,0.29,0.0,INFO,0.0,5,ACCEPT,humidity_pct,72.4,"At 01 Sep 2026, 08:55:40 the station is operating normally. All detectors agree that this sample is consistent with healthy operation."
2026-09-01T08:55:45,25.4,971.5,84.1,NO_FAULT,,0.361,0.0,INFO,0.0,5,ACCEPT,humidity_pct,63.8,"At 01 Sep 2026, 08:55:45 the station is operating normally. All detectors agree that this sample is consistent with healthy operation."
2026-09-01T08:55:50,25.4,971.5,84.0,NO_FAULT,,0.328,0.0,INFO,0.0,5,ACCEPT,humidity_pct,64.8,"At 01 Sep 2026, 08:55:50 the station is operating normally. All detectors agree that this sample is consistent with healthy operation."
2026-09-01T08:55:55,25.4,971.5,83.8,NO_FAULT,,0.334,0.0,INFO,0.0,5,ACCEPT,humidity_pct,66.7,"At 01 Sep 2026, 08:55:55 the station is operating normally. All detectors agree that this sample is consistent with healthy operation."
2026-09-01T08:56:00,25.4,971.5,83.8,NO_FAULT,,0.327,0.0,INFO,0.0,5,ACCEPT,humidity_pct,66.7,"At 01 Sep 2026, 08:56:00 the station is operating normally. All detectors agree that this sample is consistent with healthy operation."
2026-09-01T08:56:05,25.4,971.5,83.7,NO_FAULT,,0.332,0.0,INFO,0.0,5,ACCEPT,humidity_pct,67.6,"At 01 Sep 2026, 08:56:05 the station is operating normally. All detectors agree that this sample is consistent with healthy operation."
2026-09-01T08:56:10,25.4,971.5,83.7,NO_FAULT,,0.328,0.0,INFO,0.0,5,ACCEPT,humidity_pct,67.6,"At 01 Sep 2026, 08:56:10 the station is operating normally. All detectors agree that this sample is consistent with healthy operation."
2026-09-01T08:56:15,25.4,971.5,83.6,NO_FAULT,,0.333,0.0,INFO,0.0,5,ACCEPT,humidity_pct,68.5,"At 01 Sep 2026, 08:56:15 the station is operating normally. All detectors agree that this sample is consistent with healthy operation."
2026-09-01T08:56:20,25.4,971.5,83.6,NO_FAULT,,0.33,0.0,INFO,0.0,5,ACCEPT,humidity_pct,68.5,"At 01 Sep 2026, 08:56:20 the station is operating normally. All detectors agree that this sample is consistent with healthy operation."
2026-09-01T08:56:25,25.4,964.7699285987828,83.7,SPIKE,pressure_hpa,1.0,0.811,LOW,34.2,4,REJECT_SAMPLE,pressure_hpa,80.1,"At 01 Sep 2026, 08:56:25 the system diagnosed a sensor spike / noise burst affecting Barometric pressure. A single sample jumped far beyond anything this channel does naturally and then returned. That is the signature of an electrical impulse or a loose connection, not a real change in the weather. The clearest indicator: Barometric pressure jumped 6.73 hPa in one sampling interval - 33.7x the largest movement ever seen on this channel in healthy data. Barometric pressure carries 80% of the statistical attribution, reading 964.77 hPa (21.3 sigma below its normal level). 3 of 3 independent detectors flagged this sample. Inspect cabling, connectors and grounding at the sensor head."
2026-09-01T08:56:30,25.4,971.5,83.6,NO_FAULT,,0.555,0.0,INFO,0.0,5,ACCEPT,humidity_pct,68.5,"At 01 Sep 2026, 08:56:30 the station is operating normally. All detectors agree that this sample is consistent with healthy operation."
2026-09-01T08:56:35,25.3,971.5,83.6,NO_FAULT,,0.33,0.0,INFO,0.0,5,ACCEPT,humidity_pct,73.4,"At 01 Sep 2026, 08:56:35 the station is operating normally. All detectors agree that this sample is consistent with healthy operation."
2026-09-01T08:56:40,25.4,971.5,83.5,NO_FAULT,,0.34,0.0,INFO,0.0,5,ACCEPT,humidity_pct,69.3,"At 01 Sep 2026, 08:56:40 the station is operating normally. All detectors agree that this sample is consistent with healthy operation."
2026-09-01T08:56:45,25.3,971.5,83.5,NO_FAULT,,0.331,0.0,INFO,0.0,5,ACCEPT,humidity_pct,74.1,"At 01 Sep 2026, 08:56:45 the station is operating normally. All detectors agree that this sample is consistent with healthy operation."
2026-09-01T08:56:50,25.3,971.5,83.7,NO_FAULT,,0.326,0.0,INFO,0.0,5,ACCEPT,humidity_pct,72.7,"At 01 Sep 2026, 08:56:50 the station is operating normally. All detectors agree that this sample is consistent with healthy operation."
2026-09-01T08:56:55,25.3,971.5,84.1,NO_FAULT,,0.267,0.0,INFO,0.0,5,ACCEPT,humidity_pct,69.5,"At 01 Sep 2026, 08:56:55 the station is operating normally. All detectors agree that this sample is consistent with healthy operation."
2026-09-01T08:57:00,25.3,971.5,84.2,NO_FAULT,,0.256,0.0,INFO,0.0,5,ACCEPT,humidity_pct,68.6,"At 01 Sep 2026, 08:57:00 the station is operating normally. All detectors agree that this sample is consistent with healthy operation."
2026-09-01T08:57:05,25.3,971.5,84.2,NO_FAULT,,0.253,0.0,INFO,0.0,5,ACCEPT,humidity_pct,68.6,"At 01 Sep 2026, 08:57:05 the station is operating normally. All detectors agree that this sample is consistent with healthy operation."
2026-09-01T08:57:10,25.3,971.5,84.3,NO_FAULT,,0.255,0.0,INFO,0.0,5,ACCEPT,humidity_pct,67.7,"At 01 Sep 2026, 08:57:10 the station is operating normally. All detectors agree that this sample is consistent with healthy operation."
2026-09-01T08:57:15,25.3,971.5,84.3,NO_FAULT,,0.251,0.0,INFO,0.0,5,ACCEPT,humidity_pct,67.7,"At 01 Sep 2026, 08:57:15 the station is operating normally. All detectors agree that this sample is consistent with healthy operation."
2026-09-01T08:57:20,25.3,971.5,84.3,NO_FAULT,,0.251,0.0,INFO,0.0,5,ACCEPT,humidity_pct,67.7,"At 01 Sep 2026, 08:57:20 the station is operating normally. All detectors agree that this sample is consistent with healthy operation."
2026-09-01T08:57:25,25.3,971.5,84.3,NO_FAULT,,0.311,0.0,INFO,0.0,5,ACCEPT,humidity_pct,67.7,"At 01 Sep 2026, 08:57:25 the station is operating normally. All detectors agree that this sample is consistent with healthy operation."
2026-09-01T08:57:30,25.2,971.5,84.4,NO_FAULT,,0.251,0.0,INFO,0.0,5,ACCEPT,humidity_pct,72.3,"At 01 Sep 2026, 08:57:30 the station is operating normally. All detectors agree that this sample is consistent with healthy operation."
2026-09-01T08:57:35,25.2,971.5,84.5,NO_FAULT,,0.245,0.0,INFO,0.0,5,ACCEPT,humidity_pct,71.5,"At 01 Sep 2026, 08:57:35 the station is operating normally. All detectors agree that this sample is consistent with healthy operation."
2026-09-01T08:57:40,25.2,971.5,84.5,NO_FAULT,,0.242,0.0,INFO,0.0,5,ACCEPT,humidity_pct,71.5,"At 01 Sep 2026, 08:57:40 the station is operating normally. All detectors agree that this sample is consistent with healthy operation."
2026-09-01T08:57:45,25.2,971.5,84.6,NO_FAULT,,0.244,0.0,INFO,0.0,5,ACCEPT,humidity_pct,70.7,"At 01 Sep 2026, 08:57:45 the station is operating normally. All detectors agree that this sample is consistent with healthy operation."
2026-09-01T08:57:50,25.2,971.5,84.7,NO_FAULT,,0.243,0.0,INFO,0.0,5,ACCEPT,humidity_pct,69.8,"At 01 Sep 2026, 08:57:50 the station is operating normally. All detectors agree that this sample is consistent with healthy operation."
2026-09-01T08:57:55,25.2,971.5,84.7,NO_FAULT,,0.239,0.0,INFO,0.0,5,ACCEPT,humidity_pct,69.8,"At 01 Sep 2026, 08:57:55 the station is operating normally. All detectors agree that this sample is consistent with healthy operation."
2026-09-01T08:58:00,25.2,971.5,84.7,NO_FAULT,,0.239,0.0,INFO,0.0,5,ACCEPT,humidity_pct,69.8,"At 01 Sep 2026, 08:58:00 the station is operating normally. All detectors agree that this sample is consistent with healthy operation."
2026-09-01T08:58:05,25.2,971.5,84.8,NO_FAULT,,0.302,0.0,INFO,0.0,5,ACCEPT,humidity_pct,68.8,"At 01 Sep 2026, 08:58:05 the station is operating normally. All detectors agree that this sample is consistent with healthy operation."
2026-09-01T08:58:10,25.2,971.5,84.8,NO_FAULT,,0.299,0.0,INFO,0.0,5,ACCEPT,humidity_pct,68.8,"At 01 Sep 2026, 08:58:10 the station is operating normally. All detectors agree that this sample is consistent with healthy operation."
2026-09-01T08:58:15,25.2,971.5,84.9,NO_FAULT,,0.3,0.0,INFO,0.0,5,ACCEPT,humidity_pct,67.9,"At 01 Sep 2026, 08:58:15 the station is operating normally. All detectors agree that this sample is consistent with healthy operation."
2026-09-01T08:58:20,25.2,971.5,85.1,NO_FAULT,,0.301,0.0,INFO,0.0,5,ACCEPT,humidity_pct,65.8,"At 01 Sep 2026, 08:58:20 the station is operating normally. All detectors agree that this sample is consistent with healthy operation."
2026-09-01T08:58:25,25.3,971.5,85.2,NO_FAULT,,0.309,0.0,INFO,0.0,5,ACCEPT,humidity_pct,57.6,"At 01 Sep 2026, 08:58:25 the station is operating normally. All detectors agree that this sample is consistent with healthy operation."
2026-09-01T08:58:30,25.3,971.5,85.4,NO_FAULT,,0.304,0.0,INFO,0.0,5,ACCEPT,humidity_pct,54.5,"At 01 Sep 2026, 08:58:30 the station is operating normally. All detectors agree that this sample is consistent with healthy operation."
2026-09-01T08:58:35,25.3,971.5,85.6,NO_FAULT,,0.301,0.0,INFO,0.0,5,ACCEPT,humidity_pct,50.1,"At 01 Sep 2026, 08:58:35 the station is operating normally. All detectors agree that this sample is consistent with healthy operation."
2026-09-01T08:58:40,25.3,971.5,85.7,NO_FAULT,,0.297,0.0,INFO,0.0,5,ACCEPT,temperature_c,49.7,"At 01 Sep 2026, 08:58:40 the station is operating normally. All detectors agree that this sample is consistent with healthy operation."
2026-09-01T08:58:45,25.3,971.4,85.7,NO_FAULT,,0.235,0.0,INFO,0.0,5,ACCEPT,humidity_pct,53.4,"At 01 Sep 2026, 08:58:45 the station is operating normally. All detectors agree that this sample is consistent with healthy operation."
2026-09-01T08:58:50,25.4,963.9416136687254,85.5,SPIKE,pressure_hpa,1.0,0.811,LOW,34.2,4,REJECT_SAMPLE,pressure_hpa,85.2,"At 01 Sep 2026, 08:58:50 the system diagnosed a sensor spike / noise burst affecting Barometric pressure. A single sample jumped far beyond anything this channel does naturally and then returned. That is the signature of an electrical impulse or a loose connection, not a real change in the weather. The clearest indicator: Barometric pressure jumped 7.46 hPa in one sampling interval - 37.3x the largest movement ever seen on this channel in healthy data. Barometric pressure carries 85% of the statistical attribution, reading 963.94 hPa (24.1 sigma below its normal level). 3 of 3 independent detectors flagged this sample. Inspect cabling, connectors and grounding at the sensor head."
2026-09-01T08:58:55,25.3,971.4,85.4,NO_FAULT,,0.455,0.0,INFO,0.0,5,ACCEPT,humidity_pct,57.4,"At 01 Sep 2026, 08:58:55 the station is operating normally. All detectors agree that this sample is consistent with healthy operation."
2026-09-01T08:59:00,25.4,971.4,85.3,NO_FAULT,,0.249,0.0,INFO,0.0,5,ACCEPT,humidity_pct,51.8,"At 01 Sep 2026, 08:59:00 the station is operating normally. All detectors agree that this sample is consistent with healthy operation."
2026-09-01T08:59:05,25.3,971.4,107.31365642450118,SPIKE,humidity_pct,0.974,0.629,LOW,29.7,4,REJECT_SAMPLE,humidity_pct,63.0,"At 01 Sep 2026, 08:59:05 the system diagnosed a sensor spike / noise burst affecting Relative humidity. A single sample jumped far beyond anything this channel does naturally and then returned. That is the signature of an electrical impulse or a loose connection, not a real change in the weather. The clearest indicator: Relative humidity jumped 22.01 %RH in one sampling interval - 110.1x the largest movement ever seen on this channel in healthy data. Relative humidity carries 63% of the statistical attribution, reading 107.31 %RH (6.0 sigma above its normal level). 3 of 3 independent detectors flagged this sample. The next most likely explanation was calibration drift (score 0.72 against 0.84), so this diagnosis is not clear-cut. Inspect cabling, connectors and grounding at the sensor head."
2026-09-01T08:59:10,25.3,971.4,84.9,NO_FAULT,,0.462,0.0,INFO,0.0,5,ACCEPT,humidity_pct,63.2,"At 01 Sep 2026, 08:59:10 the station is operating normally. All detectors agree that this sample is consistent with healthy operation."
2026-09-01T08:59:15,25.3,971.4,84.8,NO_FAULT,,0.241,0.0,INFO,0.0,5,ACCEPT,humidity_pct,64.3,"At 01 Sep 2026, 08:59:15 the station is operating normally. All detectors agree that this sample is consistent with healthy operation."
2026-09-01T08:59:20,25.4,971.4,112.92507413351912,SPIKE,humidity_pct,1.0,0.847,LOW,29.7,4,REJECT_SAMPLE,humidity_pct,70.0,"At 01 Sep 2026, 08:59:20 the system diagnosed a sensor spike / noise burst affecting Relative humidity. A single sample jumped far beyond anything this channel does naturally and then returned. That is the signature of an electrical impulse or a loose connection, not a real change in the weather. The clearest indicator: Relative humidity jumped 28.13 %RH in one sampling interval - 140.6x the largest movement ever seen on this channel in healthy data. Relative humidity carries 70% of the statistical attribution, reading 112.93 %RH (8.8 sigma above its normal level). 3 of 3 independent detectors flagged this sample. Inspect cabling, connectors and grounding at the sensor head."
2026-09-01T08:59:25,25.4,971.5,84.8,NO_FAULT,,0.479,0.0,INFO,0.0,5,ACCEPT,humidity_pct,55.7,"At 01 Sep 2026, 08:59:25 the station is operating normally. All detectors agree that this sample is consistent with healthy operation."
2026-09-01T08:59:30,25.4,971.5,84.9,NO_FAULT,,0.256,0.0,INFO,0.0,5,ACCEPT,humidity_pct,53.8,"At 01 Sep 2026, 08:59:30 the station is operating normally. All detectors agree that this sample is consistent with healthy operation."
2026-09-01T08:59:35,25.4,971.5,85.0,NO_FAULT,,0.255,0.0,INFO,0.0,5,ACCEPT,humidity_pct,51.9,"At 01 Sep 2026, 08:59:35 the station is operating normally. All detectors agree that this sample is consistent with healthy operation."
2026-09-01T08:59:40,25.4,971.5,85.1,NO_FAULT,,0.254,0.0,INFO,0.0,5,ACCEPT,humidity_pct,49.8,"At 01 Sep 2026, 08:59:40 the station is operating normally. All detectors agree that this sample is consistent with healthy operation."
2026-09-01T08:59:45,25.4,971.5,85.1,NO_FAULT,,0.251,0.0,INFO,0.0,5,ACCEPT,humidity_pct,49.8,"At 01 Sep 2026, 08:59:45 the station is operating normally. All detectors agree that this sample is consistent with healthy operation."
2026-09-01T08:59:50,25.4,971.5,85.1,NO_FAULT,,0.311,0.0,INFO,0.0,5,ACCEPT,humidity_pct,49.8,"At 01 Sep 2026, 08:59:50 the station is operating normally. All detectors agree that this sample is consistent with healthy operation."
2026-09-01T08:59:55,25.4,971.5,85.3,NO_FAULT,,0.254,0.0,INFO,0.0,5,ACCEPT,temperature_c,51.3,"At 01 Sep 2026, 08:59:55 the station is operating normally. All detectors agree that this sample is consistent with healthy operation."
2026-09-01T09:00:00,25.4,971.5,85.3,NO_FAULT,,0.248,0.0,INFO,0.0,5,ACCEPT,temperature_c,51.3,"At 01 Sep 2026, 09:00:00 the station is operating normally. All detectors agree that this sample is consistent with healthy operation."
2026-09-01T09:00:05,5.5884318100855275,971.5,85.3,SPIKE,temperature_c,1.0,0.783,LOW,37.2,4,REJECT_SAMPLE,temperature_c,91.7,"At 01 Sep 2026, 09:00:05 the system diagnosed a sensor spike / noise burst affecting Temperature. A single sample jumped far beyond anything this channel does naturally and then returned. That is the signature of an electrical impulse or a loose connection, not a real change in the weather. The clearest indicator: Temperature jumped 19.81 degC in one sampling interval - 99.1x the largest movement ever seen on this channel in healthy data. Temperature carries 92% of the statistical attribution, reading 5.59 degC (52.7 sigma below its normal level). 3 of 3 independent detectors flagged this sample. Inspect cabling, connectors and grounding at the sensor head."
2026-09-01T09:00:10,25.4,971.5,85.2,NO_FAULT,,0.474,0.0,INFO,0.0,5,ACCEPT,temperature_c,49.8,"At 01 Sep 2026, 09:00:10 the station is operating normally. All detectors agree that this sample is consistent with healthy operation."
2026-09-01T09:00:15,25.4,971.4,85.2,NO_FAULT,,0.251,0.0,INFO,0.0,5,ACCEPT,humidity_pct,53.2,"At 01 Sep 2026, 09:00:15 the station is operating normally. All detectors agree that this sample is consistent with healthy operation."
2026-09-01T09:00:20,25.4,971.4,85.2,NO_FAULT,,0.303,0.0,INFO,0.0,5,ACCEPT,humidity_pct,53.2,"At 01 Sep 2026, 09:00:20 the station is operating normally. All detectors agree that this sample is consistent with healthy operation."
2026-09-01T09:00:25,25.4,965.4944169538954,84.9,SPIKE,pressure_hpa,1.0,0.783,MODERATE,40.7,3,REJECT_SAMPLE,pressure_hpa,80.2,"At 01 Sep 2026, 09:00:25 the system diagnosed a sensor spike / noise burst affecting Barometric pressure. A single sample jumped far beyond anything this channel does naturally and then returned. That is the signature of an electrical impulse or a loose connection, not a real change in the weather. The clearest indicator: Barometric pressure jumped 5.91 hPa in one sampling interval - 29.5x the largest movement ever seen on this channel in healthy data. Barometric pressure carries 80% of the statistical attribution, reading 965.49 hPa (18.9 sigma below its normal level). 3 of 3 independent detectors flagged this sample. Inspect cabling, connectors and grounding at the sensor head."
2026-09-01T09:00:30,25.4,971.5,84.3,NO_FAULT,,0.545,0.0,INFO,0.0,5,ACCEPT,humidity_pct,61.7,"At 01 Sep 2026, 09:00:30 the station is operating normally. All detectors agree that this sample is consistent with healthy operation."
2026-09-01T09:00:35,25.4,971.5,84.1,NO_FAULT,,0.329,0.0,INFO,0.0,5,ACCEPT,humidity_pct,63.8,"At 01 Sep 2026, 09:00:35 the station is operating normally. All detectors agree that this sample is consistent with healthy operation."
2026-09-01T09:00:40,44.48282743485956,971.5,83.8,SPIKE,temperature_c,1.0,0.847,MODERATE,41.2,3,REJECT_SAMPLE,temperature_c,97.9,"At 01 Sep 2026, 09:00:40 the system diagnosed a sensor spike / noise burst affecting Temperature. A single sample jumped far beyond anything this channel does naturally and then returned. That is the signature of an electrical impulse or a loose connection, not a real change in the weather. The clearest indicator: Temperature jumped 19.08 degC in one sampling interval - 95.4x the largest movement ever seen on this channel in healthy data. Temperature carries 98% of the statistical attribution, reading 44.48 degC (61.0 sigma above its normal level). 3 of 3 independent detectors flagged this sample. Inspect cabling, connectors and grounding at the sensor head."
2026-09-01T09:00:45,25.4,971.5,83.6,NO_FAULT,,0.555,0.0,INFO,0.0,5,ACCEPT,humidity_pct,68.5,"At 01 Sep 2026, 09:00:45 the station is operating normally. All detectors agree that this sample is consistent with healthy operation."
2026-09-01T09:00:50,25.4,971.5,83.6,NO_FAULT,,0.33,0.0,INFO,0.0,5,ACCEPT,humidity_pct,68.5,"At 01 Sep 2026, 09:00:50 the station is operating normally. All detectors agree that this sample is consistent with healthy operation."
2026-09-01T09:00:55,25.4,971.5,83.7,NO_FAULT,,0.332,0.0,INFO,0.0,5,ACCEPT,humidity_pct,67.6,"At 01 Sep 2026, 09:00:55 the station is operating normally. All detectors agree that this sample is consistent with healthy operation."
2026-09-01T09:01:00,25.4,971.5,83.9,NO_FAULT,,0.332,0.0,INFO,0.0,5,ACCEPT,humidity_pct,65.8,"At 01 Sep 2026, 09:01:00 the station is operating normally. All detectors agree that this sample is consistent with healthy operation."
2026-09-01T09:01:05,25.4,971.5,84.0,NO_FAULT,,0.388,0.0,INFO,0.0,5,ACCEPT,humidity_pct,64.8,"At 01 Sep 2026, 09:01:05 the station is operating normally. All detectors agree that this sample is consistent with healthy operation."
2026-09-01T09:01:10,25.4,971.5,84.1,NO_FAULT,,0.326,0.0,INFO,0.0,5,ACCEPT,humidity_pct,63.8,"At 01 Sep 2026, 09:01:10 the station is operating normally. All detectors agree that this sample is consistent with healthy operation."
2026-09-01T09:01:15,25.4,971.5,84.2,NO_FAULT,,0.325,0.0,INFO,0.0,5,ACCEPT,humidity_pct,62.8,"At 01 Sep 2026, 09:01:15 the station is operating normally. All detectors agree that this sample is consistent with healthy operation."
2026-09-01T09:01:20,25.3,971.5,84.2,NO_FAULT,,0.261,0.0,INFO,0.0,5,ACCEPT,humidity_pct,68.6,"At 01 Sep 2026, 09:01:20 the station is operating normally. All detectors agree that this sample is consistent with healthy operation."
2026-09-01T09:01:25,25.3,971.5,84.3,NO_FAULT,,0.315,0.0,INFO,0.0,5,ACCEPT,humidity_pct,67.7,"At 01 Sep 2026, 09:01:25 the station is operating normally. All detectors agree that this sample is consistent with healthy operation."
2026-09-01T09:01:30,25.4,971.5,84.6,NO_FAULT,,0.266,0.0,INFO,0.0,5,ACCEPT,humidity_pct,58.2,"At 01 Sep 2026, 09:01:30 the station is operating normally. All detectors agree that this sample is consistent with healthy operation."
2026-09-01T09:01:35,25.3,971.5,84.8,NO_FAULT,,0.254,0.0,INFO,0.0,5,ACCEPT,humidity_pct,62.5,"At 01 Sep 2026, 09:01:35 the station is operating normally. All detectors agree that this sample is consistent with healthy operation."
2026-09-01T09:01:40,25.4,971.5,84.9,NO_FAULT,,0.321,0.0,INFO,0.0,5,ACCEPT,humidity_pct,53.8,"At 01 Sep 2026, 09:01:40 the station is operating normally. All detectors agree that this sample is consistent with healthy operation."
2026-09-01T09:01:45,25.4,971.5,84.9,NO_FAULT,,0.253,0.0,INFO,0.0,5,ACCEPT,humidity_pct,53.8,"At 01 Sep 2026, 09:01:45 the station is operating normally. All detectors agree that this sample is consistent with healthy operation."
2026-09-01T09:01:50,25.4,971.5,85.0,NO_FAULT,,0.255,0.0,INFO,0.0,5,ACCEPT,humidity_pct,51.9,"At 01 Sep 2026, 09:01:50 the station is operating normally. All detectors agree that this sample is consistent with healthy operation."
2026-09-01T09:01:55,25.4,971.5,85.1,NO_FAULT,,0.254,0.0,INFO,0.0,5,ACCEPT,humidity_pct,49.8,"At 01 Sep 2026, 09:01:55 the station is operating normally. All detectors agree that this sample is consistent with healthy operation."
2026-09-01T09:02:00,25.4,971.5,85.2,NO_FAULT,,0.253,0.0,INFO,0.0,5,ACCEPT,temperature_c,49.8,"At 01 Sep 2026, 09:02:00 the station is operating normally. All detectors agree that this sample is consistent with healthy operation."
2026-09-01T09:02:05,25.4,971.5,85.3,NO_FAULT,,0.311,0.0,INFO,0.0,5,ACCEPT,temperature_c,51.3,"At 01 Sep 2026, 09:02:05 the station is operating normally. All detectors agree that this sample is consistent with healthy operation."
2026-09-01T09:02:10,25.4,971.5,85.4,NO_FAULT,,0.31,0.0,INFO,0.0,5,ACCEPT,temperature_c,52.7,"At 01 Sep 2026, 09:02:10 the station is operating normally. All detectors agree that this sample is consistent with healthy operation."
2026-09-01T09:02:15,25.4,971.5,106.00486593310566,SPIKE,humidity_pct,1.0,0.667,LOW,35.7,4,REJECT_SAMPLE,humidity_pct,57.2,"At 01 Sep 2026, 09:02:15 the system diagnosed a sensor spike / noise burst affecting Relative humidity. A single sample jumped far beyond anything this channel does naturally and then returned. That is the signature of an electrical impulse or a loose connection, not a real change in the weather. The clearest indicator: Relative humidity jumped 20.60 %RH in one sampling interval - 103.0x the largest movement ever seen on this channel in healthy data. Relative humidity carries 57% of the statistical attribution, reading 106.00 %RH (5.3 sigma above its normal level). 3 of 3 independent detectors flagged this sample. The next most likely explanation was calibration drift (score 0.76 against 1.00), so this diagnosis is not clear-cut. Inspect cabling, connectors and grounding at the sensor head."
2026-09-01T09:02:20,25.4,971.5,85.4,NO_FAULT,,0.472,0.0,INFO,0.0,5,ACCEPT,temperature_c,52.7,"At 01 Sep 2026, 09:02:20 the station is operating normally. All detectors agree that this sample is consistent with healthy operation."
2026-09-01T09:02:25,25.4,971.5,85.3,NO_FAULT,,0.311,0.0,INFO,0.0,5,ACCEPT,temperature_c,51.3,"At 01 Sep 2026, 09:02:25 the station is operating normally. All detectors agree that this sample is consistent with healthy operation."
2026-09-01T09:02:30,25.4,971.5,85.2,NO_FAULT,,0.313,0.0,INFO,0.0,5,ACCEPT,temperature_c,49.8,"At 01 Sep 2026, 09:02:30 the station is operating normally. All detectors agree that this sample is consistent with healthy operation."
2026-09-01T09:02:35,25.4,971.5,85.2,NO_FAULT,,0.309,0.0,INFO,0.0,5,ACCEPT,temperature_c,49.8,"At 01 Sep 2026, 09:02:35 the station is operating normally. All detectors agree that this sample is consistent with healthy operation."
2026-09-01T09:02:40,15.313115149004735,971.5,85.2,SPIKE,temperature_c,1.0,0.783,LOW,37.2,4,REJECT_SAMPLE,temperature_c,83.4,"At 01 Sep 2026, 09:02:40 the system diagnosed a sensor spike / noise burst affecting Temperature. A single sample jumped far beyond anything this channel does naturally and then returned. That is the signature of an electrical impulse or a loose connection, not a real change in the weather. The clearest indicator: Temperature jumped 10.09 degC in one sampling interval - 50.4x the largest movement ever seen on this channel in healthy data. Temperature carries 83% of the statistical attribution, reading 15.31 degC (24.2 sigma below its normal level). 3 of 3 independent detectors flagged this sample. Inspect cabling, connectors and grounding at the sensor head."
2026-09-01T09:02:45,25.4,971.5,85.3,NO_FAULT,,0.473,0.0,INFO,0.0,5,ACCEPT,temperature_c,51.3,"At 01 Sep 2026, 09:02:45 the station is operating normally. All detectors agree that this sample is consistent with healthy operation."
2026-09-01T09:02:50,25.4,971.5,85.3,NO_FAULT,,0.308,0.0,INFO,0.0,5,ACCEPT,temperature_c,51.3,"At 01 Sep 2026, 09:02:50 the station is operating normally. All detectors agree that this sample is consistent with healthy operation."
2026-09-01T09:02:55,25.5,971.5,85.4,NO_FAULT,,0.324,0.0,INFO,0.0,5,ACCEPT,temperature_c,59.3,"At 01 Sep 2026, 09:02:55 the station is operating normally. All detectors agree that this sample is consistent with healthy operation."
2026-09-01T09:03:00,25.5,971.5,85.4,NO_FAULT,,0.316,0.0,INFO,0.0,5,ACCEPT,temperature_c,59.3,"At 01 Sep 2026, 09:03:00 the station is operating normally. All detectors agree that this sample is consistent with healthy operation."
2026-09-01T09:03:05,25.5,971.5,85.3,NO_FAULT,,0.32,0.0,INFO,0.0,5,ACCEPT,temperature_c,57.9,"At 01 Sep 2026, 09:03:05 the station is operating normally. All detectors agree that this sample is consistent with healthy operation."
2026-09-01T09:03:10,25.5,971.5,85.0,NO_FAULT,,0.331,0.0,INFO,0.0,5,ACCEPT,temperature_c,54.0,"At 01 Sep 2026, 09:03:10 the station is operating normally. All detectors agree that this sample is consistent with healthy operation."
2026-09-01T09:03:15,25.5,971.5,84.8,NO_FAULT,,0.39,0.0,INFO,0.0,5,ACCEPT,temperature_c,51.3,"At 01 Sep 2026, 09:03:15 the station is operating normally. All detectors agree that this sample is consistent with healthy operation."
2026-09-01T09:03:20,25.5,971.5,84.3,NO_FAULT,,0.405,0.0,INFO,0.0,5,ACCEPT,humidity_pct,55.1,"At 01 Sep 2026, 09:03:20 the station is operating normally. All detectors agree that this sample is consistent with healthy operation."
2026-09-01T09:03:25,25.5,971.5,84.1,NO_FAULT,,0.398,0.0,INFO,0.0,5,ACCEPT,humidity_pct,57.7,"At 01 Sep 2026, 09:03:25 the station is operating normally. All detectors agree that this sample is consistent with healthy operation."
2026-09-01T09:03:30,25.5,971.5,83.9,NO_FAULT,,0.401,0.0,INFO,0.0,5,ACCEPT,humidity_pct,59.9,"At 01 Sep 2026, 09:03:30 the station is operating normally. All detectors agree that this sample is consistent with healthy operation."
2026-09-01T09:03:35,25.5,964.2821252420111,83.8,SPIKE,pressure_hpa,1.0,0.811,LOW,34.2,4,REJECT_SAMPLE,pressure_hpa,81.7,"At 01 Sep 2026, 09:03:35 the system diagnosed a sensor spike / noise burst affecting Barometric pressure. A single sample jumped far beyond anything this channel does naturally and then returned. That is the signature of an electrical impulse or a loose connection, not a real change in the weather. The clearest indicator: Barometric pressure jumped 7.22 hPa in one sampling interval - 36.1x the largest movement ever seen on this channel in healthy data. Barometric pressure carries 82% of the statistical attribution, reading 964.28 hPa (23.0 sigma below its normal level). 3 of 3 independent detectors flagged this sample. Inspect cabling, connectors and grounding at the sensor head."
2026-09-01T09:03:40,25.4,971.5,83.8,NO_FAULT,,0.552,0.0,INFO,0.0,5,ACCEPT,humidity_pct,66.7,"At 01 Sep 2026, 09:03:40 the station is operating normally. All detectors agree that this sample is consistent with healthy operation."
2026-09-01T09:03:45,25.4,971.5,83.8,NO_FAULT,,0.327,0.0,INFO,0.0,5,ACCEPT,humidity_pct,66.7,"At 01 Sep 2026, 09:03:45 the station is operating normally. All detectors agree that this sample is consistent with healthy operation."
2026-09-01T09:03:50,25.4,971.5,83.8,DRIFT,humidity_pct,0.701,0.82,MODERATE,46.4,3,FLAG_SUSPECT,humidity_pct,66.7,"At 01 Sep 2026, 09:03:50 the system diagnosed a calibration drift affecting Relative humidity. The channel is slowly and consistently moving away from its calibrated baseline. Readings still look plausible, which is what makes drift dangerous - it quietly biases every observation until the sensor is recalibrated. The clearest indicator: Relative humidity has averaged 85.30 %RH over the last 20 samples, 5.2 sigma away from its calibrated baseline of 95.50 %RH. Relative humidity carries 67% of the statistical attribution, reading 83.80 %RH (5.9 sigma below its normal level). 2 of 3 independent detectors flagged this sample. Schedule a calibration check against a reference instrument."
2026-09-01T09:03:55,25.4,971.5,83.8,NO_FAULT,,0.327,0.0,INFO,0.0,5,ACCEPT,humidity_pct,66.7,"At 01 Sep 2026, 09:03:55 the station is operating normally. All detectors agree that this sample is consistent with healthy operation."
2026-09-01T09:04:00,25.4,971.5,83.8,NO_FAULT,,0.327,0.0,INFO,0.0,5,ACCEPT,humidity_pct,66.7,"At 01 Sep 2026, 09:04:00 the station is operating normally. All detectors agree that this sample is consistent with healthy operation."
2026-09-01T09:04:05,25.4,971.5,83.8,NO_FAULT,,0.327,0.0,INFO,0.0,5,ACCEPT,humidity_pct,66.7,"At 01 Sep 2026, 09:04:05 the station is operating normally. All detectors agree that this sample is consistent with healthy operation."
2026-09-01T09:04:10,25.4,971.5,83.9,NO_FAULT,,0.329,0.0,INFO,0.0,5,ACCEPT,humidity_pct,65.8,"At 01 Sep 2026, 09:04:10 the station is operating normally. All detectors agree that this sample is consistent with healthy operation."
2026-09-01T09:04:15,25.4,971.5,83.9,NO_FAULT,,0.326,0.0,INFO,0.0,5,ACCEPT,humidity_pct,65.8,"At 01 Sep 2026, 09:04:15 the station is operating normally. All detectors agree that this sample is consistent with healthy operation."
2026-09-01T09:04:20,25.4,971.5,83.9,NO_FAULT,,0.326,0.0,INFO,0.0,5,ACCEPT,humidity_pct,65.8,"At 01 Sep 2026, 09:04:20 the station is operating normally. All detectors agree that this sample is consistent with healthy operation."
2026-09-01T09:04:25,25.4,971.5,84.0,NO_FAULT,,0.328,0.0,INFO,0.0,5,ACCEPT,humidity_pct,64.8,"At 01 Sep 2026, 09:04:25 the station is operating normally. All detectors agree that this sample is consistent with healthy operation."
2026-09-01T09:04:30,25.4,971.5,83.9,NO_FAULT,,0.329,0.0,INFO,0.0,5,ACCEPT,humidity_pct,65.8,"At 01 Sep 2026, 09:04:30 the station is operating normally. All detectors agree that this sample is consistent with healthy operation."
2026-09-01T09:04:35,25.4,971.5,66.74192100543286,SPIKE,humidity_pct,1.0,0.65,LOW,35.7,4,REJECT_SAMPLE,humidity_pct,96.4,"At 01 Sep 2026, 09:04:35 the system diagnosed a sensor spike / noise burst affecting Relative humidity. A single sample jumped far beyond anything this channel does naturally and then returned. That is the signature of an electrical impulse or a loose connection, not a real change in the weather. The clearest indicator: Relative humidity jumped 17.16 %RH in one sampling interval - 85.8x the largest movement ever seen on this channel in healthy data. Relative humidity carries 96% of the statistical attribution, reading 66.74 %RH (14.5 sigma below its normal level). 3 of 3 independent detectors flagged this sample. The next most likely explanation was calibration drift (score 0.81 against 1.00), so this diagnosis is not clear-cut. Inspect cabling, connectors and grounding at the sensor head."
2026-09-01T09:04:40,25.4,971.5,83.9,NO_FAULT,,0.551,0.0,INFO,0.0,5,ACCEPT,humidity_pct,65.8,"At 01 Sep 2026, 09:04:40 the station is operating normally. All detectors agree that this sample is consistent with healthy operation."
2026-09-01T09:04:45,25.3,971.5,84.0,NO_FAULT,,0.264,0.0,INFO,0.0,5,ACCEPT,humidity_pct,70.3,"At 01 Sep 2026, 09:04:45 the station is operating normally. All detectors agree that this sample is consistent with healthy operation."
2026-09-01T09:04:50,25.3,971.5,84.2,NO_FAULT,,0.259,0.0,INFO,0.0,5,ACCEPT,humidity_pct,68.6,"At 01 Sep 2026, 09:04:50 the station is operating normally. All detectors agree that this sample is consistent with healthy operation."
2026-09-01T09:04:55,25.3,971.5,84.2,NO_FAULT,,0.253,0.0,INFO,0.0,5,ACCEPT,humidity_pct,68.6,"At 01 Sep 2026, 09:04:55 the station is operating normally. All detectors agree that this sample is consistent with healthy operation."
2026-09-01T09:05:00,25.3,971.5,84.2,NO_FAULT,,0.253,0.0,INFO,0.0,5,ACCEPT,humidity_pct,68.6,"At 01 Sep 2026, 09:05:00 the station is operating normally. All detectors agree that this sample is consistent with healthy operation."
2026-09-01T09:05:05,25.3,971.5,84.2,NO_FAULT,,0.253,0.0,INFO,0.0,5,ACCEPT,humidity_pct,68.6,"At 01 Sep 2026, 09:05:05 the station is operating normally. All detectors agree that this sample is consistent with healthy operation."
2026-09-01T09:05:10,25.3,971.5,84.2,NO_FAULT,,0.253,0.0,INFO,0.0,5,ACCEPT,humidity_pct,68.6,"At 01 Sep 2026, 09:05:10 the station is operating normally. All detectors agree that this sample is consistent with healthy operation."
2026-09-01T09:05:15,25.3,971.5,84.2,NO_FAULT,,0.313,0.0,INFO,0.0,5,ACCEPT,humidity_pct,68.6,"At 01 Sep 2026, 09:05:15 the station is operating normally. All detectors agree that this sample is consistent with healthy operation."
2026-09-01T09:05:20,25.3,971.5,84.2,NO_FAULT,,0.313,0.0,INFO,0.0,5,ACCEPT,humidity_pct,68.6,"At 01 Sep 2026, 09:05:20 the station is operating normally. All detectors agree that this sample is consistent with healthy operation."
2026-09-01T09:05:25,25.3,971.5,84.2,NO_FAULT,,0.313,0.0,INFO,0.0,5,ACCEPT,humidity_pct,68.6,"At 01 Sep 2026, 09:05:25 the station is operating normally. All detectors agree that this sample is consistent with healthy operation."
2026-09-01T09:05:30,25.3,971.5,84.2,NO_FAULT,,0.313,0.0,INFO,0.0,5,ACCEPT,humidity_pct,68.6,"At 01 Sep 2026, 09:05:30 the station is operating normally. All detectors agree that this sample is consistent with healthy operation."
2026-09-01T09:05:35,25.3,971.5,84.2,NO_FAULT,,0.313,0.0,INFO,0.0,5,ACCEPT,humidity_pct,68.6,"At 01 Sep 2026, 09:05:35 the station is operating normally. All detectors agree that this sample is consistent with healthy operation."
2026-09-01T09:05:40,25.3,971.5,84.2,NO_FAULT,,0.313,0.0,INFO,0.0,5,ACCEPT,humidity_pct,68.6,"At 01 Sep 2026, 09:05:40 the station is operating normally. All detectors agree that this sample is consistent with healthy operation."
2026-09-01T09:05:45,25.2,971.5,84.6,NO_FAULT,,0.314,0.0,INFO,0.0,5,ACCEPT,humidity_pct,70.7,"At 01 Sep 2026, 09:05:45 the station is operating normally. All detectors agree that this sample is consistent with healthy operation."
2026-09-01T09:05:50,25.3,971.5,84.6,NO_FAULT,,0.316,0.0,INFO,0.0,5,ACCEPT,humidity_pct,64.7,"At 01 Sep 2026, 09:05:50 the station is operating normally. All detectors agree that this sample is consistent with healthy operation."
2026-09-01T09:05:55,25.3,971.5,84.6,NO_FAULT,,0.307,0.0,INFO,0.0,5,ACCEPT,humidity_pct,64.7,"At 01 Sep 2026, 09:05:55 the station is operating normally. All detectors agree that this sample is consistent with healthy operation."
2026-09-01T09:06:00,25.2,971.5,84.8,NO_FAULT,,0.307,0.0,INFO,0.0,5,ACCEPT,humidity_pct,68.8,"At 01 Sep 2026, 09:06:00 the station is operating normally. All detectors agree that this sample is consistent with healthy operation."
2026-09-01T09:06:05,25.2,963.668840439284,85.0,SPIKE,pressure_hpa,1.0,0.811,LOW,34.2,4,REJECT_SAMPLE,pressure_hpa,84.6,"At 01 Sep 2026, 09:06:05 the system diagnosed a sensor spike / noise burst affecting Barometric pressure. A single sample jumped far beyond anything this channel does naturally and then returned. That is the signature of an electrical impulse or a loose connection, not a real change in the weather. The clearest indicator: Barometric pressure jumped 7.83 hPa in one sampling interval - 39.2x the largest movement ever seen on this channel in healthy data. Barometric pressure carries 85% of the statistical attribution, reading 963.67 hPa (25.1 sigma below its normal level). 3 of 3 independent detectors flagged this sample. Inspect cabling, connectors and grounding at the sensor head."
2026-09-01T09:06:10,25.2,971.5,85.1,DRIFT,humidity_pct,0.862,0.845,MODERATE,47.5,3,FLAG_SUSPECT,humidity_pct,65.8,"At 01 Sep 2026, 09:06:10 the system diagnosed a calibration drift affecting Relative humidity. The channel is slowly and consistently moving away from its calibrated baseline. Readings still look plausible, which is what makes drift dangerous - it quietly biases every observation until the sensor is recalibrated. The clearest indicator: Relative humidity has averaged 83.90 %RH over the last 20 samples, 5.9 sigma away from its calibrated baseline of 95.50 %RH. Relative humidity carries 66% of the statistical attribution, reading 85.10 %RH (5.2 sigma below its normal level). 2 of 3 independent detectors flagged this sample. Schedule a calibration check against a reference instrument."
2026-09-01T09:06:15,25.2,971.5,85.1,NO_FAULT,,0.235,0.0,INFO,0.0,5,ACCEPT,humidity_pct,65.8,"At 01 Sep 2026, 09:06:15 the station is operating normally. All detectors agree that this sample is consistent with healthy operation."
2026-09-01T09:06:20,25.2,975.779825452838,85.1,SPIKE,pressure_hpa,1.0,0.787,LOW,28.5,4,REJECT_SAMPLE,pressure_hpa,87.5,"At 01 Sep 2026, 09:06:20 the system diagnosed a sensor spike / noise burst affecting Barometric pressure. A single sample jumped far beyond anything this channel does naturally and then returned. That is the signature of an electrical impulse or a loose connection, not a real change in the weather. The clearest indicator: Barometric pressure jumped 4.28 hPa in one sampling interval - 21.4x the largest movement ever seen on this channel in healthy data. Barometric pressure carries 88% of the statistical attribution, reading 975.78 hPa (15.8 sigma above its normal level). 3 of 3 independent detectors flagged this sample. Inspect cabling, connectors and grounding at the sensor head."
2026-09-01T09:06:25,25.2,971.5,85.0,NO_FAULT,,0.461,0.0,INFO,0.0,5,ACCEPT,humidity_pct,66.8,"At 01 Sep 2026, 09:06:25 the station is operating normally. All detectors agree that this sample is consistent with healthy operation."
2026-09-01T09:06:30,25.2,971.5,85.0,NO_FAULT,,0.236,0.0,INFO,0.0,5,ACCEPT,humidity_pct,66.8,"At 01 Sep 2026, 09:06:30 the station is operating normally. All detectors agree that this sample is consistent with healthy operation."
2026-09-01T09:06:35,25.2,971.5,85.1,NO_FAULT,,0.238,0.0,INFO,0.0,5,ACCEPT,humidity_pct,65.8,"At 01 Sep 2026, 09:06:35 the station is operating normally. All detectors agree that this sample is consistent with healthy operation."
2026-09-01T09:06:40,25.433300175206593,971.5,85.2,NO_FAULT,,0.271,0.0,INFO,0.0,5,ACCEPT,temperature_c,52.2,"At 01 Sep 2026, 09:06:40 the station is operating normally. All detectors agree that this sample is consistent with healthy operation."
2026-09-01T09:06:45,25.76660035041319,971.5,85.3,NO_FAULT,,0.368,0.0,INFO,0.0,5,ACCEPT,temperature_c,71.0,"At 01 Sep 2026, 09:06:45 the station is operating normally. All detectors agree that this sample is consistent with healthy operation."
2026-09-01T09:06:50,25.99990052561978,971.6,85.3,DRIFT,temperature_c,0.746,0.818,MODERATE,48.3,3,FLAG_SUSPECT,temperature_c,77.4,"At 01 Sep 2026, 09:06:50 the system diagnosed a calibration drift affecting Temperature. The channel is slowly and consistently moving away from its calibrated baseline. Readings still look plausible, which is what makes drift dangerous - it quietly biases every observation until the sensor is recalibrated. The clearest indicator: Temperature has averaged 25.32 degC over the last 20 samples, 5.1 sigma away from its calibrated baseline of 23.60 degC. Temperature carries 77% of the statistical attribution, reading 26.00 degC (7.0 sigma above its normal level). 2 of 3 independent detectors flagged this sample. Schedule a calibration check against a reference instrument."
2026-09-01T09:06:55,26.233200700826373,971.6,85.3,DRIFT,temperature_c,0.786,0.847,MODERATE,48.5,3,FLAG_SUSPECT,temperature_c,81.3,"At 01 Sep 2026, 09:06:55 the system diagnosed a calibration drift affecting Temperature. The channel is slowly and consistently moving away from its calibrated baseline. Readings still look plausible, which is what makes drift dangerous - it quietly biases every observation until the sensor is recalibrated. The clearest indicator: The movement is consistently upward (61% of the travel is net displacement, about +17.83 degC/hour), which separates calibration drift from random fluctuation. Temperature carries 81% of the statistical attribution, reading 26.23 degC (7.7 sigma above its normal level). 2 of 3 independent detectors flagged this sample. Schedule a calibration check against a reference instrument."
2026-09-01T09:07:00,26.36650087603297,971.6,85.4,DRIFT,temperature_c,0.811,0.874,MODERATE,54.8,3,FLAG_SUSPECT,temperature_c,80.5,"At 01 Sep 2026, 09:07:00 the system diagnosed a calibration drift affecting Temperature. The channel is slowly and consistently moving away from its calibrated baseline. Readings still look plausible, which is what makes drift dangerous - it quietly biases every observation until the sensor is recalibrated. The clearest indicator: The movement is consistently upward (68% of the travel is net displacement, about +27.77 degC/hour), which separates calibration drift from random fluctuation. Temperature carries 81% of the statistical attribution, reading 26.37 degC (8.1 sigma above its normal level). 2 of 3 independent detectors flagged this sample. Schedule a calibration check against a reference instrument."
2026-09-01T09:07:05,26.69980105123956,971.6,85.4,DRIFT,temperature_c,0.909,0.957,MODERATE,57.2,3,FLAG_SUSPECT,temperature_c,81.1,"At 01 Sep 2026, 09:07:05 the system diagnosed a calibration drift affecting Temperature. The channel is slowly and consistently moving away from its calibrated baseline. Readings still look plausible, which is what makes drift dangerous - it quietly biases every observation until the sensor is recalibrated. The clearest indicator: The movement is consistently upward (69% of the travel is net displacement, about +38.43 degC/hour), which separates calibration drift from random fluctuation. Temperature carries 81% of the statistical attribution, reading 26.70 degC (9.1 sigma above its normal level). 3 of 3 independent detectors flagged this sample. Schedule a calibration check against a reference instrument."
2026-09-01T09:07:10,26.933101226446155,971.6,85.4,DRIFT,temperature_c,0.845,0.895,MODERATE,59.6,3,FLAG_SUSPECT,temperature_c,81.9,"At 01 Sep 2026, 09:07:10 the system diagnosed a calibration drift affecting Temperature. The channel is slowly and consistently moving away from its calibrated baseline. Readings still look plausible, which is what makes drift dangerous - it quietly biases every observation until the sensor is recalibrated. The clearest indicator: The movement is consistently upward (75% of the travel is net displacement, about +51.52 degC/hour), which separates calibration drift from random fluctuation. Temperature carries 82% of the statistical attribution, reading 26.93 degC (9.7 sigma above its normal level). 2 of 3 independent detectors flagged this sample. Schedule a calibration check against a reference instrument."
2026-09-01T09:07:15,27.16640140165275,971.6,85.4,DRIFT,temperature_c,0.855,0.904,HIGH,60.1,2,FLAG_SUSPECT,temperature_c,82.9,"At 01 Sep 2026, 09:07:15 the system diagnosed a calibration drift affecting Temperature. The channel is slowly and consistently moving away from its calibrated baseline. Readings still look plausible, which is what makes drift dangerous - it quietly biases every observation until the sensor is recalibrated. The clearest indicator: The movement is consistently upward (79% of the travel is net displacement, about +65.24 degC/hour), which separates calibration drift from random fluctuation. Temperature carries 83% of the statistical attribution, reading 27.17 degC (10.4 sigma above its normal level). 2 of 3 independent detectors flagged this sample. Schedule a calibration check against a reference instrument."
2026-09-01T09:07:20,27.399701576859343,971.6,85.5,DRIFT,temperature_c,0.93,0.984,HIGH,60.6,2,FLAG_SUSPECT,temperature_c,83.7,"At 01 Sep 2026, 09:07:20 the system diagnosed a calibration drift affecting Temperature. The channel is slowly and consistently moving away from its calibrated baseline. Readings still look plausible, which is what makes drift dangerous - it quietly biases every observation until the sensor is recalibrated. The clearest indicator: Temperature has averaged 25.77 degC over the last 20 samples, 6.4 sigma away from its calibrated baseline of 23.60 degC. Temperature carries 84% of the statistical attribution, reading 27.40 degC (11.1 sigma above its normal level). 3 of 3 independent detectors flagged this sample. Schedule a calibration check against a reference instrument."
2026-09-01T09:07:25,27.633001752065933,971.6,85.5,DRIFT,temperature_c,0.88,0.84,HIGH,61.3,2,FLAG_SUSPECT,temperature_c,84.6,"At 01 Sep 2026, 09:07:25 the system diagnosed a calibration drift affecting Temperature. The channel is slowly and consistently moving away from its calibrated baseline. Readings still look plausible, which is what makes drift dangerous - it quietly biases every observation until the sensor is recalibrated. The clearest indicator: Temperature has averaged 25.89 degC over the last 20 samples, 6.8 sigma away from its calibrated baseline of 23.60 degC. Temperature carries 85% of the statistical attribution, reading 27.63 degC (11.8 sigma above its normal level). 2 of 3 independent detectors flagged this sample. Schedule a calibration check against a reference instrument."
2026-09-01T09:07:30,27.866301927272527,971.6,85.6,DRIFT,temperature_c,0.887,0.845,HIGH,61.9,2,FLAG_SUSPECT,temperature_c,85.4,"At 01 Sep 2026, 09:07:30 the system diagnosed a calibration drift affecting Temperature. The channel is slowly and consistently moving away from its calibrated baseline. Readings still look plausible, which is what makes drift dangerous - it quietly biases every observation until the sensor is recalibrated. The clearest indicator: Temperature has averaged 26.01 degC over the last 20 samples, 7.2 sigma away from its calibrated baseline of 23.60 degC. Temperature carries 85% of the statistical attribution, reading 27.87 degC (12.5 sigma above its normal level). 2 of 3 independent detectors flagged this sample. Schedule a calibration check against a reference instrument."
2026-09-01T09:07:35,28.19960210247912,971.6,85.9,DRIFT,temperature_c,0.894,0.839,HIGH,62.7,2,FLAG_SUSPECT,temperature_c,86.4,"At 01 Sep 2026, 09:07:35 the system diagnosed a calibration drift affecting Temperature. The channel is slowly and consistently moving away from its calibrated baseline. Readings still look plausible, which is what makes drift dangerous - it quietly biases every observation until the sensor is recalibrated. The clearest indicator: Temperature has averaged 26.16 degC over the last 20 samples, 7.6 sigma away from its calibrated baseline of 23.60 degC. Temperature carries 86% of the statistical attribution, reading 28.20 degC (13.4 sigma above its normal level). 2 of 3 independent detectors flagged this sample. Schedule a calibration check against a reference instrument."
2026-09-01T09:07:40,28.432902277685713,971.6,85.9,DRIFT,temperature_c,0.886,0.836,HIGH,63.6,2,FLAG_SUSPECT,temperature_c,87.1,"At 01 Sep 2026, 09:07:40 the system diagnosed a calibration drift affecting Temperature. The channel is slowly and consistently moving away from its calibrated baseline. Readings still look plausible, which is what makes drift dangerous - it quietly biases every observation until the sensor is recalibrated. The clearest indicator: Temperature has averaged 26.32 degC over the last 20 samples, 8.1 sigma away from its calibrated baseline of 23.60 degC. Temperature carries 87% of the statistical attribution, reading 28.43 degC (14.1 sigma above its normal level). 2 of 3 independent detectors flagged this sample. Schedule a calibration check against a reference instrument."
2026-09-01T09:07:45,28.666202452892307,971.6,85.9,DRIFT,temperature_c,0.886,0.832,HIGH,64.5,2,FLAG_SUSPECT,temperature_c,87.7,"At 01 Sep 2026, 09:07:45 the system diagnosed a calibration drift affecting Temperature. The channel is slowly and consistently moving away from its calibrated baseline. Readings still look plausible, which is what makes drift dangerous - it quietly biases every observation until the sensor is recalibrated. The clearest indicator: Temperature has averaged 26.49 degC over the last 20 samples, 8.6 sigma away from its calibrated baseline of 23.60 degC. Temperature carries 88% of the statistical attribution, reading 28.67 degC (14.8 sigma above its normal level). 2 of 3 independent detectors flagged this sample. Schedule a calibration check against a reference instrument."
2026-09-01T09:07:50,28.8995026280989,971.6,85.7,DRIFT,temperature_c,0.887,0.829,HIGH,65.4,2,FLAG_SUSPECT,temperature_c,88.3,"At 01 Sep 2026, 09:07:50 the system diagnosed a calibration drift affecting Temperature. The channel is slowly and consistently moving away from its calibrated baseline. Readings still look plausible, which is what makes drift dangerous - it quietly biases every observation until the sensor is recalibrated. The clearest indicator: Temperature has averaged 26.68 degC over the last 20 samples, 9.2 sigma away from its calibrated baseline of 23.60 degC. Temperature carries 88% of the statistical attribution, reading 28.90 degC (15.5 sigma above its normal level). 2 of 3 independent detectors flagged this sample. Schedule a calibration check against a reference instrument."
2026-09-01T09:07:55,29.13280280330549,971.6,85.3,DRIFT,temperature_c,0.888,0.826,HIGH,66.4,2,FLAG_SUSPECT,temperature_c,89.0,"At 01 Sep 2026, 09:07:55 the system diagnosed a calibration drift affecting Temperature. The channel is slowly and consistently moving away from its calibrated baseline. Readings still look plausible, which is what makes drift dangerous - it quietly biases every observation until the sensor is recalibrated. The clearest indicator: Temperature has averaged 26.88 degC over the last 20 samples, 9.7 sigma away from its calibrated baseline of 23.60 degC. Temperature carries 89% of the statistical attribution, reading 29.13 degC (16.2 sigma above its normal level). 2 of 3 independent detectors flagged this sample. Schedule a calibration check against a reference instrument."
2026-09-01T09:08:00,29.366102978512085,971.6,85.1,DRIFT,temperature_c,0.889,0.823,HIGH,67.5,2,FLAG_SUSPECT,temperature_c,89.5,"At 01 Sep 2026, 09:08:00 the system diagnosed a calibration drift affecting Temperature. The channel is slowly and consistently moving away from its calibrated baseline. Readings still look plausible, which is what makes drift dangerous - it quietly biases every observation until the sensor is recalibrated. The clearest indicator: Temperature has averaged 27.08 degC over the last 20 samples, 10.4 sigma away from its calibrated baseline of 23.60 degC. Temperature carries 89% of the statistical attribution, reading 29.37 degC (16.9 sigma above its normal level). 2 of 3 independent detectors flagged this sample. Schedule a calibration check against a reference instrument."
2026-09-01T09:08:05,29.59940315371868,971.6,85.0,DRIFT,temperature_c,0.89,0.82,HIGH,68.7,2,FLAG_SUSPECT,temperature_c,89.9,"At 01 Sep 2026, 09:08:05 the system diagnosed a calibration drift affecting Temperature. The channel is slowly and consistently moving away from its calibrated baseline. Readings still look plausible, which is what makes drift dangerous - it quietly biases every observation until the sensor is recalibrated. The clearest indicator: Temperature has averaged 27.30 degC over the last 20 samples, 11.0 sigma away from its calibrated baseline of 23.60 degC. Temperature carries 90% of the statistical attribution, reading 29.60 degC (17.5 sigma above its normal level). 2 of 3 independent detectors flagged this sample. Schedule a calibration check against a reference instrument."
2026-09-01T09:08:10,29.832703328925273,971.6,85.1,DRIFT,temperature_c,0.889,0.816,HIGH,69.9,2,FLAG_SUSPECT,temperature_c,90.3,"At 01 Sep 2026, 09:08:10 the system diagnosed a calibration drift affecting Temperature. The channel is slowly and consistently moving away from its calibrated baseline. Readings still look plausible, which is what makes drift dangerous - it quietly biases every observation until the sensor is recalibrated. The clearest indicator: Temperature has averaged 27.54 degC over the last 20 samples, 11.7 sigma away from its calibrated baseline of 23.60 degC. Temperature carries 90% of the statistical attribution, reading 29.83 degC (18.2 sigma above its normal level). 2 of 3 independent detectors flagged this sample. Schedule a calibration check against a reference instrument."
2026-09-01T09:08:15,30.066003504131867,971.6,85.2,DRIFT,temperature_c,0.888,0.812,HIGH,71.2,2,FLAG_SUSPECT,temperature_c,90.7,"At 01 Sep 2026, 09:08:15 the system diagnosed a calibration drift affecting Temperature. The channel is slowly and consistently moving away from its calibrated baseline. Readings still look plausible, which is what makes drift dangerous - it quietly biases every observation until the sensor is recalibrated. The clearest indicator: Temperature has averaged 27.79 degC over the last 20 samples, 12.4 sigma away from its calibrated baseline of 23.60 degC. Temperature carries 91% of the statistical attribution, reading 30.07 degC (18.9 sigma above its normal level). 2 of 3 independent detectors flagged this sample. Schedule a calibration check against a reference instrument."
2026-09-01T09:08:20,30.299303679338458,971.6,85.4,DRIFT,temperature_c,0.888,0.811,HIGH,72.5,2,FLAG_SUSPECT,temperature_c,91.0,"At 01 Sep 2026, 09:08:20 the system diagnosed a calibration drift affecting Temperature. The channel is slowly and consistently moving away from its calibrated baseline. Readings still look plausible, which is what makes drift dangerous - it quietly biases every observation until the sensor is recalibrated. The clearest indicator: Temperature has averaged 28.03 degC over the last 20 samples, 13.2 sigma away from its calibrated baseline of 23.60 degC. Temperature carries 91% of the statistical attribution, reading 30.30 degC (19.6 sigma above its normal level). 2 of 3 independent detectors flagged this sample. Schedule a calibration check against a reference instrument."
2026-09-01T09:08:25,30.632603854545053,971.6,85.4,DRIFT,temperature_c,0.956,0.811,HIGH,73.5,2,FLAG_SUSPECT,temperature_c,91.5,"At 01 Sep 2026, 09:08:25 the system diagnosed a calibration drift affecting Temperature. The channel is slowly and consistently moving away from its calibrated baseline. Readings still look plausible, which is what makes drift dangerous - it quietly biases every observation until the sensor is recalibrated. The clearest indicator: Temperature has averaged 28.27 degC over the last 20 samples, 13.9 sigma away from its calibrated baseline of 23.60 degC. Temperature carries 91% of the statistical attribution, reading 30.63 degC (20.6 sigma above its normal level). 3 of 3 independent detectors flagged this sample. Schedule a calibration check against a reference instrument."
2026-09-01T09:08:30,30.865904029751647,971.6,85.4,DRIFT,temperature_c,0.948,0.811,HIGH,73.5,2,FLAG_SUSPECT,temperature_c,91.8,"At 01 Sep 2026, 09:08:30 the system diagnosed a calibration drift affecting Temperature. The channel is slowly and consistently moving away from its calibrated baseline. Readings still look plausible, which is what makes drift dangerous - it quietly biases every observation until the sensor is recalibrated. The clearest indicator: Temperature has averaged 28.51 degC over the last 20 samples, 14.6 sigma away from its calibrated baseline of 23.60 degC. Temperature carries 92% of the statistical attribution, reading 30.87 degC (21.2 sigma above its normal level). 3 of 3 independent detectors flagged this sample. Schedule a calibration check against a reference instrument."
2026-09-01T09:08:35,31.09920420495824,971.6,85.4,DRIFT,temperature_c,0.948,0.811,HIGH,73.5,2,FLAG_SUSPECT,temperature_c,92.0,"At 01 Sep 2026, 09:08:35 the system diagnosed a calibration drift affecting Temperature. The channel is slowly and consistently moving away from its calibrated baseline. Readings still look plausible, which is what makes drift dangerous - it quietly biases every observation until the sensor is recalibrated. The clearest indicator: Temperature has averaged 28.76 degC over the last 20 samples, 15.3 sigma away from its calibrated baseline of 23.60 degC. Temperature carries 92% of the statistical attribution, reading 31.10 degC (21.9 sigma above its normal level). 3 of 3 independent detectors flagged this sample. Schedule a calibration check against a reference instrument."
2026-09-01T09:08:40,31.332504380164835,971.6,85.3,DRIFT,temperature_c,0.948,0.811,HIGH,73.5,2,FLAG_SUSPECT,temperature_c,92.3,"At 01 Sep 2026, 09:08:40 the system diagnosed a calibration drift affecting Temperature. The channel is slowly and consistently moving away from its calibrated baseline. Readings still look plausible, which is what makes drift dangerous - it quietly biases every observation until the sensor is recalibrated. The clearest indicator: Temperature has averaged 29.01 degC over the last 20 samples, 16.1 sigma away from its calibrated baseline of 23.60 degC. Temperature carries 92% of the statistical attribution, reading 31.33 degC (22.6 sigma above its normal level). 3 of 3 independent detectors flagged this sample. Schedule a calibration check against a reference instrument."
2026-09-01T09:08:45,31.56580455537143,971.6,85.3,DRIFT,temperature_c,0.948,0.811,HIGH,73.5,2,FLAG_SUSPECT,temperature_c,92.6,"At 01 Sep 2026, 09:08:45 the system diagnosed a calibration drift affecting Temperature. The channel is slowly and consistently moving away from its calibrated baseline. Readings still look plausible, which is what makes drift dangerous - it quietly biases every observation until the sensor is recalibrated. The clearest indicator: Temperature has averaged 29.25 degC over the last 20 samples, 16.8 sigma away from its calibrated baseline of 23.60 degC. Temperature carries 93% of the statistical attribution, reading 31.57 degC (23.3 sigma above its normal level). 3 of 3 independent detectors flagged this sample. Schedule a calibration check against a reference instrument."
2026-09-01T09:08:50,31.799104730578023,971.6,84.9,DRIFT,temperature_c,0.95,0.811,HIGH,73.5,2,FLAG_SUSPECT,temperature_c,92.8,"At 01 Sep 2026, 09:08:50 the system diagnosed a calibration drift affecting Temperature. The channel is slowly and consistently moving away from its calibrated baseline. Readings still look plausible, which is what makes drift dangerous - it quietly biases every observation until the sensor is recalibrated. The clearest indicator: Temperature has averaged 29.49 degC over the last 20 samples, 17.5 sigma away from its calibrated baseline of 23.60 degC. Temperature carries 93% of the statistical attribution, reading 31.80 degC (24.0 sigma above its normal level). 3 of 3 independent detectors flagged this sample. Schedule a calibration check against a reference instrument."
2026-09-01T09:08:55,32.03240490578462,971.6,84.7,DRIFT,temperature_c,0.951,0.811,HIGH,73.5,2,FLAG_SUSPECT,temperature_c,93.1,"At 01 Sep 2026, 09:08:55 the system diagnosed a calibration drift affecting Temperature. The channel is slowly and consistently moving away from its calibrated baseline. Readings still look plausible, which is what makes drift dangerous - it quietly biases every observation until the sensor is recalibrated. The clearest indicator: Temperature has averaged 29.74 degC over the last 20 samples, 18.2 sigma away from its calibrated baseline of 23.60 degC. Temperature carries 93% of the statistical attribution, reading 32.03 degC (24.7 sigma above its normal level). 3 of 3 independent detectors flagged this sample. Schedule a calibration check against a reference instrument."
2026-09-01T09:09:00,32.26570508099121,971.6,84.5,DRIFT,temperature_c,0.952,0.811,HIGH,73.5,2,FLAG_SUSPECT,temperature_c,93.3,"At 01 Sep 2026, 09:09:00 the system diagnosed a calibration drift affecting Temperature. The channel is slowly and consistently moving away from its calibrated baseline. Readings still look plausible, which is what makes drift dangerous - it quietly biases every observation until the sensor is recalibrated. The clearest indicator: Temperature has averaged 29.98 degC over the last 20 samples, 19.0 sigma away from its calibrated baseline of 23.60 degC. Temperature carries 93% of the statistical attribution, reading 32.27 degC (25.3 sigma above its normal level). 3 of 3 independent detectors flagged this sample. Schedule a calibration check against a reference instrument."
2026-09-01T09:09:05,32.499005256197805,971.6,84.5,DRIFT,temperature_c,0.952,0.811,HIGH,73.5,2,FLAG_SUSPECT,temperature_c,93.5,"At 01 Sep 2026, 09:09:05 the system diagnosed a calibration drift affecting Temperature. The channel is slowly and consistently moving away from its calibrated baseline. Readings still look plausible, which is what makes drift dangerous - it quietly biases every observation until the sensor is recalibrated. The clearest indicator: Temperature has averaged 30.23 degC over the last 20 samples, 19.7 sigma away from its calibrated baseline of 23.60 degC. Temperature carries 93% of the statistical attribution, reading 32.50 degC (26.0 sigma above its normal level). 3 of 3 independent detectors flagged this sample. Schedule a calibration check against a reference instrument."
2026-09-01T09:09:10,32.7323054314044,971.6,84.7,DRIFT,temperature_c,0.951,0.811,HIGH,73.5,2,FLAG_SUSPECT,temperature_c,93.6,"At 01 Sep 2026, 09:09:10 the system diagnosed a calibration drift affecting Temperature. The channel is slowly and consistently moving away from its calibrated baseline. Readings still look plausible, which is what makes drift dangerous - it quietly biases every observation until the sensor is recalibrated. The clearest indicator: Temperature has averaged 30.47 degC over the last 20 samples, 20.4 sigma away from its calibrated baseline of 23.60 degC. Temperature carries 94% of the statistical attribution, reading 32.73 degC (26.7 sigma above its normal level). 3 of 3 independent detectors flagged this sample. Schedule a calibration check against a reference instrument."
2026-09-01T09:09:15,32.965605606610985,971.6,84.8,DRIFT,temperature_c,0.951,0.811,HIGH,73.5,2,FLAG_SUSPECT,temperature_c,93.8,"At 01 Sep 2026, 09:09:15 the system diagnosed a calibration drift affecting Temperature. The channel is slowly and consistently moving away from its calibrated baseline. Readings still look plausible, which is what makes drift dangerous - it quietly biases every observation until the sensor is recalibrated. The clearest indicator: Temperature has averaged 30.70 degC over the last 20 samples, 21.1 sigma away from its calibrated baseline of 23.60 degC. Temperature carries 94% of the statistical attribution, reading 32.97 degC (27.4 sigma above its normal level). 3 of 3 independent detectors flagged this sample. Schedule a calibration check against a reference instrument."
2026-09-01T09:09:20,25.5,971.6,84.9,SPIKE,temperature_c,1.0,0.933,LOW,31.2,4,REJECT_SAMPLE,temperature_c,54.7,"At 01 Sep 2026, 09:09:20 the system diagnosed a sensor spike / noise burst affecting Temperature. A single sample jumped far beyond anything this channel does naturally and then returned. That is the signature of an electrical impulse or a loose connection, not a real change in the weather. The clearest indicator: Temperature jumped 7.47 degC in one sampling interval - 37.3x the largest movement ever seen on this channel in healthy data. Temperature carries 55% of the statistical attribution, reading 25.50 degC (5.6 sigma above its normal level). 3 of 3 independent detectors flagged this sample. Inspect cabling, connectors and grounding at the sensor head."
2026-09-01T09:09:25,25.6,971.6,84.9,NO_FAULT,,0.404,0.0,INFO,0.0,5,ACCEPT,temperature_c,60.3,"At 01 Sep 2026, 09:09:25 the station is operating normally. All detectors agree that this sample is consistent with healthy operation."
2026-09-01T09:09:30,25.6,971.6,85.0,NO_FAULT,,0.398,0.0,INFO,0.0,5,ACCEPT,temperature_c,61.4,"At 01 Sep 2026, 09:09:30 the station is operating normally. All detectors agree that this sample is consistent with healthy operation."
2026-09-01T09:09:35,25.6,971.6,85.0,NO_FAULT,,0.395,0.0,INFO,0.0,5,ACCEPT,temperature_c,61.4,"At 01 Sep 2026, 09:09:35 the station is operating normally. All detectors agree that this sample is consistent with healthy operation."
2026-09-01T09:09:40,25.6,971.6,84.9,NO_FAULT,,0.399,0.0,INFO,0.0,5,ACCEPT,temperature_c,60.3,"At 01 Sep 2026, 09:09:40 the station is operating normally. All detectors agree that this sample is consistent with healthy operation."
2026-09-01T09:09:45,25.6,971.6,85.0,NO_FAULT,,0.398,0.0,INFO,0.0,5,ACCEPT,temperature_c,61.4,"At 01 Sep 2026, 09:09:45 the station is operating normally. All detectors agree that this sample is consistent with healthy operation."
2026-09-01T09:09:50,25.6,971.6,84.9,NO_FAULT,,0.399,0.0,INFO,0.0,5,ACCEPT,temperature_c,60.3,"At 01 Sep 2026, 09:09:50 the station is operating normally. All detectors agree that this sample is consistent with healthy operation."
2026-09-01T09:09:55,25.6,971.6,84.8,NO_FAULT,,0.4,0.0,INFO,0.0,5,ACCEPT,temperature_c,59.2,"At 01 Sep 2026, 09:09:55 the station is operating normally. All detectors agree that this sample is consistent with healthy operation."
2026-09-01T09:10:00,25.6,971.6,84.8,DRIFT,temperature_c,0.847,0.955,HIGH,73.5,2,FLAG_SUSPECT,temperature_c,59.2,"At 01 Sep 2026, 09:10:00 the system diagnosed a calibration drift affecting Temperature. The channel is slowly and consistently moving away from its calibrated baseline. Readings still look plausible, which is what makes drift dangerous - it quietly biases every observation until the sensor is recalibrated. The clearest indicator: Temperature has averaged 29.00 degC over the last 20 samples, 16.1 sigma away from its calibrated baseline of 23.60 degC. Temperature carries 59% of the statistical attribution, reading 25.60 degC (5.8 sigma above its normal level). 3 of 3 independent detectors flagged this sample. Schedule a calibration check against a reference instrument."
2026-09-01T09:10:05,25.6,971.6,84.8,DRIFT,temperature_c,0.857,0.964,HIGH,73.5,2,FLAG_SUSPECT,temperature_c,59.2,"At 01 Sep 2026, 09:10:05 the system diagnosed a calibration drift affecting Temperature. The channel is slowly and consistently moving away from its calibrated baseline. Readings still look plausible, which is what makes drift dangerous - it quietly biases every observation until the sensor is recalibrated. The clearest indicator: Temperature has averaged 28.75 degC over the last 20 samples, 15.3 sigma away from its calibrated baseline of 23.60 degC. Temperature carries 59% of the statistical attribution, reading 25.60 degC (5.8 sigma above its normal level). 3 of 3 independent detectors flagged this sample. Schedule a calibration check against a reference instrument."
2026-09-01T09:10:10,25.7,976.9874792181394,85.0,SPIKE,pressure_hpa,1.0,0.611,LOW,31.3,4,REJECT_SAMPLE,pressure_hpa,84.6,"At 01 Sep 2026, 09:10:10 the system diagnosed a sensor spike / noise burst affecting Barometric pressure. A single sample jumped far beyond anything this channel does naturally and then returned. That is the signature of an electrical impulse or a loose connection, not a real change in the weather. The clearest indicator: Barometric pressure jumped 5.39 hPa in one sampling interval - 26.9x the largest movement ever seen on this channel in healthy data. Barometric pressure carries 85% of the statistical attribution, reading 976.99 hPa (19.9 sigma above its normal level). 3 of 3 independent detectors flagged this sample. The next most likely explanation was calibration drift (score 0.92 against 1.00), so this diagnosis is not clear-cut. Inspect cabling, connectors and grounding at the sensor head."
2026-09-01T09:10:15,25.7,976.9874792181394,85.1,DRIFT,pressure_hpa|temperature_c,0.879,0.792,CRITICAL,87.0,1,FLAG_SUSPECT,pressure_hpa,84.6,"At 01 Sep 2026, 09:10:15 the system diagnosed a calibration drift affecting Barometric pressure, Temperature. The channel is slowly and consistently moving away from its calibrated baseline. Readings still look plausible, which is what makes drift dangerous - it quietly biases every observation until the sensor is recalibrated. The clearest indicator: Temperature has averaged 28.22 degC over the last 20 samples, 13.7 sigma away from its calibrated baseline of 23.60 degC. Barometric pressure carries 85% of the statistical attribution, reading 976.99 hPa (19.9 sigma above its normal level). 3 of 3 independent detectors flagged this sample. Schedule a calibration check against a reference instrument."
2026-09-01T09:10:20,25.7,976.9874792181394,85.2,DRIFT,pressure_hpa|temperature_c,0.9,0.819,CRITICAL,85.2,1,FLAG_SUSPECT,pressure_hpa,84.6,"At 01 Sep 2026, 09:10:20 the system diagnosed a calibration drift affecting Barometric pressure, Temperature. The channel is slowly and consistently moving away from its calibrated baseline. Readings still look plausible, which is what makes drift dangerous - it quietly biases every observation until the sensor is recalibrated. The clearest indicator: Temperature has averaged 27.94 degC over the last 20 samples, 12.9 sigma away from its calibrated baseline of 23.60 degC. Barometric pressure carries 85% of the statistical attribution, reading 976.99 hPa (19.9 sigma above its normal level). 3 of 3 independent detectors flagged this sample. Schedule a calibration check against a reference instrument."
2026-09-01T09:10:25,25.7,976.9874792181394,85.6,DRIFT,pressure_hpa|temperature_c,0.93,0.844,CRITICAL,83.3,1,FLAG_SUSPECT,pressure_hpa,84.5,"At 01 Sep 2026, 09:10:25 the system diagnosed a calibration drift affecting Barometric pressure, Temperature. The channel is slowly and consistently moving away from its calibrated baseline. Readings still look plausible, which is what makes drift dangerous - it quietly biases every observation until the sensor is recalibrated. The clearest indicator: Temperature has averaged 27.65 degC over the last 20 samples, 12.0 sigma away from its calibrated baseline of 23.60 degC. Barometric pressure carries 85% of the statistical attribution, reading 976.99 hPa (19.9 sigma above its normal level). 3 of 3 independent detectors flagged this sample. Schedule a calibration check against a reference instrument."
2026-09-01T09:10:30,25.7,976.9874792181394,85.8,DRIFT,pressure_hpa|temperature_c,0.938,0.862,CRITICAL,81.4,1,FLAG_SUSPECT,pressure_hpa,84.5,"At 01 Sep 2026, 09:10:30 the system diagnosed a calibration drift affecting Barometric pressure, Temperature. The channel is slowly and consistently moving away from its calibrated baseline. Readings still look plausible, which is what makes drift dangerous - it quietly biases every observation until the sensor is recalibrated. The clearest indicator: Temperature has averaged 27.34 degC over the last 20 samples, 11.1 sigma away from its calibrated baseline of 23.60 degC. Barometric pressure carries 85% of the statistical attribution, reading 976.99 hPa (19.9 sigma above its normal level). 3 of 3 independent detectors flagged this sample. Schedule a calibration check against a reference instrument."
2026-09-01T09:10:35,25.7,976.9874792181394,85.8,DRIFT,pressure_hpa|temperature_c,0.944,0.877,HIGH,79.3,2,FLAG_SUSPECT,pressure_hpa,84.5,"At 01 Sep 2026, 09:10:35 the system diagnosed a calibration drift affecting Barometric pressure, Temperature. The channel is slowly and consistently moving away from its calibrated baseline. Readings still look plausible, which is what makes drift dangerous - it quietly biases every observation until the sensor is recalibrated. The clearest indicator: Temperature has averaged 27.03 degC over the last 20 samples, 10.2 sigma away from its calibrated baseline of 23.60 degC. Barometric pressure carries 85% of the statistical attribution, reading 976.99 hPa (19.9 sigma above its normal level). 3 of 3 independent detectors flagged this sample. Schedule a calibration check against a reference instrument."
2026-09-01T09:10:40,25.7,976.9874792181394,85.5,DRIFT,pressure_hpa|temperature_c,0.956,0.877,HIGH,77.2,2,FLAG_SUSPECT,pressure_hpa,84.6,"At 01 Sep 2026, 09:10:40 the system diagnosed a calibration drift affecting Barometric pressure, Temperature. The channel is slowly and consistently moving away from its calibrated baseline. Readings still look plausible, which is what makes drift dangerous - it quietly biases every observation until the sensor is recalibrated. The clearest indicator: Temperature has averaged 26.70 degC over the last 20 samples, 9.2 sigma away from its calibrated baseline of 23.60 degC. Barometric pressure carries 85% of the statistical attribution, reading 976.99 hPa (19.9 sigma above its normal level). 3 of 3 independent detectors flagged this sample. Schedule a calibration check against a reference instrument."
2026-09-01T09:10:45,25.7,976.9874792181394,84.8,DRIFT,pressure_hpa|temperature_c,0.972,0.877,HIGH,76.6,2,FLAG_SUSPECT,pressure_hpa,84.7,"At 01 Sep 2026, 09:10:45 the system diagnosed a calibration drift affecting Barometric pressure, Temperature. The channel is slowly and consistently moving away from its calibrated baseline. Readings still look plausible, which is what makes drift dangerous - it quietly biases every observation until the sensor is recalibrated. The clearest indicator: Temperature has averaged 26.36 degC over the last 20 samples, 8.2 sigma away from its calibrated baseline of 23.60 degC. Barometric pressure carries 85% of the statistical attribution, reading 976.99 hPa (19.9 sigma above its normal level). 3 of 3 independent detectors flagged this sample. Schedule a calibration check against a reference instrument."
2026-09-01T09:10:50,25.7,971.6,84.2,SPIKE,pressure_hpa,1.0,0.933,LOW,31.3,4,REJECT_SAMPLE,temperature_c,57.8,"At 01 Sep 2026, 09:10:50 the system diagnosed a sensor spike / noise burst affecting Barometric pressure. A single sample jumped far beyond anything this channel does naturally and then returned. That is the signature of an electrical impulse or a loose connection, not a real change in the weather. The clearest indicator: Barometric pressure jumped 5.39 hPa in one sampling interval - 26.9x the largest movement ever seen on this channel in healthy data. Barometric pressure carries 11% of the statistical attribution, reading 971.60 hPa (1.7 sigma above its normal level). Note that the joint-distance attribution is led by Temperature instead, because SHAP scores the level of each channel while this fault is defined by rate of change. 3 of 3 independent detectors flagged this sample. Inspect cabling, connectors and grounding at the sensor head."
2026-09-01T09:10:55,25.8,971.6,84.1,NO_FAULT,,0.37,0.0,INFO,0.0,5,ACCEPT,temperature_c,61.6,"At 01 Sep 2026, 09:10:55 the station is operating normally. All detectors agree that this sample is consistent with healthy operation."
2026-09-01T09:11:00,41.19665002005165,971.6,84.0,DRIFT,temperature_c,1.0,0.536,HIGH,62.1,2,FLAG_SUSPECT,temperature_c,96.9,"At 01 Sep 2026, 09:11:00 the system diagnosed a calibration drift affecting Temperature. The channel is slowly and consistently moving away from its calibrated baseline. Readings still look plausible, which is what makes drift dangerous - it quietly biases every observation until the sensor is recalibrated. The clearest indicator: Temperature has averaged 26.05 degC over the last 20 samples, 7.3 sigma away from its calibrated baseline of 23.60 degC. Temperature carries 97% of the statistical attribution, reading 41.20 degC (51.4 sigma above its normal level). 3 of 3 independent detectors flagged this sample. The next most likely explanation was sensor spike / noise burst (score 0.84 against 0.87), so this diagnosis is not clear-cut. Schedule a calibration check against a reference instrument."
2026-09-01T09:11:05,25.8,971.6,83.7,NO_FAULT,,0.592,0.0,INFO,0.0,5,ACCEPT,temperature_c,57.6,"At 01 Sep 2026, 09:11:05 the station is operating normally. All detectors agree that this sample is consistent with healthy operation."
2026-09-01T09:11:10,25.7,971.6,83.4,NO_FAULT,,0.433,0.0,INFO,0.0,5,ACCEPT,temperature_c,49.1,"At 01 Sep 2026, 09:11:10 the station is operating normally. All detectors agree that this sample is consistent with healthy operation."
2026-09-01T09:11:15,25.7,971.6,83.0,NO_FAULT,,0.441,0.0,INFO,0.0,5,ACCEPT,humidity_pct,50.5,"At 01 Sep 2026, 09:11:15 the station is operating normally. All detectors agree that this sample is consistent with healthy operation."
2026-09-01T09:11:20,25.7,971.6,82.8,NO_FAULT,,0.436,0.0,INFO,0.0,5,ACCEPT,humidity_pct,53.5,"At 01 Sep 2026, 09:11:20 the station is operating normally. All detectors agree that this sample is consistent with healthy operation."
2026-09-01T09:11:25,25.7,971.6,82.7,NO_FAULT,,0.434,0.0,INFO,0.0,5,ACCEPT,humidity_pct,54.9,"At 01 Sep 2026, 09:11:25 the station is operating normally. All detectors agree that this sample is consistent with healthy operation."
2026-09-01T09:11:30,25.7,964.2271897958128,82.7,SPIKE,pressure_hpa,1.0,0.815,MODERATE,40.2,3,REJECT_SAMPLE,pressure_hpa,80.2,"At 01 Sep 2026, 09:11:30 the system diagnosed a sensor spike / noise burst affecting Barometric pressure. A single sample jumped far beyond anything this channel does naturally and then returned. That is the signature of an electrical impulse or a loose connection, not a real change in the weather. The clearest indicator: Barometric pressure jumped 7.37 hPa in one sampling interval - 36.9x the largest movement ever seen on this channel in healthy data. Barometric pressure carries 80% of the statistical attribution, reading 964.23 hPa (23.2 sigma below its normal level). 3 of 3 independent detectors flagged this sample. Inspect cabling, connectors and grounding at the sensor head."
2026-09-01T09:11:35,25.7,971.6,82.7,NO_FAULT,,0.596,0.0,INFO,0.0,5,ACCEPT,humidity_pct,54.9,"At 01 Sep 2026, 09:11:35 the station is operating normally. All detectors agree that this sample is consistent with healthy operation."
2026-09-01T09:11:40,25.7,971.6,82.7,NO_FAULT,,0.431,0.0,INFO,0.0,5,ACCEPT,humidity_pct,54.9,"At 01 Sep 2026, 09:11:40 the station is operating normally. All detectors agree that this sample is consistent with healthy operation."
2026-09-01T09:11:45,25.7,971.6,82.7,NO_FAULT,,0.431,0.0,INFO,0.0,5,ACCEPT,humidity_pct,54.9,"At 01 Sep 2026, 09:11:45 the station is operating normally. All detectors agree that this sample is consistent with healthy operation."
2026-09-01T09:11:50,25.7,971.7,82.8,NO_FAULT,,0.386,0.0,INFO,0.0,5,ACCEPT,humidity_pct,45.4,"At 01 Sep 2026, 09:11:50 the station is operating normally. All detectors agree that this sample is consistent with healthy operation."
2026-09-01T09:11:55,25.7,971.6,82.9,NO_FAULT,,0.377,0.0,INFO,0.0,5,ACCEPT,humidity_pct,52.0,"At 01 Sep 2026, 09:11:55 the station is operating normally. All detectors agree that this sample is consistent with healthy operation."
